stem,split,group_id,source,visible,infrared,depth,label,num_objects,classes
000002,train,0,numeric_6digit_png,000002.png,000002.png,000002.png,000002.txt,6,0;3;8
000002_080_00000048,val,1,structured_other_png,000002_080_00000048.png,000002_080_00000048.png,000002_080_00000048.png,000002_080_00000048.txt,2,0;6
000002_081_00000001,train,2,structured_other_png,000002_081_00000001.png,000002_081_00000001.png,000002_081_00000001.png,000002_081_00000001.txt,3,0
000002_081_00000047,train,2,structured_other_png,000002_081_00000047.png,000002_081_00000047.png,000002_081_00000047.png,000002_081_00000047.txt,4,0;4
000002_081_00000185,train,2,structured_other_png,000002_081_00000185.png,000002_081_00000185.png,000002_081_00000185.png,000002_081_00000185.txt,3,0;4;9
000002_082_00000061,train,3,structured_other_png,000002_082_00000061.png,000002_082_00000061.png,000002_082_00000061.png,000002_082_00000061.txt,4,4;5;11
000002_082_00000121,train,3,structured_other_png,000002_082_00000121.png,000002_082_00000121.png,000002_082_00000121.png,000002_082_00000121.txt,5,4;5;11
000002_083_00000001,train,4,structured_other_png,000002_083_00000001.png,000002_083_00000001.png,000002_083_00000001.png,000002_083_00000001.txt,3,4;5;11
000002_083_00000057,train,4,structured_other_png,000002_083_00000057.png,000002_083_00000057.png,000002_083_00000057.png,000002_083_00000057.txt,3,4;11
000002_083_00000113,train,4,structured_other_png,000002_083_00000113.png,000002_083_00000113.png,000002_083_00000113.png,000002_083_00000113.txt,4,4;11
000002_083_00000169,train,4,structured_other_png,000002_083_00000169.png,000002_083_00000169.png,000002_083_00000169.png,000002_083_00000169.txt,5,4;5;6;11
000003_002_00000060,train,5,structured_other_png,000003_002_00000060.png,000003_002_00000060.png,000003_002_00000060.png,000003_002_00000060.txt,5,5
000003_002_00000178,train,5,structured_other_png,000003_002_00000178.png,000003_002_00000178.png,000003_002_00000178.png,000003_002_00000178.txt,11,5;6;9
000003_013_00000085,val,6,structured_other_png,000003_013_00000085.png,000003_013_00000085.png,000003_013_00000085.png,000003_013_00000085.txt,3,5;11
000003_013_00000169,val,6,structured_other_png,000003_013_00000169.png,000003_013_00000169.png,000003_013_00000169.png,000003_013_00000169.txt,5,5;11
000003_014_00000001,train,7,structured_other_png,000003_014_00000001.png,000003_014_00000001.png,000003_014_00000001.png,000003_014_00000001.txt,3,6
000003_014_00000161,train,7,structured_other_png,000003_014_00000161.png,000003_014_00000161.png,000003_014_00000161.png,000003_014_00000161.txt,9,0;6
000003_015_00000001,val,8,structured_other_png,000003_015_00000001.png,000003_015_00000001.png,000003_015_00000001.png,000003_015_00000001.txt,7,0;6;8
000003_015_00000077,val,8,structured_other_png,000003_015_00000077.png,000003_015_00000077.png,000003_015_00000077.png,000003_015_00000077.txt,3,4;6;8
000003_018_00000167,train,9,structured_other_png,000003_018_00000167.png,000003_018_00000167.png,000003_018_00000167.png,000003_018_00000167.txt,2,8;9
000003_023_00000089,val,10,structured_other_png,000003_023_00000089.png,000003_023_00000089.png,000003_023_00000089.png,000003_023_00000089.txt,7,0;4;6
000003_026_00000001,val,11,structured_other_png,000003_026_00000001.png,000003_026_00000001.png,000003_026_00000001.png,000003_026_00000001.txt,3,0;6
000003_028_00000325,val,12,structured_other_png,000003_028_00000325.png,000003_028_00000325.png,000003_028_00000325.png,000003_028_00000325.txt,4,6
000003_029_00000084,train,13,structured_other_png,000003_029_00000084.png,000003_029_00000084.png,000003_029_00000084.png,000003_029_00000084.txt,7,6
000003_029_00000333,train,13,structured_other_png,000003_029_00000333.png,000003_029_00000333.png,000003_029_00000333.png,000003_029_00000333.txt,3,6
000003_030_00000082,val,14,structured_other_png,000003_030_00000082.png,000003_030_00000082.png,000003_030_00000082.png,000003_030_00000082.txt,3,6
000003_035_00000001,train,15,structured_other_png,000003_035_00000001.png,000003_035_00000001.png,000003_035_00000001.png,000003_035_00000001.txt,9,0;4;5;6
000003_035_00000179,train,15,structured_other_png,000003_035_00000179.png,000003_035_00000179.png,000003_035_00000179.png,000003_035_00000179.txt,7,0;4;5;6
000003_051_00000365,train,16,structured_other_png,000003_051_00000365.png,000003_051_00000365.png,000003_051_00000365.png,000003_051_00000365.txt,5,0;4;5
000003_068_00000082,val,17,structured_other_png,000003_068_00000082.png,000003_068_00000082.png,000003_068_00000082.png,000003_068_00000082.txt,11,0;6
000003_069_00000088,val,18,structured_other_png,000003_069_00000088.png,000003_069_00000088.png,000003_069_00000088.png,000003_069_00000088.txt,2,8
000003_069_00000175,val,18,structured_other_png,000003_069_00000175.png,000003_069_00000175.png,000003_069_00000175.png,000003_069_00000175.txt,2,6;8
000003_080_00000307,train,19,structured_other_png,000003_080_00000307.png,000003_080_00000307.png,000003_080_00000307.png,000003_080_00000307.txt,8,0;3
000003_080_00000409,train,19,structured_other_png,000003_080_00000409.png,000003_080_00000409.png,000003_080_00000409.png,000003_080_00000409.txt,8,0;3
000003_081_00000171,train,20,structured_other_png,000003_081_00000171.png,000003_081_00000171.png,000003_081_00000171.png,000003_081_00000171.txt,12,0;3
000003_081_00000341,train,20,structured_other_png,000003_081_00000341.png,000003_081_00000341.png,000003_081_00000341.png,000003_081_00000341.txt,11,0;3
000004,train,0,numeric_6digit_png,000004.png,000004.png,000004.png,000004.txt,4,0;3;8
00000004,train,21,numeric_8digit_jpg,00000004.jpg,00000004.jpg,00000004.jpg,00000004.txt,11,0;4;6;8;10
000004_001_00000087,train,22,structured_other_png,000004_001_00000087.png,000004_001_00000087.png,000004_001_00000087.png,000004_001_00000087.txt,1,3
000004_002_00000001,val,23,structured_other_png,000004_002_00000001.png,000004_002_00000001.png,000004_002_00000001.png,000004_002_00000001.txt,1,3
000004_002_00000084,val,23,structured_other_png,000004_002_00000084.png,000004_002_00000084.png,000004_002_00000084.png,000004_002_00000084.txt,2,0;3
000004_005_00000238,train,24,structured_other_png,000004_005_00000238.png,000004_005_00000238.png,000004_005_00000238.png,000004_005_00000238.txt,2,3
000004_009_00000001,train,25,structured_other_png,000004_009_00000001.png,000004_009_00000001.png,000004_009_00000001.png,000004_009_00000001.txt,2,0
000004_009_00000081,train,25,structured_other_png,000004_009_00000081.png,000004_009_00000081.png,000004_009_00000081.png,000004_009_00000081.txt,1,0
000004_009_00000321,train,25,structured_other_png,000004_009_00000321.png,000004_009_00000321.png,000004_009_00000321.png,000004_009_00000321.txt,1,0
000004_010_00000199,train,26,structured_other_png,000004_010_00000199.png,000004_010_00000199.png,000004_010_00000199.png,000004_010_00000199.txt,2,0
000004_011_00000001,train,27,structured_other_png,000004_011_00000001.png,000004_011_00000001.png,000004_011_00000001.png,000004_011_00000001.txt,2,4
000004_011_00000171,train,27,structured_other_png,000004_011_00000171.png,000004_011_00000171.png,000004_011_00000171.png,000004_011_00000171.txt,1,4
000004_012_00000001,train,28,structured_other_png,000004_012_00000001.png,000004_012_00000001.png,000004_012_00000001.png,000004_012_00000001.txt,6,0;4
000004_013_00000001,train,29,structured_other_png,000004_013_00000001.png,000004_013_00000001.png,000004_013_00000001.png,000004_013_00000001.txt,1,4
000004_013_00000081,train,29,structured_other_png,000004_013_00000081.png,000004_013_00000081.png,000004_013_00000081.png,000004_013_00000081.txt,2,4;6
000004_013_00000241,train,29,structured_other_png,000004_013_00000241.png,000004_013_00000241.png,000004_013_00000241.png,000004_013_00000241.txt,1,4
000004_014_00000001,train,30,structured_other_png,000004_014_00000001.png,000004_014_00000001.png,000004_014_00000001.png,000004_014_00000001.txt,1,4
000004_015_00000163,val,31,structured_other_png,000004_015_00000163.png,000004_015_00000163.png,000004_015_00000163.png,000004_015_00000163.txt,2,4
000004_018_00000341,train,32,structured_other_png,000004_018_00000341.png,000004_018_00000341.png,000004_018_00000341.png,000004_018_00000341.txt,12,0;4;8
000004_019_00000321,train,33,structured_other_png,000004_019_00000321.png,000004_019_00000321.png,000004_019_00000321.png,000004_019_00000321.txt,2,4
000004_034_00000079,train,34,structured_other_png,000004_034_00000079.png,000004_034_00000079.png,000004_034_00000079.png,000004_034_00000079.txt,2,0;4
000004_036_00000082,train,35,structured_other_png,000004_036_00000082.png,000004_036_00000082.png,000004_036_00000082.png,000004_036_00000082.txt,4,4;6
000004_036_00000244,train,35,structured_other_png,000004_036_00000244.png,000004_036_00000244.png,000004_036_00000244.png,000004_036_00000244.txt,3,4;6
000004_036_00000325,train,35,structured_other_png,000004_036_00000325.png,000004_036_00000325.png,000004_036_00000325.png,000004_036_00000325.txt,2,6
000005,train,0,numeric_6digit_png,000005.png,000005.png,000005.png,000005.txt,5,0;3;8
000005_003_00000181,train,36,structured_other_png,000005_003_00000181.png,000005_003_00000181.png,000005_003_00000181.png,000005_003_00000181.txt,6,0;5
000005_004_00000191,val,37,structured_other_png,000005_004_00000191.png,000005_004_00000191.png,000005_004_00000191.png,000005_004_00000191.txt,3,0
000005_004_00000286,val,37,structured_other_png,000005_004_00000286.png,000005_004_00000286.png,000005_004_00000286.png,000005_004_00000286.txt,5,0;9
000005_006_00000001,train,38,structured_other_png,000005_006_00000001.png,000005_006_00000001.png,000005_006_00000001.png,000005_006_00000001.txt,3,0
000005_010_00000001,val,39,structured_other_png,000005_010_00000001.png,000005_010_00000001.png,000005_010_00000001.png,000005_010_00000001.txt,1,2
000005_010_00000050,val,39,structured_other_png,000005_010_00000050.png,000005_010_00000050.png,000005_010_00000050.png,000005_010_00000050.txt,1,2
000005_011_00000421,train,40,structured_other_png,000005_011_00000421.png,000005_011_00000421.png,000005_011_00000421.png,000005_011_00000421.txt,10,0;3
000005_013_00000001,train,41,structured_other_png,000005_013_00000001.png,000005_013_00000001.png,000005_013_00000001.png,000005_013_00000001.txt,12,0;2
000005_014_00000292,train,42,structured_other_png,000005_014_00000292.png,000005_014_00000292.png,000005_014_00000292.png,000005_014_00000292.txt,7,0;2
000005_017_00000205,train,43,structured_other_png,000005_017_00000205.png,000005_017_00000205.png,000005_017_00000205.png,000005_017_00000205.txt,12,0;4;5;6;9
000005_017_00000307,train,43,structured_other_png,000005_017_00000307.png,000005_017_00000307.png,000005_017_00000307.png,000005_017_00000307.txt,13,0;4;5;9
000005_018_00000405,train,44,structured_other_png,000005_018_00000405.png,000005_018_00000405.png,000005_018_00000405.png,000005_018_00000405.txt,6,0;4
000005_019_00000105,train,45,structured_other_png,000005_019_00000105.png,000005_019_00000105.png,000005_019_00000105.png,000005_019_00000105.txt,7,0;4;5;9
000005_019_00000209,train,45,structured_other_png,000005_019_00000209.png,000005_019_00000209.png,000005_019_00000209.png,000005_019_00000209.txt,6,0;4
000005_019_00000313,train,45,structured_other_png,000005_019_00000313.png,000005_019_00000313.png,000005_019_00000313.png,000005_019_00000313.txt,9,0;4;5;9
000005_024_00000001,train,46,structured_other_png,000005_024_00000001.png,000005_024_00000001.png,000005_024_00000001.png,000005_024_00000001.txt,8,0
000005_026_00000001,train,47,structured_other_png,000005_026_00000001.png,000005_026_00000001.png,000005_026_00000001.png,000005_026_00000001.txt,5,0;6
000005_027_00000001,train,48,structured_other_png,000005_027_00000001.png,000005_027_00000001.png,000005_027_00000001.png,000005_027_00000001.txt,9,0
000005_027_00000247,train,48,structured_other_png,000005_027_00000247.png,000005_027_00000247.png,000005_027_00000247.png,000005_027_00000247.txt,8,0;5
000005_027_00000493,train,48,structured_other_png,000005_027_00000493.png,000005_027_00000493.png,000005_027_00000493.png,000005_027_00000493.txt,9,0;5;9
000005_028_00000001,train,49,structured_other_png,000005_028_00000001.png,000005_028_00000001.png,000005_028_00000001.png,000005_028_00000001.txt,3,0
000005_028_00000163,train,49,structured_other_png,000005_028_00000163.png,000005_028_00000163.png,000005_028_00000163.png,000005_028_00000163.txt,3,0
000005_029_00000191,train,50,structured_other_png,000005_029_00000191.png,000005_029_00000191.png,000005_029_00000191.png,000005_029_00000191.txt,7,0;9
000005_032_00000001,train,51,structured_other_png,000005_032_00000001.png,000005_032_00000001.png,000005_032_00000001.png,000005_032_00000001.txt,14,0;3
000005_032_00000205,train,51,structured_other_png,000005_032_00000205.png,000005_032_00000205.png,000005_032_00000205.png,000005_032_00000205.txt,13,0;3
000005_036_00000001,train,52,structured_other_png,000005_036_00000001.png,000005_036_00000001.png,000005_036_00000001.png,000005_036_00000001.txt,5,0;4
000005_036_00000108,train,52,structured_other_png,000005_036_00000108.png,000005_036_00000108.png,000005_036_00000108.png,000005_036_00000108.txt,4,4
000005_036_00000215,train,52,structured_other_png,000005_036_00000215.png,000005_036_00000215.png,000005_036_00000215.png,000005_036_00000215.txt,4,4
000005_036_00000429,train,52,structured_other_png,000005_036_00000429.png,000005_036_00000429.png,000005_036_00000429.png,000005_036_00000429.txt,4,4
000006_002_00000001,train,53,structured_other_png,000006_002_00000001.png,000006_002_00000001.png,000006_002_00000001.png,000006_002_00000001.txt,11,2
000006_002_00000102,train,53,structured_other_png,000006_002_00000102.png,000006_002_00000102.png,000006_002_00000102.png,000006_002_00000102.txt,13,2
000006_004_00000104,train,54,structured_other_png,000006_004_00000104.png,000006_004_00000104.png,000006_004_00000104.png,000006_004_00000104.txt,10,2
000006_004_00000207,train,54,structured_other_png,000006_004_00000207.png,000006_004_00000207.png,000006_004_00000207.png,000006_004_00000207.txt,10,2
000006_004_00000413,train,54,structured_other_png,000006_004_00000413.png,000006_004_00000413.png,000006_004_00000413.png,000006_004_00000413.txt,10,2
000006_005_00000295,train,55,structured_other_png,000006_005_00000295.png,000006_005_00000295.png,000006_005_00000295.png,000006_005_00000295.txt,7,2;4
000006_005_00000393,train,55,structured_other_png,000006_005_00000393.png,000006_005_00000393.png,000006_005_00000393.png,000006_005_00000393.txt,7,2;4
000006_007_00000211,train,56,structured_other_png,000006_007_00000211.png,000006_007_00000211.png,000006_007_00000211.png,000006_007_00000211.txt,2,2;4
000006_007_00000421,train,56,structured_other_png,000006_007_00000421.png,000006_007_00000421.png,000006_007_00000421.png,000006_007_00000421.txt,1,2
000006_008_00000001,train,57,structured_other_png,000006_008_00000001.png,000006_008_00000001.png,000006_008_00000001.png,000006_008_00000001.txt,5,2
000006_008_00000307,train,57,structured_other_png,000006_008_00000307.png,000006_008_00000307.png,000006_008_00000307.png,000006_008_00000307.txt,2,2
000006_009_00000089,train,58,structured_other_png,000006_009_00000089.png,000006_009_00000089.png,000006_009_00000089.png,000006_009_00000089.txt,3,2
000006_010_00000292,val,59,structured_other_png,000006_010_00000292.png,000006_010_00000292.png,000006_010_00000292.png,000006_010_00000292.txt,5,1;2
000006_010_00000389,val,59,structured_other_png,000006_010_00000389.png,000006_010_00000389.png,000006_010_00000389.png,000006_010_00000389.txt,6,1;2
000006_011_00000307,val,60,structured_other_png,000006_011_00000307.png,000006_011_00000307.png,000006_011_00000307.png,000006_011_00000307.txt,8,0;1;2
000006_011_00000409,val,60,structured_other_png,000006_011_00000409.png,000006_011_00000409.png,000006_011_00000409.png,000006_011_00000409.txt,11,0;1;2
000006_012_00000001,train,61,structured_other_png,000006_012_00000001.png,000006_012_00000001.png,000006_012_00000001.png,000006_012_00000001.txt,13,0;2;9
000006_013_00000001,train,62,structured_other_png,000006_013_00000001.png,000006_013_00000001.png,000006_013_00000001.png,000006_013_00000001.txt,8,1;2
000006_014_00000409,train,63,structured_other_png,000006_014_00000409.png,000006_014_00000409.png,000006_014_00000409.png,000006_014_00000409.txt,15,0;1;2
000006_015_00000329,train,64,structured_other_png,000006_015_00000329.png,000006_015_00000329.png,000006_015_00000329.png,000006_015_00000329.txt,11,1;2;9
000007_004_00000433,train,65,structured_other_png,000007_004_00000433.png,000007_004_00000433.png,000007_004_00000433.png,000007_004_00000433.txt,2,0;11
000007_007_00000038,train,66,structured_other_png,000007_007_00000038.png,000007_007_00000038.png,000007_007_00000038.png,000007_007_00000038.txt,4,4;6;9
000007_011_00000501,val,67,structured_other_png,000007_011_00000501.png,000007_011_00000501.png,000007_011_00000501.png,000007_011_00000501.txt,6,4;5;6;8
000007_015_00000209,train,68,structured_other_png,000007_015_00000209.png,000007_015_00000209.png,000007_015_00000209.png,000007_015_00000209.txt,1,6
000007_015_00000313,train,68,structured_other_png,000007_015_00000313.png,000007_015_00000313.png,000007_015_00000313.png,000007_015_00000313.txt,4,0;4;6
00000008,train,21,numeric_8digit_jpg,00000008.jpg,00000008.jpg,00000008.jpg,00000008.txt,9,4;6;8;10
000008_003_00000001,val,69,structured_other_png,000008_003_00000001.png,000008_003_00000001.png,000008_003_00000001.png,000008_003_00000001.txt,5,0;2;8
000008_003_00000235,val,69,structured_other_png,000008_003_00000235.png,000008_003_00000235.png,000008_003_00000235.png,000008_003_00000235.txt,13,0;2;8
000008_003_00000352,val,69,structured_other_png,000008_003_00000352.png,000008_003_00000352.png,000008_003_00000352.png,000008_003_00000352.txt,14,0;2;8;9
000008_003_00000469,val,69,structured_other_png,000008_003_00000469.png,000008_003_00000469.png,000008_003_00000469.png,000008_003_00000469.txt,11,0;2;8
000008_004_00000001,train,70,structured_other_png,000008_004_00000001.png,000008_004_00000001.png,000008_004_00000001.png,000008_004_00000001.txt,13,0;2;8;9
000008_004_00000167,train,70,structured_other_png,000008_004_00000167.png,000008_004_00000167.png,000008_004_00000167.png,000008_004_00000167.txt,7,0;2;8;9
000008_004_00000665,train,70,structured_other_png,000008_004_00000665.png,000008_004_00000665.png,000008_004_00000665.png,000008_004_00000665.txt,14,0;2;9
000008_005_00000167,train,71,structured_other_png,000008_005_00000167.png,000008_005_00000167.png,000008_005_00000167.png,000008_005_00000167.txt,2,0;2
000008_005_00000333,train,71,structured_other_png,000008_005_00000333.png,000008_005_00000333.png,000008_005_00000333.png,000008_005_00000333.txt,2,0
000008_005_00000665,train,71,structured_other_png,000008_005_00000665.png,000008_005_00000665.png,000008_005_00000665.png,000008_005_00000665.txt,1,2
000008_007_00000868,train,72,structured_other_png,000008_007_00000868.png,000008_007_00000868.png,000008_007_00000868.png,000008_007_00000868.txt,3,2
000008_012_00000001,train,73,structured_other_png,000008_012_00000001.png,000008_012_00000001.png,000008_012_00000001.png,000008_012_00000001.txt,4,0;2
000008_012_00000151,train,73,structured_other_png,000008_012_00000151.png,000008_012_00000151.png,000008_012_00000151.png,000008_012_00000151.txt,7,0;2
000008_013_00000195,train,74,structured_other_png,000008_013_00000195.png,000008_013_00000195.png,000008_013_00000195.png,000008_013_00000195.txt,3,0;2
000008_017_00000001,train,75,structured_other_png,000008_017_00000001.png,000008_017_00000001.png,000008_017_00000001.png,000008_017_00000001.txt,5,2
000008_021_00000415,train,76,structured_other_png,000008_021_00000415.png,000008_021_00000415.png,000008_021_00000415.png,000008_021_00000415.txt,7,0;2
000008_032_00000001,train,77,structured_other_png,000008_032_00000001.png,000008_032_00000001.png,000008_032_00000001.png,000008_032_00000001.txt,1,2
000008_033_00000001,val,78,structured_other_png,000008_033_00000001.png,000008_033_00000001.png,000008_033_00000001.png,000008_033_00000001.txt,4,2
000008_033_00000076,val,78,structured_other_png,000008_033_00000076.png,000008_033_00000076.png,000008_033_00000076.png,000008_033_00000076.txt,4,2
000008_035_00000001,train,79,structured_other_png,000008_035_00000001.png,000008_035_00000001.png,000008_035_00000001.png,000008_035_00000001.txt,1,2
000008_035_00000108,train,79,structured_other_png,000008_035_00000108.png,000008_035_00000108.png,000008_035_00000108.png,000008_035_00000108.txt,1,2
000008_035_00000429,train,79,structured_other_png,000008_035_00000429.png,000008_035_00000429.png,000008_035_00000429.png,000008_035_00000429.txt,1,2
000008_037_00000453,train,80,structured_other_png,000008_037_00000453.png,000008_037_00000453.png,000008_037_00000453.png,000008_037_00000453.txt,1,2
000008_039_00000214,train,81,structured_other_png,000008_039_00000214.png,000008_039_00000214.png,000008_039_00000214.png,000008_039_00000214.txt,4,0;2
000008_040_00000304,train,82,structured_other_png,000008_040_00000304.png,000008_040_00000304.png,000008_040_00000304.png,000008_040_00000304.txt,2,2
000008_042_00000273,train,83,structured_other_png,000008_042_00000273.png,000008_042_00000273.png,000008_042_00000273.png,000008_042_00000273.txt,3,0;2
000008_043_00000001,train,84,structured_other_png,000008_043_00000001.png,000008_043_00000001.png,000008_043_00000001.png,000008_043_00000001.txt,6,0;2
000008_045_00000001,train,85,structured_other_png,000008_045_00000001.png,000008_045_00000001.png,000008_045_00000001.png,000008_045_00000001.txt,4,2
000008_045_00000157,train,85,structured_other_png,000008_045_00000157.png,000008_045_00000157.png,000008_045_00000157.png,000008_045_00000157.txt,5,2
000008_046_00000157,val,86,structured_other_png,000008_046_00000157.png,000008_046_00000157.png,000008_046_00000157.png,000008_046_00000157.txt,2,2
000008_047_00000001,train,87,structured_other_png,000008_047_00000001.png,000008_047_00000001.png,000008_047_00000001.png,000008_047_00000001.txt,3,2
000008_047_00000112,train,87,structured_other_png,000008_047_00000112.png,000008_047_00000112.png,000008_047_00000112.png,000008_047_00000112.txt,3,2
000008_047_00000149,train,87,structured_other_png,000008_047_00000149.png,000008_047_00000149.png,000008_047_00000149.png,000008_047_00000149.txt,3,2
000008_048_00000361,val,88,structured_other_png,000008_048_00000361.png,000008_048_00000361.png,000008_048_00000361.png,000008_048_00000361.txt,6,2
000009_008_00000241,train,89,structured_other_png,000009_008_00000241.png,000009_008_00000241.png,000009_008_00000241.png,000009_008_00000241.txt,10,0
000009_011_00000087,train,90,structured_other_png,000009_011_00000087.png,000009_011_00000087.png,000009_011_00000087.png,000009_011_00000087.txt,18,0;2
000009_012_00000083,val,91,structured_other_png,000009_012_00000083.png,000009_012_00000083.png,000009_012_00000083.png,000009_012_00000083.txt,10,0;2
000009_020_00000325,val,92,structured_other_png,000009_020_00000325.png,000009_020_00000325.png,000009_020_00000325.png,000009_020_00000325.txt,7,0
000009_022_00000247,train,93,structured_other_png,000009_022_00000247.png,000009_022_00000247.png,000009_022_00000247.png,000009_022_00000247.txt,13,0;2;4;8
000009_032_00000141,train,94,structured_other_png,000009_032_00000141.png,000009_032_00000141.png,000009_032_00000141.png,000009_032_00000141.txt,6,0;3
000009_033_00000250,train,95,structured_other_png,000009_033_00000250.png,000009_033_00000250.png,000009_033_00000250.png,000009_033_00000250.txt,5,0;5
000009_033_00000333,train,95,structured_other_png,000009_033_00000333.png,000009_033_00000333.png,000009_033_00000333.png,000009_033_00000333.txt,7,0;3;5
000009_034_00000179,train,96,structured_other_png,000009_034_00000179.png,000009_034_00000179.png,000009_034_00000179.png,000009_034_00000179.txt,8,0;3;5
000009_034_00000268,train,96,structured_other_png,000009_034_00000268.png,000009_034_00000268.png,000009_034_00000268.png,000009_034_00000268.txt,7,0;5
000009_036_00000051,val,97,structured_other_png,000009_036_00000051.png,000009_036_00000051.png,000009_036_00000051.png,000009_036_00000051.txt,9,0;5;6;8;9
000009_038_00000026,train,98,structured_other_png,000009_038_00000026.png,000009_038_00000026.png,000009_038_00000026.png,000009_038_00000026.txt,7,0;3
000009_038_00000076,train,98,structured_other_png,000009_038_00000076.png,000009_038_00000076.png,000009_038_00000076.png,000009_038_00000076.txt,7,0;3
000009_040_00000101,val,99,structured_other_png,000009_040_00000101.png,000009_040_00000101.png,000009_040_00000101.png,000009_040_00000101.txt,12,0;5;6;8
000010_006_00000185,train,100,structured_other_png,000010_006_00000185.png,000010_006_00000185.png,000010_006_00000185.png,000010_006_00000185.txt,9,0;9
000010_006_00000369,train,100,structured_other_png,000010_006_00000369.png,000010_006_00000369.png,000010_006_00000369.png,000010_006_00000369.txt,8,0;5
000010_008_00000102,train,101,structured_other_png,000010_008_00000102.png,000010_008_00000102.png,000010_008_00000102.png,000010_008_00000102.txt,17,0
000010_008_00000203,train,101,structured_other_png,000010_008_00000203.png,000010_008_00000203.png,000010_008_00000203.png,000010_008_00000203.txt,13,0
000010_015_00000237,train,102,structured_other_png,000010_015_00000237.png,000010_015_00000237.png,000010_015_00000237.png,000010_015_00000237.txt,1,0
000010_016_00000189,val,103,structured_other_png,000010_016_00000189.png,000010_016_00000189.png,000010_016_00000189.png,000010_016_00000189.txt,1,0
000010_016_00000283,val,103,structured_other_png,000010_016_00000283.png,000010_016_00000283.png,000010_016_00000283.png,000010_016_00000283.txt,6,0
000011_001_00000001,val,104,structured_other_png,000011_001_00000001.png,000011_001_00000001.png,000011_001_00000001.png,000011_001_00000001.txt,3,0;3
000011_002_00000001,train,105,structured_other_png,000011_002_00000001.png,000011_002_00000001.png,000011_002_00000001.png,000011_002_00000001.txt,3,5;6
000011_002_00000085,train,105,structured_other_png,000011_002_00000085.png,000011_002_00000085.png,000011_002_00000085.png,000011_002_00000085.txt,5,5;6;11
000011_003_00000001,train,106,structured_other_png,000011_003_00000001.png,000011_003_00000001.png,000011_003_00000001.png,000011_003_00000001.txt,1,3
000011_003_00000286,train,106,structured_other_png,000011_003_00000286.png,000011_003_00000286.png,000011_003_00000286.png,000011_003_00000286.txt,2,3
000011_003_00000381,train,106,structured_other_png,000011_003_00000381.png,000011_003_00000381.png,000011_003_00000381.png,000011_003_00000381.txt,2,3
000011_004_00000086,train,107,structured_other_png,000011_004_00000086.png,000011_004_00000086.png,000011_004_00000086.png,000011_004_00000086.txt,2,3
000011_006_00000001,train,108,structured_other_png,000011_006_00000001.png,000011_006_00000001.png,000011_006_00000001.png,000011_006_00000001.txt,5,0;3
000011_006_00000256,train,108,structured_other_png,000011_006_00000256.png,000011_006_00000256.png,000011_006_00000256.png,000011_006_00000256.txt,6,0;3
000011_008_00000001,train,109,structured_other_png,000011_008_00000001.png,000011_008_00000001.png,000011_008_00000001.png,000011_008_00000001.txt,5,0;3
000011_008_00000083,train,109,structured_other_png,000011_008_00000083.png,000011_008_00000083.png,000011_008_00000083.png,000011_008_00000083.txt,7,0;3
000011_012_00000280,train,110,structured_other_png,000011_012_00000280.png,000011_012_00000280.png,000011_012_00000280.png,000011_012_00000280.txt,2,0;3
000011_015_00000244,val,111,structured_other_png,000011_015_00000244.png,000011_015_00000244.png,000011_015_00000244.png,000011_015_00000244.txt,1,3
000011_017_00000253,val,112,structured_other_png,000011_017_00000253.png,000011_017_00000253.png,000011_017_00000253.png,000011_017_00000253.txt,2,3
000011_018_00000337,train,113,structured_other_png,000011_018_00000337.png,000011_018_00000337.png,000011_018_00000337.png,000011_018_00000337.txt,2,3
000011_019_00000165,train,114,structured_other_png,000011_019_00000165.png,000011_019_00000165.png,000011_019_00000165.png,000011_019_00000165.txt,6,0;5;6;9
000011_020_00000179,train,115,structured_other_png,000011_020_00000179.png,000011_020_00000179.png,000011_020_00000179.png,000011_020_00000179.txt,21,0;4;5;8
000011_027_00000001,train,116,structured_other_png,000011_027_00000001.png,000011_027_00000001.png,000011_027_00000001.png,000011_027_00000001.txt,2,3
000011_039_00000247,train,117,structured_other_png,000011_039_00000247.png,000011_039_00000247.png,000011_039_00000247.png,000011_039_00000247.txt,2,3
000012_003_00000226,val,118,structured_other_png,000012_003_00000226.png,000012_003_00000226.png,000012_003_00000226.png,000012_003_00000226.txt,3,2
000012_003_00000301,val,118,structured_other_png,000012_003_00000301.png,000012_003_00000301.png,000012_003_00000301.png,000012_003_00000301.txt,3,2
000012_004_00000083,train,119,structured_other_png,000012_004_00000083.png,000012_004_00000083.png,000012_004_00000083.png,000012_004_00000083.txt,5,2
000012_004_00000329,train,119,structured_other_png,000012_004_00000329.png,000012_004_00000329.png,000012_004_00000329.png,000012_004_00000329.txt,4,2
000012_005_00000001,train,120,structured_other_png,000012_005_00000001.png,000012_005_00000001.png,000012_005_00000001.png,000012_005_00000001.txt,2,2
000012_008_00000163,val,121,structured_other_png,000012_008_00000163.png,000012_008_00000163.png,000012_008_00000163.png,000012_008_00000163.txt,15,2
000012_009_00000163,train,122,structured_other_png,000012_009_00000163.png,000012_009_00000163.png,000012_009_00000163.png,000012_009_00000163.txt,12,2
000012_009_00000244,train,122,structured_other_png,000012_009_00000244.png,000012_009_00000244.png,000012_009_00000244.png,000012_009_00000244.txt,15,2
000012_009_00000325,train,122,structured_other_png,000012_009_00000325.png,000012_009_00000325.png,000012_009_00000325.png,000012_009_00000325.txt,17,2
000012_010_00000001,train,123,structured_other_png,000012_010_00000001.png,000012_010_00000001.png,000012_010_00000001.png,000012_010_00000001.txt,2,2
000012_010_00000223,train,123,structured_other_png,000012_010_00000223.png,000012_010_00000223.png,000012_010_00000223.png,000012_010_00000223.txt,1,2
000012_010_00000297,train,123,structured_other_png,000012_010_00000297.png,000012_010_00000297.png,000012_010_00000297.png,000012_010_00000297.txt,3,2
000012_014_00000184,val,124,structured_other_png,000012_014_00000184.png,000012_014_00000184.png,000012_014_00000184.png,000012_014_00000184.txt,4,2
000012_015_00000253,val,125,structured_other_png,000012_015_00000253.png,000012_015_00000253.png,000012_015_00000253.png,000012_015_00000253.txt,1,2
000012_019_00000076,val,126,structured_other_png,000012_019_00000076.png,000012_019_00000076.png,000012_019_00000076.png,000012_019_00000076.txt,6,0;2
000012_019_00000151,val,126,structured_other_png,000012_019_00000151.png,000012_019_00000151.png,000012_019_00000151.png,000012_019_00000151.txt,6,0;2
000012_020_00000365,val,127,structured_other_png,000012_020_00000365.png,000012_020_00000365.png,000012_020_00000365.png,000012_020_00000365.txt,1,2
000012_022_00000090,val,128,structured_other_png,000012_022_00000090.png,000012_022_00000090.png,000012_022_00000090.png,000012_022_00000090.txt,2,2
000012_023_00000238,train,129,structured_other_png,000012_023_00000238.png,000012_023_00000238.png,000012_023_00000238.png,000012_023_00000238.txt,1,2
000012_024_00000253,train,130,structured_other_png,000012_024_00000253.png,000012_024_00000253.png,000012_024_00000253.png,000012_024_00000253.txt,4,0;2
000012_025_00000313,val,131,structured_other_png,000012_025_00000313.png,000012_025_00000313.png,000012_025_00000313.png,000012_025_00000313.txt,11,2;4;9
000012_028_00000250,train,132,structured_other_png,000012_028_00000250.png,000012_028_00000250.png,000012_028_00000250.png,000012_028_00000250.txt,2,2
000012_028_00000333,train,132,structured_other_png,000012_028_00000333.png,000012_028_00000333.png,000012_028_00000333.png,000012_028_00000333.txt,2,2
000012_031_00000001,train,133,structured_other_png,000012_031_00000001.png,000012_031_00000001.png,000012_031_00000001.png,000012_031_00000001.txt,10,0;1;2;9
000012_034_00000321,train,134,structured_other_png,000012_034_00000321.png,000012_034_00000321.png,000012_034_00000321.png,000012_034_00000321.txt,4,2
000012_035_00000244,train,135,structured_other_png,000012_035_00000244.png,000012_035_00000244.png,000012_035_00000244.png,000012_035_00000244.txt,2,2
000013_001_00000001,train,136,structured_other_png,000013_001_00000001.png,000013_001_00000001.png,000013_001_00000001.png,000013_001_00000001.txt,4,2
000013_001_00000071,train,136,structured_other_png,000013_001_00000071.png,000013_001_00000071.png,000013_001_00000071.png,000013_001_00000071.txt,4,2
000013_001_00000281,train,136,structured_other_png,000013_001_00000281.png,000013_001_00000281.png,000013_001_00000281.png,000013_001_00000281.txt,5,2
000013_001_suppl_00000354,train,137,suppl_png,000013_001_suppl_00000354.png,000013_001_suppl_00000354.png,000013_001_suppl_00000354.png,000013_001_suppl_00000354.txt,5,2
000013_002_00000001,train,138,structured_other_png,000013_002_00000001.png,000013_002_00000001.png,000013_002_00000001.png,000013_002_00000001.txt,3,2
000013_002_00000281,train,138,structured_other_png,000013_002_00000281.png,000013_002_00000281.png,000013_002_00000281.png,000013_002_00000281.txt,4,2
000013_004_00000159,train,139,structured_other_png,000013_004_00000159.png,000013_004_00000159.png,000013_004_00000159.png,000013_004_00000159.txt,3,0;2
000013_004_00000238,train,139,structured_other_png,000013_004_00000238.png,000013_004_00000238.png,000013_004_00000238.png,000013_004_00000238.txt,2,0;2
000013_010_00000232,val,140,structured_other_png,000013_010_00000232.png,000013_010_00000232.png,000013_010_00000232.png,000013_010_00000232.txt,5,0;2;4
000013_011_00000076,train,141,structured_other_png,000013_011_00000076.png,000013_011_00000076.png,000013_011_00000076.png,000013_011_00000076.txt,3,2;4
000013_015_suppl_00000384,train,142,suppl_png,000013_015_suppl_00000384.png,000013_015_suppl_00000384.png,000013_015_suppl_00000384.png,000013_015_suppl_00000384.txt,4,2
000013_016_00000001,train,143,structured_other_png,000013_016_00000001.png,000013_016_00000001.png,000013_016_00000001.png,000013_016_00000001.txt,2,2
000013_016_suppl_00000381,val,144,suppl_png,000013_016_suppl_00000381.png,000013_016_suppl_00000381.png,000013_016_suppl_00000381.png,000013_016_suppl_00000381.txt,2,2
000013_017_00000001,train,145,structured_other_png,000013_017_00000001.png,000013_017_00000001.png,000013_017_00000001.png,000013_017_00000001.txt,2,2
000013_017_00000063,train,145,structured_other_png,000013_017_00000063.png,000013_017_00000063.png,000013_017_00000063.png,000013_017_00000063.txt,4,2
000013_017_00000125,train,145,structured_other_png,000013_017_00000125.png,000013_017_00000125.png,000013_017_00000125.png,000013_017_00000125.txt,3,2
000013_017_00000187,train,145,structured_other_png,000013_017_00000187.png,000013_017_00000187.png,000013_017_00000187.png,000013_017_00000187.txt,4,2
000013_021_00000083,val,146,structured_other_png,000013_021_00000083.png,000013_021_00000083.png,000013_021_00000083.png,000013_021_00000083.txt,8,2
000013_023_00000001,train,147,structured_other_png,000013_023_00000001.png,000013_023_00000001.png,000013_023_00000001.png,000013_023_00000001.txt,3,2
000013_023_00000075,train,147,structured_other_png,000013_023_00000075.png,000013_023_00000075.png,000013_023_00000075.png,000013_023_00000075.txt,3,2
000013_023_00000223,train,147,structured_other_png,000013_023_00000223.png,000013_023_00000223.png,000013_023_00000223.png,000013_023_00000223.txt,3,2
000013_025_00000001,train,148,structured_other_png,000013_025_00000001.png,000013_025_00000001.png,000013_025_00000001.png,000013_025_00000001.txt,3,2
000013_025_00000285,train,148,structured_other_png,000013_025_00000285.png,000013_025_00000285.png,000013_025_00000285.png,000013_025_00000285.txt,5,0;2
000013_030_00000001,train,149,structured_other_png,000013_030_00000001.png,000013_030_00000001.png,000013_030_00000001.png,000013_030_00000001.txt,2,2;4
000013_030_00000063,train,149,structured_other_png,000013_030_00000063.png,000013_030_00000063.png,000013_030_00000063.png,000013_030_00000063.txt,2,2;4
000013_030_00000187,train,149,structured_other_png,000013_030_00000187.png,000013_030_00000187.png,000013_030_00000187.png,000013_030_00000187.txt,2,2;4
000013_033_00000001,val,150,structured_other_png,000013_033_00000001.png,000013_033_00000001.png,000013_033_00000001.png,000013_033_00000001.txt,4,0;4
000013_034_00000001,train,151,structured_other_png,000013_034_00000001.png,000013_034_00000001.png,000013_034_00000001.png,000013_034_00000001.txt,5,2;4
000013_034_00000069,train,151,structured_other_png,000013_034_00000069.png,000013_034_00000069.png,000013_034_00000069.png,000013_034_00000069.txt,5,2;4
000013_034_00000137,train,151,structured_other_png,000013_034_00000137.png,000013_034_00000137.png,000013_034_00000137.png,000013_034_00000137.txt,3,2
000013_034_00000205,train,151,structured_other_png,000013_034_00000205.png,000013_034_00000205.png,000013_034_00000205.png,000013_034_00000205.txt,2,2
000013_034_00000273,train,151,structured_other_png,000013_034_00000273.png,000013_034_00000273.png,000013_034_00000273.png,000013_034_00000273.txt,2,2
000013_036_00000208,train,152,structured_other_png,000013_036_00000208.png,000013_036_00000208.png,000013_036_00000208.png,000013_036_00000208.txt,2,2;4
000013_039_00000063,val,153,structured_other_png,000013_039_00000063.png,000013_039_00000063.png,000013_039_00000063.png,000013_039_00000063.txt,6,0;3;9
000013_039_00000187,val,153,structured_other_png,000013_039_00000187.png,000013_039_00000187.png,000013_039_00000187.png,000013_039_00000187.txt,7,0;3;9
000013_040_00000001,train,154,structured_other_png,000013_040_00000001.png,000013_040_00000001.png,000013_040_00000001.png,000013_040_00000001.txt,3,0;4
000013_040_suppl_00000167,train,155,suppl_png,000013_040_suppl_00000167.png,000013_040_suppl_00000167.png,000013_040_suppl_00000167.png,000013_040_suppl_00000167.txt,5,0;6;8
000013_040_suppl_00000333,train,155,suppl_png,000013_040_suppl_00000333.png,000013_040_suppl_00000333.png,000013_040_suppl_00000333.png,000013_040_suppl_00000333.txt,5,0;6;8;9
000013_044_00000001,train,156,structured_other_png,000013_044_00000001.png,000013_044_00000001.png,000013_044_00000001.png,000013_044_00000001.txt,8,2;8
000013_045_00000343,train,157,structured_other_png,000013_045_00000343.png,000013_045_00000343.png,000013_045_00000343.png,000013_045_00000343.txt,4,2
000013_045_00000457,train,157,structured_other_png,000013_045_00000457.png,000013_045_00000457.png,000013_045_00000457.png,000013_045_00000457.txt,12,0;2;4
000013_045_suppl_00000571,train,158,suppl_png,000013_045_suppl_00000571.png,000013_045_suppl_00000571.png,000013_045_suppl_00000571.png,000013_045_suppl_00000571.txt,9,0;2
000013_046_00000001,train,159,structured_other_png,000013_046_00000001.png,000013_046_00000001.png,000013_046_00000001.png,000013_046_00000001.txt,7,2;8
000013_046_00000135,train,159,structured_other_png,000013_046_00000135.png,000013_046_00000135.png,000013_046_00000135.png,000013_046_00000135.txt,11,2;8
000013_046_00000202,train,159,structured_other_png,000013_046_00000202.png,000013_046_00000202.png,000013_046_00000202.png,000013_046_00000202.txt,8,2
000013_047_00000223,train,160,structured_other_png,000013_047_00000223.png,000013_047_00000223.png,000013_047_00000223.png,000013_047_00000223.txt,10,1;2;8
000013_048_00000001,train,161,structured_other_png,000013_048_00000001.png,000013_048_00000001.png,000013_048_00000001.png,000013_048_00000001.txt,6,2
000013_048_00000072,train,161,structured_other_png,000013_048_00000072.png,000013_048_00000072.png,000013_048_00000072.png,000013_048_00000072.txt,6,2
000013_048_suppl_00000180,train,162,suppl_png,000013_048_suppl_00000180.png,000013_048_suppl_00000180.png,000013_048_suppl_00000180.png,000013_048_suppl_00000180.txt,8,2
000013_048_suppl_00000359,train,162,suppl_png,000013_048_suppl_00000359.png,000013_048_suppl_00000359.png,000013_048_suppl_00000359.png,000013_048_suppl_00000359.txt,8,2
000013_052_00000065,train,163,structured_other_png,000013_052_00000065.png,000013_052_00000065.png,000013_052_00000065.png,000013_052_00000065.txt,3,2
000013_052_00000193,train,163,structured_other_png,000013_052_00000193.png,000013_052_00000193.png,000013_052_00000193.png,000013_052_00000193.txt,1,2
000013_052_suppl_00000162,train,164,suppl_png,000013_052_suppl_00000162.png,000013_052_suppl_00000162.png,000013_052_suppl_00000162.png,000013_052_suppl_00000162.txt,3,2
000013_052_suppl_00000323,train,164,suppl_png,000013_052_suppl_00000323.png,000013_052_suppl_00000323.png,000013_052_suppl_00000323.png,000013_052_suppl_00000323.txt,1,2
000013_053_suppl_00000179,train,165,suppl_png,000013_053_suppl_00000179.png,000013_053_suppl_00000179.png,000013_053_suppl_00000179.png,000013_053_suppl_00000179.txt,6,2;4
000013_055_00000001,train,166,structured_other_png,000013_055_00000001.png,000013_055_00000001.png,000013_055_00000001.png,000013_055_00000001.txt,2,2
000013_055_00000241,train,166,structured_other_png,000013_055_00000241.png,000013_055_00000241.png,000013_055_00000241.png,000013_055_00000241.txt,5,0;2
000013_055_suppl_00000300,train,167,suppl_png,000013_055_suppl_00000300.png,000013_055_suppl_00000300.png,000013_055_suppl_00000300.png,000013_055_suppl_00000300.txt,3,0;2
000013_056_00000071,train,168,structured_other_png,000013_056_00000071.png,000013_056_00000071.png,000013_056_00000071.png,000013_056_00000071.txt,7,2
000013_056_00000281,train,168,structured_other_png,000013_056_00000281.png,000013_056_00000281.png,000013_056_00000281.png,000013_056_00000281.txt,11,2
000014_002_00000067,train,169,structured_other_png,000014_002_00000067.png,000014_002_00000067.png,000014_002_00000067.png,000014_002_00000067.txt,14,0;3;4
000014_002_suppl_00000167,train,169,suppl_png,000014_002_suppl_00000167.png,000014_002_suppl_00000167.png,000014_002_suppl_00000167.png,000014_002_suppl_00000167.txt,9,0;3;4
000014_011_00000060,train,170,structured_other_png,000014_011_00000060.png,000014_011_00000060.png,000014_011_00000060.png,000014_011_00000060.txt,1,8
000014_012_00000217,train,171,structured_other_png,000014_012_00000217.png,000014_012_00000217.png,000014_012_00000217.png,000014_012_00000217.txt,4,3;8
000014_014_00000072,val,172,structured_other_png,000014_014_00000072.png,000014_014_00000072.png,000014_014_00000072.png,000014_014_00000072.txt,2,4
000014_014_suppl_00000356,train,173,suppl_png,000014_014_suppl_00000356.png,000014_014_suppl_00000356.png,000014_014_suppl_00000356.png,000014_014_suppl_00000356.txt,3,0;4
000014_015_00000285,val,174,structured_other_png,000014_015_00000285.png,000014_015_00000285.png,000014_015_00000285.png,000014_015_00000285.txt,2,3;5
000014_016_00000001,train,175,structured_other_png,000014_016_00000001.png,000014_016_00000001.png,000014_016_00000001.png,000014_016_00000001.txt,1,0
000014_016_suppl_00000354,train,176,suppl_png,000014_016_suppl_00000354.png,000014_016_suppl_00000354.png,000014_016_suppl_00000354.png,000014_016_suppl_00000354.txt,2,0
000014_018_00000143,val,177,structured_other_png,000014_018_00000143.png,000014_018_00000143.png,000014_018_00000143.png,000014_018_00000143.txt,2,6
000014_020_suppl_00000370,train,178,suppl_png,000014_020_suppl_00000370.png,000014_020_suppl_00000370.png,000014_020_suppl_00000370.png,000014_020_suppl_00000370.txt,1,3
000014_022_00000069,val,179,structured_other_png,000014_022_00000069.png,000014_022_00000069.png,000014_022_00000069.png,000014_022_00000069.txt,7,0;3
000014_022_suppl_00000340,train,180,suppl_png,000014_022_suppl_00000340.png,000014_022_suppl_00000340.png,000014_022_suppl_00000340.png,000014_022_suppl_00000340.txt,4,0;3;6
000014_023_00000208,train,181,structured_other_png,000014_023_00000208.png,000014_023_00000208.png,000014_023_00000208.png,000014_023_00000208.txt,4,0
000014_023_00000277,train,181,structured_other_png,000014_023_00000277.png,000014_023_00000277.png,000014_023_00000277.png,000014_023_00000277.txt,2,0
000014_023_suppl_00000174,train,182,suppl_png,000014_023_suppl_00000174.png,000014_023_suppl_00000174.png,000014_023_suppl_00000174.png,000014_023_suppl_00000174.txt,2,0
000014_023_suppl_00000346,train,182,suppl_png,000014_023_suppl_00000346.png,000014_023_suppl_00000346.png,000014_023_suppl_00000346.png,000014_023_suppl_00000346.txt,4,0
000014_024_00000071,train,183,structured_other_png,000014_024_00000071.png,000014_024_00000071.png,000014_024_00000071.png,000014_024_00000071.txt,1,0
000014_025_00000184,train,184,structured_other_png,000014_025_00000184.png,000014_025_00000184.png,000014_025_00000184.png,000014_025_00000184.txt,4,0;4
000014_025_suppl_00000308,train,185,suppl_png,000014_025_suppl_00000308.png,000014_025_suppl_00000308.png,000014_025_suppl_00000308.png,000014_025_suppl_00000308.txt,4,0;4
000014_026_00000064,train,186,structured_other_png,000014_026_00000064.png,000014_026_00000064.png,000014_026_00000064.png,000014_026_00000064.txt,5,0;4
000014_026_00000127,train,186,structured_other_png,000014_026_00000127.png,000014_026_00000127.png,000014_026_00000127.png,000014_026_00000127.txt,9,0;4
000014_026_00000190,train,186,structured_other_png,000014_026_00000190.png,000014_026_00000190.png,000014_026_00000190.png,000014_026_00000190.txt,7,0;4
000014_026_suppl_00000160,train,187,suppl_png,000014_026_suppl_00000160.png,000014_026_suppl_00000160.png,000014_026_suppl_00000160.png,000014_026_suppl_00000160.txt,7,0;4
000014_032_00000068,train,188,structured_other_png,000014_032_00000068.png,000014_032_00000068.png,000014_032_00000068.png,000014_032_00000068.txt,1,9
000014_035_00000199,train,189,structured_other_png,000014_035_00000199.png,000014_035_00000199.png,000014_035_00000199.png,000014_035_00000199.txt,3,0;9
000014_037_00000271,val,190,structured_other_png,000014_037_00000271.png,000014_037_00000271.png,000014_037_00000271.png,000014_037_00000271.txt,7,0;3;4;8
000014_037_suppl_00000451,val,191,suppl_png,000014_037_suppl_00000451.png,000014_037_suppl_00000451.png,000014_037_suppl_00000451.png,000014_037_suppl_00000451.txt,4,0;3;4;6
000014_045_suppl_00000390,train,192,suppl_png,000014_045_suppl_00000390.png,000014_045_suppl_00000390.png,000014_045_suppl_00000390.png,000014_045_suppl_00000390.txt,8,0;3;8
000014_047_00000139,train,193,structured_other_png,000014_047_00000139.png,000014_047_00000139.png,000014_047_00000139.png,000014_047_00000139.txt,8,0;5
000014_047_00000208,train,193,structured_other_png,000014_047_00000208.png,000014_047_00000208.png,000014_047_00000208.png,000014_047_00000208.txt,5,0;5
000014_047_suppl_00000349,train,194,suppl_png,000014_047_suppl_00000349.png,000014_047_suppl_00000349.png,000014_047_suppl_00000349.png,000014_047_suppl_00000349.txt,3,0;5
000014_049_suppl_00000180,train,195,suppl_png,000014_049_suppl_00000180.png,000014_049_suppl_00000180.png,000014_049_suppl_00000180.png,000014_049_suppl_00000180.txt,3,4;6;8
000014_050_00000001,train,196,structured_other_png,000014_050_00000001.png,000014_050_00000001.png,000014_050_00000001.png,000014_050_00000001.txt,9,0;4;6;8
000014_050_00000137,train,196,structured_other_png,000014_050_00000137.png,000014_050_00000137.png,000014_050_00000137.png,000014_050_00000137.txt,3,4
000014_050_00000273,train,196,structured_other_png,000014_050_00000273.png,000014_050_00000273.png,000014_050_00000273.png,000014_050_00000273.txt,6,0;4;5;6
000014_050_suppl_00000172,val,197,suppl_png,000014_050_suppl_00000172.png,000014_050_suppl_00000172.png,000014_050_suppl_00000172.png,000014_050_suppl_00000172.txt,3,4
000014_051_suppl_00000171,train,198,suppl_png,000014_051_suppl_00000171.png,000014_051_suppl_00000171.png,000014_051_suppl_00000171.png,000014_051_suppl_00000171.txt,5,0;4;5;8
000014_051_suppl_00000341,train,198,suppl_png,000014_051_suppl_00000341.png,000014_051_suppl_00000341.png,000014_051_suppl_00000341.png,000014_051_suppl_00000341.txt,4,0;4;5;8
000014_052_00000001,train,199,structured_other_png,000014_052_00000001.png,000014_052_00000001.png,000014_052_00000001.png,000014_052_00000001.txt,4,0;4
000014_052_00000131,train,199,structured_other_png,000014_052_00000131.png,000014_052_00000131.png,000014_052_00000131.png,000014_052_00000131.txt,4,0;4
000014_052_00000196,train,199,structured_other_png,000014_052_00000196.png,000014_052_00000196.png,000014_052_00000196.png,000014_052_00000196.txt,4,0;4
000014_052_00000261,train,199,structured_other_png,000014_052_00000261.png,000014_052_00000261.png,000014_052_00000261.png,000014_052_00000261.txt,4,0;4;6
000014_052_suppl_00000164,train,200,suppl_png,000014_052_suppl_00000164.png,000014_052_suppl_00000164.png,000014_052_suppl_00000164.png,000014_052_suppl_00000164.txt,5,0;4
000014_053_suppl_00000165,val,201,suppl_png,000014_053_suppl_00000165.png,000014_053_suppl_00000165.png,000014_053_suppl_00000165.png,000014_053_suppl_00000165.txt,12,0;4
000014_060_00000001,train,202,structured_other_png,000014_060_00000001.png,000014_060_00000001.png,000014_060_00000001.png,000014_060_00000001.txt,5,0;4;8
000014_060_00000205,train,202,structured_other_png,000014_060_00000205.png,000014_060_00000205.png,000014_060_00000205.png,000014_060_00000205.txt,4,4;8
000014_062_00000001,val,203,structured_other_png,000014_062_00000001.png,000014_062_00000001.png,000014_062_00000001.png,000014_062_00000001.txt,7,0;4
000014_062_suppl_00000174,train,204,suppl_png,000014_062_suppl_00000174.png,000014_062_suppl_00000174.png,000014_062_suppl_00000174.png,000014_062_suppl_00000174.txt,5,4
000014_064_00000001,train,205,structured_other_png,000014_064_00000001.png,000014_064_00000001.png,000014_064_00000001.png,000014_064_00000001.txt,2,4
000014_064_00000135,train,205,structured_other_png,000014_064_00000135.png,000014_064_00000135.png,000014_064_00000135.png,000014_064_00000135.txt,2,4
000014_069_suppl_00000350,train,206,suppl_png,000014_069_suppl_00000350.png,000014_069_suppl_00000350.png,000014_069_suppl_00000350.png,000014_069_suppl_00000350.txt,1,4
000015_004_00000090,train,207,structured_other_png,000015_004_00000090.png,000015_004_00000090.png,000015_004_00000090.png,000015_004_00000090.txt,3,4;7;9
000015_004_00000179,train,207,structured_other_png,000015_004_00000179.png,000015_004_00000179.png,000015_004_00000179.png,000015_004_00000179.txt,4,4;7;9
000015_004_00000268,train,207,structured_other_png,000015_004_00000268.png,000015_004_00000268.png,000015_004_00000268.png,000015_004_00000268.txt,3,4;7;9
000015_004_suppl_00000223,val,208,suppl_png,000015_004_suppl_00000223.png,000015_004_suppl_00000223.png,000015_004_suppl_00000223.png,000015_004_suppl_00000223.txt,3,4;7;9
000015_008_00000001,train,209,structured_other_png,000015_008_00000001.png,000015_008_00000001.png,000015_008_00000001.png,000015_008_00000001.txt,2,3;4
000015_009_00000001,train,210,structured_other_png,000015_009_00000001.png,000015_009_00000001.png,000015_009_00000001.png,000015_009_00000001.txt,3,0;4
000016,train,0,numeric_6digit_png,000016.png,000016.png,000016.png,000016.txt,7,0;2;3
000016_001_00000001,train,211,structured_other_png,000016_001_00000001.png,000016_001_00000001.png,000016_001_00000001.png,000016_001_00000001.txt,1,2
000016_001_00000068,train,211,structured_other_png,000016_001_00000068.png,000016_001_00000068.png,000016_001_00000068.png,000016_001_00000068.txt,1,2
000016_001_00000202,train,211,structured_other_png,000016_001_00000202.png,000016_001_00000202.png,000016_001_00000202.png,000016_001_00000202.txt,1,2
000016_001_00000269,train,211,structured_other_png,000016_001_00000269.png,000016_001_00000269.png,000016_001_00000269.png,000016_001_00000269.txt,1,2
000016_003_suppl_00000166,val,212,suppl_png,000016_003_suppl_00000166.png,000016_003_suppl_00000166.png,000016_003_suppl_00000166.png,000016_003_suppl_00000166.txt,1,2
000016_006_00000001,val,213,structured_other_png,000016_006_00000001.png,000016_006_00000001.png,000016_006_00000001.png,000016_006_00000001.txt,4,2
000016_006_00000253,val,213,structured_other_png,000016_006_00000253.png,000016_006_00000253.png,000016_006_00000253.png,000016_006_00000253.txt,4,2
000016_008_00000133,train,214,structured_other_png,000016_008_00000133.png,000016_008_00000133.png,000016_008_00000133.png,000016_008_00000133.txt,4,2
000016_008_00000265,train,214,structured_other_png,000016_008_00000265.png,000016_008_00000265.png,000016_008_00000265.png,000016_008_00000265.txt,4,2
000016_008_suppl_00000331,val,215,suppl_png,000016_008_suppl_00000331.png,000016_008_suppl_00000331.png,000016_008_suppl_00000331.png,000016_008_suppl_00000331.txt,4,2
000016_009_00000001,train,216,structured_other_png,000016_009_00000001.png,000016_009_00000001.png,000016_009_00000001.png,000016_009_00000001.txt,2,2
000016_015_00000129,train,217,structured_other_png,000016_015_00000129.png,000016_015_00000129.png,000016_015_00000129.png,000016_015_00000129.txt,2,2;4
000016_016_00000065,train,218,structured_other_png,000016_016_00000065.png,000016_016_00000065.png,000016_016_00000065.png,000016_016_00000065.txt,2,2;4
000016_016_00000129,train,218,structured_other_png,000016_016_00000129.png,000016_016_00000129.png,000016_016_00000129.png,000016_016_00000129.txt,2,2
000016_016_00000257,train,218,structured_other_png,000016_016_00000257.png,000016_016_00000257.png,000016_016_00000257.png,000016_016_00000257.txt,1,2
000016_016_suppl_00000324,val,219,suppl_png,000016_016_suppl_00000324.png,000016_016_suppl_00000324.png,000016_016_suppl_00000324.png,000016_016_suppl_00000324.txt,1,2
000016_021_00000001,val,220,structured_other_png,000016_021_00000001.png,000016_021_00000001.png,000016_021_00000001.png,000016_021_00000001.txt,6,2;7
000016_021_00000125,val,220,structured_other_png,000016_021_00000125.png,000016_021_00000125.png,000016_021_00000125.png,000016_021_00000125.txt,4,2;7
000016_021_00000249,val,220,structured_other_png,000016_021_00000249.png,000016_021_00000249.png,000016_021_00000249.png,000016_021_00000249.txt,4,2;7
000016_021_suppl_00000156,train,221,suppl_png,000016_021_suppl_00000156.png,000016_021_suppl_00000156.png,000016_021_suppl_00000156.png,000016_021_suppl_00000156.txt,5,2;7
000016_021_suppl_00000310,train,221,suppl_png,000016_021_suppl_00000310.png,000016_021_suppl_00000310.png,000016_021_suppl_00000310.png,000016_021_suppl_00000310.txt,4,2;7
000016_023_00000001,val,222,structured_other_png,000016_023_00000001.png,000016_023_00000001.png,000016_023_00000001.png,000016_023_00000001.txt,4,0;2
000016_023_00000143,val,222,structured_other_png,000016_023_00000143.png,000016_023_00000143.png,000016_023_00000143.png,000016_023_00000143.txt,6,0;2
000016_024_suppl_00000180,train,223,suppl_png,000016_024_suppl_00000180.png,000016_024_suppl_00000180.png,000016_024_suppl_00000180.png,000016_024_suppl_00000180.txt,6,0;2
000016_027_00000001,val,224,structured_other_png,000016_027_00000001.png,000016_027_00000001.png,000016_027_00000001.png,000016_027_00000001.txt,27,0;4;6
000016_027_00000281,val,224,structured_other_png,000016_027_00000281.png,000016_027_00000281.png,000016_027_00000281.png,000016_027_00000281.txt,26,0;4;6
000016_028_00000257,train,225,structured_other_png,000016_028_00000257.png,000016_028_00000257.png,000016_028_00000257.png,000016_028_00000257.txt,3,2
000016_030_00000069,train,226,structured_other_png,000016_030_00000069.png,000016_030_00000069.png,000016_030_00000069.png,000016_030_00000069.txt,4,2
000016_033_00000208,val,227,structured_other_png,000016_033_00000208.png,000016_033_00000208.png,000016_033_00000208.png,000016_033_00000208.txt,1,2
000016_034_00000067,val,228,structured_other_png,000016_034_00000067.png,000016_034_00000067.png,000016_034_00000067.png,000016_034_00000067.txt,7,0;2;9
000016_034_00000199,val,228,structured_other_png,000016_034_00000199.png,000016_034_00000199.png,000016_034_00000199.png,000016_034_00000199.txt,8,0;2
000016_034_00000265,val,228,structured_other_png,000016_034_00000265.png,000016_034_00000265.png,000016_034_00000265.png,000016_034_00000265.txt,9,0;2
000016_034_suppl_00000330,train,229,suppl_png,000016_034_suppl_00000330.png,000016_034_suppl_00000330.png,000016_034_suppl_00000330.png,000016_034_suppl_00000330.txt,8,0;2
000016_036_suppl_00000363,train,230,suppl_png,000016_036_suppl_00000363.png,000016_036_suppl_00000363.png,000016_036_suppl_00000363.png,000016_036_suppl_00000363.txt,1,2
000016_039_00000190,train,231,structured_other_png,000016_039_00000190.png,000016_039_00000190.png,000016_039_00000190.png,000016_039_00000190.txt,3,2;4
000016_039_suppl_00000160,train,232,suppl_png,000016_039_suppl_00000160.png,000016_039_suppl_00000160.png,000016_039_suppl_00000160.png,000016_039_suppl_00000160.txt,3,2;4
000016_042_00000261,val,233,structured_other_png,000016_042_00000261.png,000016_042_00000261.png,000016_042_00000261.png,000016_042_00000261.txt,3,2;4
000016_042_suppl_00000164,train,234,suppl_png,000016_042_suppl_00000164.png,000016_042_suppl_00000164.png,000016_042_suppl_00000164.png,000016_042_suppl_00000164.txt,3,2;4
000016_043_00000117,val,235,structured_other_png,000016_043_00000117.png,000016_043_00000117.png,000016_043_00000117.png,000016_043_00000117.txt,13,0;6
000016_043_suppl_00000147,train,236,suppl_png,000016_043_suppl_00000147.png,000016_043_suppl_00000147.png,000016_043_suppl_00000147.png,000016_043_suppl_00000147.txt,17,0;6
000016_043_suppl_00000292,train,236,suppl_png,000016_043_suppl_00000292.png,000016_043_suppl_00000292.png,000016_043_suppl_00000292.png,000016_043_suppl_00000292.txt,24,0;6
000016_044_00000085,train,237,structured_other_png,000016_044_00000085.png,000016_044_00000085.png,000016_044_00000085.png,000016_044_00000085.txt,11,0;6
000016_044_00000127,train,237,structured_other_png,000016_044_00000127.png,000016_044_00000127.png,000016_044_00000127.png,000016_044_00000127.txt,10,0;6
000016_044_00000169,train,237,structured_other_png,000016_044_00000169.png,000016_044_00000169.png,000016_044_00000169.png,000016_044_00000169.txt,19,0;6
000017_010_00000143,val,238,structured_other_png,000017_010_00000143.png,000017_010_00000143.png,000017_010_00000143.png,000017_010_00000143.txt,3,0;4
000017_011_00000297,train,239,structured_other_png,000017_011_00000297.png,000017_011_00000297.png,000017_011_00000297.png,000017_011_00000297.txt,14,0;8;9
000017_012_00000135,train,240,structured_other_png,000017_012_00000135.png,000017_012_00000135.png,000017_012_00000135.png,000017_012_00000135.txt,3,0;8;9
000017_012_00000202,train,240,structured_other_png,000017_012_00000202.png,000017_012_00000202.png,000017_012_00000202.png,000017_012_00000202.txt,3,0;6;8
000017_012_suppl_00000335,val,241,suppl_png,000017_012_suppl_00000335.png,000017_012_suppl_00000335.png,000017_012_suppl_00000335.png,000017_012_suppl_00000335.txt,3,0;8;9
000017_015_00000001,train,242,structured_other_png,000017_015_00000001.png,000017_015_00000001.png,000017_015_00000001.png,000017_015_00000001.txt,11,0;4;6;8
000017_015_suppl_00000162,train,243,suppl_png,000017_015_suppl_00000162.png,000017_015_suppl_00000162.png,000017_015_suppl_00000162.png,000017_015_suppl_00000162.txt,6,0;4
000017_018_suppl_00000233,train,244,suppl_png,000017_018_suppl_00000233.png,000017_018_suppl_00000233.png,000017_018_suppl_00000233.png,000017_018_suppl_00000233.txt,4,0;5;8
000017_020_00000001,train,245,structured_other_png,000017_020_00000001.png,000017_020_00000001.png,000017_020_00000001.png,000017_020_00000001.txt,3,0;5;8
000017_020_00000214,train,245,structured_other_png,000017_020_00000214.png,000017_020_00000214.png,000017_020_00000214.png,000017_020_00000214.txt,3,0;5;8
000017_020_suppl_00000179,train,246,suppl_png,000017_020_suppl_00000179.png,000017_020_suppl_00000179.png,000017_020_suppl_00000179.png,000017_020_suppl_00000179.txt,3,0;5;8
000017_020_suppl_00000356,train,246,suppl_png,000017_020_suppl_00000356.png,000017_020_suppl_00000356.png,000017_020_suppl_00000356.png,000017_020_suppl_00000356.txt,4,0;5;8
000017_021_00000001,train,247,structured_other_png,000017_021_00000001.png,000017_021_00000001.png,000017_021_00000001.png,000017_021_00000001.txt,7,0;8
000017_021_00000265,train,247,structured_other_png,000017_021_00000265.png,000017_021_00000265.png,000017_021_00000265.png,000017_021_00000265.txt,18,0;4;8;9
000017_021_suppl_00000166,val,248,suppl_png,000017_021_suppl_00000166.png,000017_021_suppl_00000166.png,000017_021_suppl_00000166.png,000017_021_suppl_00000166.txt,10,0;6;8
000017_021_suppl_00000331,val,248,suppl_png,000017_021_suppl_00000331.png,000017_021_suppl_00000331.png,000017_021_suppl_00000331.png,000017_021_suppl_00000331.txt,18,0;4;8
000018_001_00000155,train,249,structured_other_png,000018_001_00000155.png,000018_001_00000155.png,000018_001_00000155.png,000018_001_00000155.txt,1,2
000018_001_00000232,train,249,structured_other_png,000018_001_00000232.png,000018_001_00000232.png,000018_001_00000232.png,000018_001_00000232.txt,3,2;4
000018_003_suppl_00000173,train,250,suppl_png,000018_003_suppl_00000173.png,000018_003_suppl_00000173.png,000018_003_suppl_00000173.png,000018_003_suppl_00000173.txt,2,2;4
000018_004_00000155,train,251,structured_other_png,000018_004_00000155.png,000018_004_00000155.png,000018_004_00000155.png,000018_004_00000155.txt,3,2;4
000018_004_00000232,train,251,structured_other_png,000018_004_00000232.png,000018_004_00000232.png,000018_004_00000232.png,000018_004_00000232.txt,3,2;4
000018_006_00000063,train,252,structured_other_png,000018_006_00000063.png,000018_006_00000063.png,000018_006_00000063.png,000018_006_00000063.txt,5,0;3
000018_006_00000187,train,252,structured_other_png,000018_006_00000187.png,000018_006_00000187.png,000018_006_00000187.png,000018_006_00000187.txt,3,0;3
000018_007_00000001,train,253,structured_other_png,000018_007_00000001.png,000018_007_00000001.png,000018_007_00000001.png,000018_007_00000001.txt,2,2;4
000018_007_00000139,train,253,structured_other_png,000018_007_00000139.png,000018_007_00000139.png,000018_007_00000139.png,000018_007_00000139.txt,2,2;4
000018_007_00000208,train,253,structured_other_png,000018_007_00000208.png,000018_007_00000208.png,000018_007_00000208.png,000018_007_00000208.txt,2,2;4
000018_007_00000277,train,253,structured_other_png,000018_007_00000277.png,000018_007_00000277.png,000018_007_00000277.png,000018_007_00000277.txt,2,2;4
000018_008_00000001,train,254,structured_other_png,000018_008_00000001.png,000018_008_00000001.png,000018_008_00000001.png,000018_008_00000001.txt,4,2
000018_008_00000261,train,254,structured_other_png,000018_008_00000261.png,000018_008_00000261.png,000018_008_00000261.png,000018_008_00000261.txt,4,2
000019_003_00000139,train,255,structured_other_png,000019_003_00000139.png,000019_003_00000139.png,000019_003_00000139.png,000019_003_00000139.txt,4,2
000019_005_00000001,train,256,structured_other_png,000019_005_00000001.png,000019_005_00000001.png,000019_005_00000001.png,000019_005_00000001.txt,2,2
000019_005_00000066,train,256,structured_other_png,000019_005_00000066.png,000019_005_00000066.png,000019_005_00000066.png,000019_005_00000066.txt,2,2
000019_005_00000196,train,256,structured_other_png,000019_005_00000196.png,000019_005_00000196.png,000019_005_00000196.png,000019_005_00000196.txt,4,2
000019_009_00000141,train,257,structured_other_png,000019_009_00000141.png,000019_009_00000141.png,000019_009_00000141.png,000019_009_00000141.txt,2,4;8
000019_014_00000001,val,258,structured_other_png,000019_014_00000001.png,000019_014_00000001.png,000019_014_00000001.png,000019_014_00000001.txt,1,3
000019_015_00000001,val,259,structured_other_png,000019_015_00000001.png,000019_015_00000001.png,000019_015_00000001.png,000019_015_00000001.txt,2,3;9
000019_016_00000052,train,260,structured_other_png,000019_016_00000052.png,000019_016_00000052.png,000019_016_00000052.png,000019_016_00000052.txt,6,2
000019_016_00000154,train,260,structured_other_png,000019_016_00000154.png,000019_016_00000154.png,000019_016_00000154.png,000019_016_00000154.txt,12,2
000019_017_00000001,train,261,structured_other_png,000019_017_00000001.png,000019_017_00000001.png,000019_017_00000001.png,000019_017_00000001.txt,2,2
000019_018_00000001,val,262,structured_other_png,000019_018_00000001.png,000019_018_00000001.png,000019_018_00000001.png,000019_018_00000001.txt,2,2
000019_018_00000049,val,262,structured_other_png,000019_018_00000049.png,000019_018_00000049.png,000019_018_00000049.png,000019_018_00000049.txt,2,2
000019_018_00000145,val,262,structured_other_png,000019_018_00000145.png,000019_018_00000145.png,000019_018_00000145.png,000019_018_00000145.txt,3,2
000019_019_00000225,val,263,structured_other_png,000019_019_00000225.png,000019_019_00000225.png,000019_019_00000225.png,000019_019_00000225.txt,3,2
000019_027_00000141,train,264,structured_other_png,000019_027_00000141.png,000019_027_00000141.png,000019_027_00000141.png,000019_027_00000141.txt,2,2
000019_028_00000273,val,265,structured_other_png,000019_028_00000273.png,000019_028_00000273.png,000019_028_00000273.png,000019_028_00000273.txt,2,2
000019_029_00000205,train,266,structured_other_png,000019_029_00000205.png,000019_029_00000205.png,000019_029_00000205.png,000019_029_00000205.txt,2,2
000019_030_00000001,train,267,structured_other_png,000019_030_00000001.png,000019_030_00000001.png,000019_030_00000001.png,000019_030_00000001.txt,8,0;2
000019_030_00000072,train,267,structured_other_png,000019_030_00000072.png,000019_030_00000072.png,000019_030_00000072.png,000019_030_00000072.txt,7,0;2
000019_030_00000285,train,267,structured_other_png,000019_030_00000285.png,000019_030_00000285.png,000019_030_00000285.png,000019_030_00000285.txt,10,0;2
000019_038_00000205,val,268,structured_other_png,000019_038_00000205.png,000019_038_00000205.png,000019_038_00000205.png,000019_038_00000205.txt,11,0;2;4
000019_039_00000277,train,269,structured_other_png,000019_039_00000277.png,000019_039_00000277.png,000019_039_00000277.png,000019_039_00000277.txt,1,2
000019_040_00000208,val,270,structured_other_png,000019_040_00000208.png,000019_040_00000208.png,000019_040_00000208.png,000019_040_00000208.txt,2,2
000019_041_00000141,train,271,structured_other_png,000019_041_00000141.png,000019_041_00000141.png,000019_041_00000141.png,000019_041_00000141.txt,10,0;2;7
000019_044_00000001,train,272,structured_other_png,000019_044_00000001.png,000019_044_00000001.png,000019_044_00000001.png,000019_044_00000001.txt,10,2
000019_045_00000145,train,273,structured_other_png,000019_045_00000145.png,000019_045_00000145.png,000019_045_00000145.png,000019_045_00000145.txt,8,0;2
000020_002_00000123,train,274,structured_other_png,000020_002_00000123.png,000020_002_00000123.png,000020_002_00000123.png,000020_002_00000123.txt,11,0;3;5;6;9
000020_003_00000253,val,275,structured_other_png,000020_003_00000253.png,000020_003_00000253.png,000020_003_00000253.png,000020_003_00000253.txt,10,0;5
000020_010_00000001,train,276,structured_other_png,000020_010_00000001.png,000020_010_00000001.png,000020_010_00000001.png,000020_010_00000001.txt,12,0;4;5;8
000020_010_00000023,train,276,structured_other_png,000020_010_00000023.png,000020_010_00000023.png,000020_010_00000023.png,000020_010_00000023.txt,12,0;4;5;8
000020_010_00000045,train,276,structured_other_png,000020_010_00000045.png,000020_010_00000045.png,000020_010_00000045.png,000020_010_00000045.txt,8,0;4;5;8
000020_010_00000089,train,276,structured_other_png,000020_010_00000089.png,000020_010_00000089.png,000020_010_00000089.png,000020_010_00000089.txt,8,0;4;5;8
000020_011_00000076,train,277,structured_other_png,000020_011_00000076.png,000020_011_00000076.png,000020_011_00000076.png,000020_011_00000076.txt,8,0;3;5
000020_011_00000151,train,277,structured_other_png,000020_011_00000151.png,000020_011_00000151.png,000020_011_00000151.png,000020_011_00000151.txt,8,0;3;5
000020_014_00000001,train,278,structured_other_png,000020_014_00000001.png,000020_014_00000001.png,000020_014_00000001.png,000020_014_00000001.txt,6,0
000020_014_00000129,train,278,structured_other_png,000020_014_00000129.png,000020_014_00000129.png,000020_014_00000129.png,000020_014_00000129.txt,7,0
000020_014_00000193,train,278,structured_other_png,000020_014_00000193.png,000020_014_00000193.png,000020_014_00000193.png,000020_014_00000193.txt,7,0
000020_015_00000064,train,279,structured_other_png,000020_015_00000064.png,000020_015_00000064.png,000020_015_00000064.png,000020_015_00000064.txt,4,2
000020_015_00000127,train,279,structured_other_png,000020_015_00000127.png,000020_015_00000127.png,000020_015_00000127.png,000020_015_00000127.txt,4,2
000020_015_00000253,train,279,structured_other_png,000020_015_00000253.png,000020_015_00000253.png,000020_015_00000253.png,000020_015_00000253.txt,2,2
000020_018_00000093,train,280,structured_other_png,000020_018_00000093.png,000020_018_00000093.png,000020_018_00000093.png,000020_018_00000093.txt,5,0;4;8
000021_001_00000133,train,281,structured_other_png,000021_001_00000133.png,000021_001_00000133.png,000021_001_00000133.png,000021_001_00000133.txt,2,0;5
000021_001_00000199,train,281,structured_other_png,000021_001_00000199.png,000021_001_00000199.png,000021_001_00000199.png,000021_001_00000199.txt,6,0;5;6
000021_001_00000265,train,281,structured_other_png,000021_001_00000265.png,000021_001_00000265.png,000021_001_00000265.png,000021_001_00000265.txt,8,0;5;6
000021_003_00000001,train,282,structured_other_png,000021_003_00000001.png,000021_003_00000001.png,000021_003_00000001.png,000021_003_00000001.txt,7,0;5;6
000021_003_00000091,train,282,structured_other_png,000021_003_00000091.png,000021_003_00000091.png,000021_003_00000091.png,000021_003_00000091.txt,3,0;5;6
000021_004_00000065,train,283,structured_other_png,000021_004_00000065.png,000021_004_00000065.png,000021_004_00000065.png,000021_004_00000065.txt,7,0;6;8
000021_004_00000129,train,283,structured_other_png,000021_004_00000129.png,000021_004_00000129.png,000021_004_00000129.png,000021_004_00000129.txt,5,4;6
000021_004_00000193,train,283,structured_other_png,000021_004_00000193.png,000021_004_00000193.png,000021_004_00000193.png,000021_004_00000193.txt,6,6;8
000021_006_00000208,val,284,structured_other_png,000021_006_00000208.png,000021_006_00000208.png,000021_006_00000208.png,000021_006_00000208.txt,12,4;6;9
000021_007_00000137,val,285,structured_other_png,000021_007_00000137.png,000021_007_00000137.png,000021_007_00000137.png,000021_007_00000137.txt,12,4;6;9
000021_014_00000066,train,286,structured_other_png,000021_014_00000066.png,000021_014_00000066.png,000021_014_00000066.png,000021_014_00000066.txt,5,0;4;6
000021_014_00000131,train,286,structured_other_png,000021_014_00000131.png,000021_014_00000131.png,000021_014_00000131.png,000021_014_00000131.txt,7,0;4;6
000021_014_00000261,train,286,structured_other_png,000021_014_00000261.png,000021_014_00000261.png,000021_014_00000261.png,000021_014_00000261.txt,9,0;4;5;6
000021_015_00000001,train,287,structured_other_png,000021_015_00000001.png,000021_015_00000001.png,000021_015_00000001.png,000021_015_00000001.txt,6,0;7;11
000021_020_00000131,train,288,structured_other_png,000021_020_00000131.png,000021_020_00000131.png,000021_020_00000131.png,000021_020_00000131.txt,3,0;3;5
000021_021_00000028,train,289,structured_other_png,000021_021_00000028.png,000021_021_00000028.png,000021_021_00000028.png,000021_021_00000028.txt,10,4;5;6;9
000021_021_00000109,train,289,structured_other_png,000021_021_00000109.png,000021_021_00000109.png,000021_021_00000109.png,000021_021_00000109.txt,6,5;9
000021_024_00000085,val,290,structured_other_png,000021_024_00000085.png,000021_024_00000085.png,000021_024_00000085.png,000021_024_00000085.txt,4,0;6;11
00000022,train,21,numeric_8digit_jpg,00000022.jpg,00000022.jpg,00000022.jpg,00000022.txt,8,4;6;8;10
000022_006_00000001,train,291,structured_other_png,000022_006_00000001.png,000022_006_00000001.png,000022_006_00000001.png,000022_006_00000001.txt,4,3;6
000022_008_00000001,train,292,structured_other_png,000022_008_00000001.png,000022_008_00000001.png,000022_008_00000001.png,000022_008_00000001.txt,4,0;5
000022_014_00000068,val,293,structured_other_png,000022_014_00000068.png,000022_014_00000068.png,000022_014_00000068.png,000022_014_00000068.txt,10,0;5;7
000022_014_00000269,val,293,structured_other_png,000022_014_00000269.png,000022_014_00000269.png,000022_014_00000269.png,000022_014_00000269.txt,9,0;5;7
000022_018_00000001,train,294,structured_other_png,000022_018_00000001.png,000022_018_00000001.png,000022_018_00000001.png,000022_018_00000001.txt,2,0;2
000023_001_00000001,train,295,structured_other_png,000023_001_00000001.png,000023_001_00000001.png,000023_001_00000001.png,000023_001_00000001.txt,3,2
000023_001_00000082,train,295,structured_other_png,000023_001_00000082.png,000023_001_00000082.png,000023_001_00000082.png,000023_001_00000082.txt,3,2
000023_001_00000325,train,295,structured_other_png,000023_001_00000325.png,000023_001_00000325.png,000023_001_00000325.png,000023_001_00000325.txt,3,2
000023_002_00000001,train,296,structured_other_png,000023_002_00000001.png,000023_002_00000001.png,000023_002_00000001.png,000023_002_00000001.txt,4,2;4
000023_002_00000072,train,296,structured_other_png,000023_002_00000072.png,000023_002_00000072.png,000023_002_00000072.png,000023_002_00000072.txt,3,2;4
000023_002_00000285,train,296,structured_other_png,000023_002_00000285.png,000023_002_00000285.png,000023_002_00000285.png,000023_002_00000285.txt,2,2;4
000023_003_00000341,val,297,structured_other_png,000023_003_00000341.png,000023_003_00000341.png,000023_003_00000341.png,000023_003_00000341.txt,4,0;3;9
000023_005_00000070,train,298,structured_other_png,000023_005_00000070.png,000023_005_00000070.png,000023_005_00000070.png,000023_005_00000070.txt,7,0;3;9
000023_005_00000139,train,298,structured_other_png,000023_005_00000139.png,000023_005_00000139.png,000023_005_00000139.png,000023_005_00000139.txt,5,0;3;9
000023_008_00000068,val,299,structured_other_png,000023_008_00000068.png,000023_008_00000068.png,000023_008_00000068.png,000023_008_00000068.txt,4,0;6
000023_008_00000202,val,299,structured_other_png,000023_008_00000202.png,000023_008_00000202.png,000023_008_00000202.png,000023_008_00000202.txt,5,0;2;3
000023_008_00000269,val,299,structured_other_png,000023_008_00000269.png,000023_008_00000269.png,000023_008_00000269.png,000023_008_00000269.txt,4,0;3
000023_009_00000217,val,300,structured_other_png,000023_009_00000217.png,000023_009_00000217.png,000023_009_00000217.png,000023_009_00000217.txt,3,2
000023_012_00000085,train,301,structured_other_png,000023_012_00000085.png,000023_012_00000085.png,000023_012_00000085.png,000023_012_00000085.txt,4,2;4
000023_012_00000169,train,301,structured_other_png,000023_012_00000169.png,000023_012_00000169.png,000023_012_00000169.png,000023_012_00000169.txt,4,2;4
00000025,train,21,numeric_8digit_jpg,00000025.jpg,00000025.jpg,00000025.jpg,00000025.txt,9,0;4;6;8;10
000027,train,0,numeric_6digit_png,000027.png,000027.png,000027.png,000027.txt,12,0;3;6;8
000029,train,0,numeric_6digit_png,000029.png,000029.png,000029.png,000029.txt,9,0;3;6;8
00000031,train,21,numeric_8digit_jpg,00000031.jpg,00000031.jpg,00000031.jpg,00000031.txt,8,4;6;8;10
000031,train,0,numeric_6digit_png,000031.png,000031.png,000031.png,000031.txt,14,0;5
000032,train,0,numeric_6digit_png,000032.png,000032.png,000032.png,000032.txt,31,0;5;9
000032_003_00000001,train,302,structured_other_png,000032_003_00000001.png,000032_003_00000001.png,000032_003_00000001.png,000032_003_00000001.txt,5,2
000032_003_00000066,train,302,structured_other_png,000032_003_00000066.png,000032_003_00000066.png,000032_003_00000066.png,000032_003_00000066.txt,5,2
000032_003_00000131,train,302,structured_other_png,000032_003_00000131.png,000032_003_00000131.png,000032_003_00000131.png,000032_003_00000131.txt,4,2
000032_027_00000013,val,303,structured_other_png,000032_027_00000013.png,000032_027_00000013.png,000032_027_00000013.png,000032_027_00000013.txt,6,0;4;6
000032_027_00000037,val,303,structured_other_png,000032_027_00000037.png,000032_027_00000037.png,000032_027_00000037.png,000032_027_00000037.txt,8,0;5;6
000032_028_00000009,train,304,structured_other_png,000032_028_00000009.png,000032_028_00000009.png,000032_028_00000009.png,000032_028_00000009.txt,8,0;5;6
000032_028_00000017,train,304,structured_other_png,000032_028_00000017.png,000032_028_00000017.png,000032_028_00000017.png,000032_028_00000017.txt,6,0;5
000032_029_00000001,train,305,structured_other_png,000032_029_00000001.png,000032_029_00000001.png,000032_029_00000001.png,000032_029_00000001.txt,8,0;5;6
00000033,train,21,numeric_8digit_jpg,00000033.jpg,00000033.jpg,00000033.jpg,00000033.txt,7,4;6;8;10
000034,train,0,numeric_6digit_png,000034.png,000034.png,000034.png,000034.txt,33,0;5
00000034,train,21,numeric_8digit_jpg,00000034.jpg,00000034.jpg,00000034.jpg,00000034.txt,9,0;4;6;8;10
00000036,train,21,numeric_8digit_jpg,00000036.jpg,00000036.jpg,00000036.jpg,00000036.txt,7,0;4;6;8
000037,train,0,numeric_6digit_png,000037.png,000037.png,000037.png,000037.txt,21,0
00000038,train,21,numeric_8digit_jpg,00000038.jpg,00000038.jpg,00000038.jpg,00000038.txt,9,0;4;6;8;10
000040,train,0,numeric_6digit_png,000040.png,000040.png,000040.png,000040.txt,25,0;5
000042,train,0,numeric_6digit_png,000042.png,000042.png,000042.png,000042.txt,44,0;5
000043,train,0,numeric_6digit_png,000043.png,000043.png,000043.png,000043.txt,31,0;5
00000043,train,21,numeric_8digit_jpg,00000043.jpg,00000043.jpg,00000043.jpg,00000043.txt,9,0;4;6;8;10
00000045,train,21,numeric_8digit_jpg,00000045.jpg,00000045.jpg,00000045.jpg,00000045.txt,9,0;4;6;8;10
000045,train,0,numeric_6digit_png,000045.png,000045.png,000045.png,000045.txt,39,0;5
00000047,train,21,numeric_8digit_jpg,00000047.jpg,00000047.jpg,00000047.jpg,00000047.txt,8,4;6;8;10
00000049,train,21,numeric_8digit_jpg,00000049.jpg,00000049.jpg,00000049.jpg,00000049.txt,8,4;6;8;10
000050,train,0,numeric_6digit_png,000050.png,000050.png,000050.png,000050.txt,37,0;5
00000050,train,21,numeric_8digit_jpg,00000050.jpg,00000050.jpg,00000050.jpg,00000050.txt,8,4;6;8;10
000051,train,0,numeric_6digit_png,000051.png,000051.png,000051.png,000051.txt,38,0;5;9
00000052,train,21,numeric_8digit_jpg,00000052.jpg,00000052.jpg,00000052.jpg,00000052.txt,8,4;6;8;10
00000054,train,21,numeric_8digit_jpg,00000054.jpg,00000054.jpg,00000054.jpg,00000054.txt,8,4;6;8;10
000056,train,0,numeric_6digit_png,000056.png,000056.png,000056.png,000056.txt,15,0;5;6
00000056,train,21,numeric_8digit_jpg,00000056.jpg,00000056.jpg,00000056.jpg,00000056.txt,6,4;6;8;10
00000057,train,21,numeric_8digit_jpg,00000057.jpg,00000057.jpg,00000057.jpg,00000057.txt,6,4;6;8;10
00000063,train,21,numeric_8digit_jpg,00000063.jpg,00000063.jpg,00000063.jpg,00000063.txt,6,4;6;8;10
000066,train,0,numeric_6digit_png,000066.png,000066.png,000066.png,000066.txt,6,0;1;5
00000068,train,21,numeric_8digit_jpg,00000068.jpg,00000068.jpg,00000068.jpg,00000068.txt,7,0;4;6;8;10
000070,train,0,numeric_6digit_png,000070.png,000070.png,000070.png,000070.txt,8,0;1;5
00000072,train,21,numeric_8digit_jpg,00000072.jpg,00000072.jpg,00000072.jpg,00000072.txt,6,4;6;8;10
000078,train,0,numeric_6digit_png,000078.png,000078.png,000078.png,000078.txt,13,0;1
000081,train,0,numeric_6digit_png,000081.png,000081.png,000081.png,000081.txt,8,0;1
00000084,train,21,numeric_8digit_jpg,00000084.jpg,00000084.jpg,00000084.jpg,00000084.txt,6,4;6;8;10
00000090,train,21,numeric_8digit_jpg,00000090.jpg,00000090.jpg,00000090.jpg,00000090.txt,6,4;6;8;10
00000093,train,21,numeric_8digit_jpg,00000093.jpg,00000093.jpg,00000093.jpg,00000093.txt,6,4;6;8;10
00000095,train,21,numeric_8digit_jpg,00000095.jpg,00000095.jpg,00000095.jpg,00000095.txt,6,4;6;8;10
000097,train,0,numeric_6digit_png,000097.png,000097.png,000097.png,000097.txt,5,0;8;9
00000098,train,306,numeric_8digit_jpg,00000098.jpg,00000098.jpg,00000098.jpg,00000098.txt,6,4;6;8;10
00000104,train,306,numeric_8digit_jpg,00000104.jpg,00000104.jpg,00000104.jpg,00000104.txt,7,0;4;6;8;10
000105,train,0,numeric_6digit_png,000105.png,000105.png,000105.png,000105.txt,1,7
00000106,train,306,numeric_8digit_jpg,00000106.jpg,00000106.jpg,00000106.jpg,00000106.txt,7,0;4;6;8;10
000109,train,0,numeric_6digit_png,000109.png,000109.png,000109.png,000109.txt,1,7
00000111,train,306,numeric_8digit_jpg,00000111.jpg,00000111.jpg,00000111.jpg,00000111.txt,7,0;4;6;8;10
000114,train,0,numeric_6digit_png,000114.png,000114.png,000114.png,000114.txt,2,0
000116,val,307,numeric_6digit_png,000116.png,000116.png,000116.png,000116.txt,14,0;4;8;9
00000118,train,306,numeric_8digit_jpg,00000118.jpg,00000118.jpg,00000118.jpg,00000118.txt,7,0;4;6;8;10
00000120,train,306,numeric_8digit_jpg,00000120.jpg,00000120.jpg,00000120.jpg,00000120.txt,7,0;4;6;8;10
00000122,train,306,numeric_8digit_jpg,00000122.jpg,00000122.jpg,00000122.jpg,00000122.txt,7,0;4;6;8;10
00000123,train,306,numeric_8digit_jpg,00000123.jpg,00000123.jpg,00000123.jpg,00000123.txt,7,0;4;6;8;10
000127,val,307,numeric_6digit_png,000127.png,000127.png,000127.png,000127.txt,13,0;4;8;9
00000129,train,306,numeric_8digit_jpg,00000129.jpg,00000129.jpg,00000129.jpg,00000129.txt,2,0;10
00000130,train,306,numeric_8digit_jpg,00000130.jpg,00000130.jpg,00000130.jpg,00000130.txt,2,0;10
000130,val,307,numeric_6digit_png,000130.png,000130.png,000130.png,000130.txt,12,0;4;8;9
00000136,train,306,numeric_8digit_jpg,00000136.jpg,00000136.jpg,00000136.jpg,00000136.txt,2,0;10
00000139,train,306,numeric_8digit_jpg,00000139.jpg,00000139.jpg,00000139.jpg,00000139.txt,2,0;10
000140,val,307,numeric_6digit_png,000140.png,000140.png,000140.png,000140.txt,8,0;1;9
00000143,train,306,numeric_8digit_jpg,00000143.jpg,00000143.jpg,00000143.jpg,00000143.txt,2,0;10
000146,val,307,numeric_6digit_png,000146.png,000146.png,000146.png,000146.txt,12,0;4;5;6;8
00000147,train,306,numeric_8digit_jpg,00000147.jpg,00000147.jpg,00000147.jpg,00000147.txt,2,0;10
000152,val,307,numeric_6digit_png,000152.png,000152.png,000152.png,000152.txt,20,0;4;5;6;8
000157,val,307,numeric_6digit_png,000157.png,000157.png,000157.png,000157.txt,23,0;4;5;6;8
00000157,train,306,numeric_8digit_jpg,00000157.jpg,00000157.jpg,00000157.jpg,00000157.txt,2,0;10
000162,val,307,numeric_6digit_png,000162.png,000162.png,000162.png,000162.txt,6,0;4;8
00000163,train,306,numeric_8digit_jpg,00000163.jpg,00000163.jpg,00000163.jpg,00000163.txt,2,0;10
00000168,train,306,numeric_8digit_jpg,00000168.jpg,00000168.jpg,00000168.jpg,00000168.txt,3,0;10
00000171,train,306,numeric_8digit_jpg,00000171.jpg,00000171.jpg,00000171.jpg,00000171.txt,3,0;10
000173,val,307,numeric_6digit_png,000173.png,000173.png,000173.png,000173.txt,2,3;4
00000175,train,306,numeric_8digit_jpg,00000175.jpg,00000175.jpg,00000175.jpg,00000175.txt,3,0;10
00000177,train,306,numeric_8digit_jpg,00000177.jpg,00000177.jpg,00000177.jpg,00000177.txt,3,0;10
00000180,train,306,numeric_8digit_jpg,00000180.jpg,00000180.jpg,00000180.jpg,00000180.txt,3,0;10
000181,val,307,numeric_6digit_png,000181.png,000181.png,000181.png,000181.txt,2,8;10
000182,val,307,numeric_6digit_png,000182.png,000182.png,000182.png,000182.txt,1,10
00000184,train,306,numeric_8digit_jpg,00000184.jpg,00000184.jpg,00000184.jpg,00000184.txt,3,0;10
000186,val,307,numeric_6digit_png,000186.png,000186.png,000186.png,000186.txt,7,0;4;8;10
00000189,train,306,numeric_8digit_jpg,00000189.jpg,00000189.jpg,00000189.jpg,00000189.txt,3,0;10
000190,val,307,numeric_6digit_png,000190.png,000190.png,000190.png,000190.txt,6,0;4;8;9;10
000195,val,307,numeric_6digit_png,000195.png,000195.png,000195.png,000195.txt,2,8;10
00000203,train,306,numeric_8digit_jpg,00000203.jpg,00000203.jpg,00000203.jpg,00000203.txt,3,0;10
000203,val,307,numeric_6digit_png,000203.png,000203.png,000203.png,000203.txt,4,0;4;5
00000205,train,306,numeric_8digit_jpg,00000205.jpg,00000205.jpg,00000205.jpg,00000205.txt,3,0;10
000206,val,307,numeric_6digit_png,000206.png,000206.png,000206.png,000206.txt,4,0;4;5
00000207,val,308,numeric_8digit_jpg,00000207.jpg,00000207.jpg,00000207.jpg,00000207.txt,3,0;10
00000212,val,308,numeric_8digit_jpg,00000212.jpg,00000212.jpg,00000212.jpg,00000212.txt,1,10
00000214,val,308,numeric_8digit_jpg,00000214.jpg,00000214.jpg,00000214.jpg,00000214.txt,1,10
00000216,val,308,numeric_8digit_jpg,00000216.jpg,00000216.jpg,00000216.jpg,00000216.txt,1,10
00000220,val,308,numeric_8digit_jpg,00000220.jpg,00000220.jpg,00000220.jpg,00000220.txt,1,10
00000221,val,308,numeric_8digit_jpg,00000221.jpg,00000221.jpg,00000221.jpg,00000221.txt,2,0;10
000224,val,307,numeric_6digit_png,000224.png,000224.png,000224.png,000224.txt,2,8;10
00000225,val,308,numeric_8digit_jpg,00000225.jpg,00000225.jpg,00000225.jpg,00000225.txt,2,0;10
00000228,val,308,numeric_8digit_jpg,00000228.jpg,00000228.jpg,00000228.jpg,00000228.txt,2,0;10
00000230,val,308,numeric_8digit_jpg,00000230.jpg,00000230.jpg,00000230.jpg,00000230.txt,2,0;10
000234,val,307,numeric_6digit_png,000234.png,000234.png,000234.png,000234.txt,1,10
00000234,val,308,numeric_8digit_jpg,00000234.jpg,00000234.jpg,00000234.jpg,00000234.txt,2,0;10
000235,val,307,numeric_6digit_png,000235.png,000235.png,000235.png,000235.txt,1,10
00000239,val,308,numeric_8digit_jpg,00000239.jpg,00000239.jpg,00000239.jpg,00000239.txt,1,0
000239,val,307,numeric_6digit_png,000239.png,000239.png,000239.png,000239.txt,3,4;8;10
00000241,val,308,numeric_8digit_jpg,00000241.jpg,00000241.jpg,00000241.jpg,00000241.txt,2,10
000242,val,307,numeric_6digit_png,000242.png,000242.png,000242.png,000242.txt,4,8;10
00000243,val,308,numeric_8digit_jpg,00000243.jpg,00000243.jpg,00000243.jpg,00000243.txt,1,10
00000244,val,308,numeric_8digit_jpg,00000244.jpg,00000244.jpg,00000244.jpg,00000244.txt,1,10
00000248,val,308,numeric_8digit_jpg,00000248.jpg,00000248.jpg,00000248.jpg,00000248.txt,1,10
00000253,val,308,numeric_8digit_jpg,00000253.jpg,00000253.jpg,00000253.jpg,00000253.txt,1,10
00000257,val,308,numeric_8digit_jpg,00000257.jpg,00000257.jpg,00000257.jpg,00000257.txt,1,10
000259,val,307,numeric_6digit_png,000259.png,000259.png,000259.png,000259.txt,2,2
000261,val,307,numeric_6digit_png,000261.png,000261.png,000261.png,000261.txt,6,2
000266,val,307,numeric_6digit_png,000266.png,000266.png,000266.png,000266.txt,2,2
00000271,val,308,numeric_8digit_jpg,00000271.jpg,00000271.jpg,00000271.jpg,00000271.txt,2,10
00000273,val,308,numeric_8digit_jpg,00000273.jpg,00000273.jpg,00000273.jpg,00000273.txt,2,10
00000275,val,308,numeric_8digit_jpg,00000275.jpg,00000275.jpg,00000275.jpg,00000275.txt,2,10
000279,val,307,numeric_6digit_png,000279.png,000279.png,000279.png,000279.txt,8,0;2
000281,train,309,numeric_6digit_png,000281.png,000281.png,000281.png,000281.txt,16,0;6
00000282,val,308,numeric_8digit_jpg,00000282.jpg,00000282.jpg,00000282.jpg,00000282.txt,1,10
000282,train,309,numeric_6digit_png,000282.png,000282.png,000282.png,000282.txt,16,0;6
000284,train,309,numeric_6digit_png,000284.png,000284.png,000284.png,000284.txt,13,0;6
000289,train,309,numeric_6digit_png,000289.png,000289.png,000289.png,000289.txt,13,0;6
00000291,val,308,numeric_8digit_jpg,00000291.jpg,00000291.jpg,00000291.jpg,00000291.txt,2,10
00000293,val,308,numeric_8digit_jpg,00000293.jpg,00000293.jpg,00000293.jpg,00000293.txt,2,10
000295,train,309,numeric_6digit_png,000295.png,000295.png,000295.png,000295.txt,11,0;6
000300,train,309,numeric_6digit_png,000300.png,000300.png,000300.png,000300.txt,11,0;6
000301,train,309,numeric_6digit_png,000301.png,000301.png,000301.png,000301.txt,6,0;4;9
000303,train,309,numeric_6digit_png,000303.png,000303.png,000303.png,000303.txt,9,0;3;4
000305,train,309,numeric_6digit_png,000305.png,000305.png,000305.png,000305.txt,7,0;4
000309,train,309,numeric_6digit_png,000309.png,000309.png,000309.png,000309.txt,6,0;4;9
000311,train,309,numeric_6digit_png,000311.png,000311.png,000311.png,000311.txt,4,0;8;9
000313,train,309,numeric_6digit_png,000313.png,000313.png,000313.png,000313.txt,4,0;8;9
00000321,val,308,numeric_8digit_jpg,00000321.jpg,00000321.jpg,00000321.jpg,00000321.txt,4,0;6;10
000323,train,309,numeric_6digit_png,000323.png,000323.png,000323.png,000323.txt,2,0;9
000328,train,309,numeric_6digit_png,000328.png,000328.png,000328.png,000328.txt,4,0;9
000329,train,309,numeric_6digit_png,000329.png,000329.png,000329.png,000329.txt,3,0;9
00000332,val,308,numeric_8digit_jpg,00000332.jpg,00000332.jpg,00000332.jpg,00000332.txt,3,0
00000333,train,310,numeric_8digit_jpg,00000333.jpg,00000333.jpg,00000333.jpg,00000333.txt,3,0;6;10
000333,train,309,numeric_6digit_png,000333.png,000333.png,000333.png,000333.txt,14,0;4;8;9
000336,train,309,numeric_6digit_png,000336.png,000336.png,000336.png,000336.txt,15,0;4;8;9
000339,train,309,numeric_6digit_png,000339.png,000339.png,000339.png,000339.txt,12,0;4;8;9
00000339,train,310,numeric_8digit_jpg,00000339.jpg,00000339.jpg,00000339.jpg,00000339.txt,3,0;6
00000344,train,310,numeric_8digit_jpg,00000344.jpg,00000344.jpg,00000344.jpg,00000344.txt,1,10
000345,train,309,numeric_6digit_png,000345.png,000345.png,000345.png,000345.txt,1,2
00000346,train,310,numeric_8digit_jpg,00000346.jpg,00000346.jpg,00000346.jpg,00000346.txt,1,10
000347,train,309,numeric_6digit_png,000347.png,000347.png,000347.png,000347.txt,1,2
000348,train,309,numeric_6digit_png,000348.png,000348.png,000348.png,000348.txt,1,2
000350,train,309,numeric_6digit_png,000350.png,000350.png,000350.png,000350.txt,1,2
000353,train,309,numeric_6digit_png,000353.png,000353.png,000353.png,000353.txt,1,2
000355,train,309,numeric_6digit_png,000355.png,000355.png,000355.png,000355.txt,1,2
00000355,train,310,numeric_8digit_jpg,00000355.jpg,00000355.jpg,00000355.jpg,00000355.txt,3,0;6;10
000358,train,309,numeric_6digit_png,000358.png,000358.png,000358.png,000358.txt,1,2
000363,train,311,numeric_6digit_png,000363.png,000363.png,000363.png,000363.txt,1,2
00000364,train,310,numeric_8digit_jpg,00000364.jpg,00000364.jpg,00000364.jpg,00000364.txt,1,0
000366,train,311,numeric_6digit_png,000366.png,000366.png,000366.png,000366.txt,1,2
00000367,train,310,numeric_8digit_jpg,00000367.jpg,00000367.jpg,00000367.jpg,00000367.txt,1,0
000369,train,311,numeric_6digit_png,000369.png,000369.png,000369.png,000369.txt,1,2
00000371,train,310,numeric_8digit_jpg,00000371.jpg,00000371.jpg,00000371.jpg,00000371.txt,2,0;10
00000373,train,310,numeric_8digit_jpg,00000373.jpg,00000373.jpg,00000373.jpg,00000373.txt,4,0;10
000374,train,311,numeric_6digit_png,000374.png,000374.png,000374.png,000374.txt,2,0;9
00000376,train,310,numeric_8digit_jpg,00000376.jpg,00000376.jpg,00000376.jpg,00000376.txt,4,0;10
000377,train,311,numeric_6digit_png,000377.png,000377.png,000377.png,000377.txt,2,0;9
000379,train,311,numeric_6digit_png,000379.png,000379.png,000379.png,000379.txt,2,0;9
000380,train,311,numeric_6digit_png,000380.png,000380.png,000380.png,000380.txt,3,0
00000394,train,310,numeric_8digit_jpg,00000394.jpg,00000394.jpg,00000394.jpg,00000394.txt,1,0
000395,train,311,numeric_6digit_png,000395.png,000395.png,000395.png,000395.txt,8,2
00000396,train,310,numeric_8digit_jpg,00000396.jpg,00000396.jpg,00000396.jpg,00000396.txt,1,0
00000399,train,310,numeric_8digit_jpg,00000399.jpg,00000399.jpg,00000399.jpg,00000399.txt,1,0
00000401,train,310,numeric_8digit_jpg,00000401.jpg,00000401.jpg,00000401.jpg,00000401.txt,4,0;6;10
000404,train,311,numeric_6digit_png,000404.png,000404.png,000404.png,000404.txt,1,2
000406,train,311,numeric_6digit_png,000406.png,000406.png,000406.png,000406.txt,1,2
00000410,train,310,numeric_8digit_jpg,00000410.jpg,00000410.jpg,00000410.jpg,00000410.txt,1,0
00000414,train,310,numeric_8digit_jpg,00000414.jpg,00000414.jpg,00000414.jpg,00000414.txt,1,0
00000415,train,310,numeric_8digit_jpg,00000415.jpg,00000415.jpg,00000415.jpg,00000415.txt,1,0
000415,train,311,numeric_6digit_png,000415.png,000415.png,000415.png,000415.txt,22,0;2;4
00000417,train,310,numeric_8digit_jpg,00000417.jpg,00000417.jpg,00000417.jpg,00000417.txt,2,0;6
000418,train,311,numeric_6digit_png,000418.png,000418.png,000418.png,000418.txt,1,2
00000419,train,310,numeric_8digit_jpg,00000419.jpg,00000419.jpg,00000419.jpg,00000419.txt,2,10
000422,train,311,numeric_6digit_png,000422.png,000422.png,000422.png,000422.txt,1,2
00000423,train,310,numeric_8digit_jpg,00000423.jpg,00000423.jpg,00000423.jpg,00000423.txt,2,10
000426,train,311,numeric_6digit_png,000426.png,000426.png,000426.png,000426.txt,1,2
00000426,train,310,numeric_8digit_jpg,00000426.jpg,00000426.jpg,00000426.jpg,00000426.txt,1,10
000428,train,311,numeric_6digit_png,000428.png,000428.png,000428.png,000428.txt,2,2
000429,train,311,numeric_6digit_png,000429.png,000429.png,000429.png,000429.txt,2,2
000433,train,311,numeric_6digit_png,000433.png,000433.png,000433.png,000433.txt,8,2
00000433,train,310,numeric_8digit_jpg,00000433.jpg,00000433.jpg,00000433.jpg,00000433.txt,1,10
00000435,train,310,numeric_8digit_jpg,00000435.jpg,00000435.jpg,00000435.jpg,00000435.txt,1,10
000437,train,311,numeric_6digit_png,000437.png,000437.png,000437.png,000437.txt,12,2
00000440,train,310,numeric_8digit_jpg,00000440.jpg,00000440.jpg,00000440.jpg,00000440.txt,1,10
00000446,train,310,numeric_8digit_jpg,00000446.jpg,00000446.jpg,00000446.jpg,00000446.txt,1,10
00000447,train,310,numeric_8digit_jpg,00000447.jpg,00000447.jpg,00000447.jpg,00000447.txt,1,10
000452,train,311,numeric_6digit_png,000452.png,000452.png,000452.png,000452.txt,3,2
000456,train,311,numeric_6digit_png,000456.png,000456.png,000456.png,000456.txt,2,2
000458,train,311,numeric_6digit_png,000458.png,000458.png,000458.png,000458.txt,1,2
00000460,train,310,numeric_8digit_jpg,00000460.jpg,00000460.jpg,00000460.jpg,00000460.txt,1,10
000461,train,311,numeric_6digit_png,000461.png,000461.png,000461.png,000461.txt,2,2
00000462,train,310,numeric_8digit_jpg,00000462.jpg,00000462.jpg,00000462.jpg,00000462.txt,1,10
000463,train,311,numeric_6digit_png,000463.png,000463.png,000463.png,000463.txt,2,2
000464,train,311,numeric_6digit_png,000464.png,000464.png,000464.png,000464.txt,2,2
00000467,train,310,numeric_8digit_jpg,00000467.jpg,00000467.jpg,00000467.jpg,00000467.txt,1,10
00000480,train,310,numeric_8digit_jpg,00000480.jpg,00000480.jpg,00000480.jpg,00000480.txt,1,10
000481,train,311,numeric_6digit_png,000481.png,000481.png,000481.png,000481.txt,6,0;2
00000481,train,310,numeric_8digit_jpg,00000481.jpg,00000481.jpg,00000481.jpg,00000481.txt,1,10
000484,train,312,numeric_6digit_png,000484.png,000484.png,000484.png,000484.txt,4,0;2
00000485,train,310,numeric_8digit_jpg,00000485.jpg,00000485.jpg,00000485.jpg,00000485.txt,1,10
000487,train,312,numeric_6digit_png,000487.png,000487.png,000487.png,000487.txt,2,2
00000488,train,310,numeric_8digit_jpg,00000488.jpg,00000488.jpg,00000488.jpg,00000488.txt,1,10
00000490,train,310,numeric_8digit_jpg,00000490.jpg,00000490.jpg,00000490.jpg,00000490.txt,1,10
000492,train,312,numeric_6digit_png,000492.png,000492.png,000492.png,000492.txt,3,2
000493,train,312,numeric_6digit_png,000493.png,000493.png,000493.png,000493.txt,3,2
000495,train,312,numeric_6digit_png,000495.png,000495.png,000495.png,000495.txt,3,2
00000497,train,310,numeric_8digit_jpg,00000497.jpg,00000497.jpg,00000497.jpg,00000497.txt,2,10
000498,train,312,numeric_6digit_png,000498.png,000498.png,000498.png,000498.txt,3,2
00000499,train,310,numeric_8digit_jpg,00000499.jpg,00000499.jpg,00000499.jpg,00000499.txt,2,10
000500,train,312,numeric_6digit_png,000500.png,000500.png,000500.png,000500.txt,3,2
00000501,train,310,numeric_8digit_jpg,00000501.jpg,00000501.jpg,00000501.jpg,00000501.txt,2,10
00000506,train,310,numeric_8digit_jpg,00000506.jpg,00000506.jpg,00000506.jpg,00000506.txt,2,0;10
00000508,train,310,numeric_8digit_jpg,00000508.jpg,00000508.jpg,00000508.jpg,00000508.txt,2,10
000508,train,312,numeric_6digit_png,000508.png,000508.png,000508.png,000508.txt,7,0;2;4
000509,train,312,numeric_6digit_png,000509.png,000509.png,000509.png,000509.txt,4,2;4
00000510,train,310,numeric_8digit_jpg,00000510.jpg,00000510.jpg,00000510.jpg,00000510.txt,2,10
00000512,train,310,numeric_8digit_jpg,00000512.jpg,00000512.jpg,00000512.jpg,00000512.txt,2,10
00000515,train,310,numeric_8digit_jpg,00000515.jpg,00000515.jpg,00000515.jpg,00000515.txt,2,10
00000519,train,310,numeric_8digit_jpg,00000519.jpg,00000519.jpg,00000519.jpg,00000519.txt,2,0;10
000519,train,312,numeric_6digit_png,000519.png,000519.png,000519.png,000519.txt,2,2
000520,train,312,numeric_6digit_png,000520.png,000520.png,000520.png,000520.txt,1,2
000522,train,312,numeric_6digit_png,000522.png,000522.png,000522.png,000522.txt,3,0;2
00000524,train,310,numeric_8digit_jpg,00000524.jpg,00000524.jpg,00000524.jpg,00000524.txt,2,0;10
000524,train,312,numeric_6digit_png,000524.png,000524.png,000524.png,000524.txt,3,0;2
000525,train,312,numeric_6digit_png,000525.png,000525.png,000525.png,000525.txt,3,0;2
00000526,train,310,numeric_8digit_jpg,00000526.jpg,00000526.jpg,00000526.jpg,00000526.txt,2,0;10
00000529,train,310,numeric_8digit_jpg,00000529.jpg,00000529.jpg,00000529.jpg,00000529.txt,2,0;10
00000535,train,310,numeric_8digit_jpg,00000535.jpg,00000535.jpg,00000535.jpg,00000535.txt,2,0;10
000542,train,312,numeric_6digit_png,000542.png,000542.png,000542.png,000542.txt,2,2
000543,train,312,numeric_6digit_png,000543.png,000543.png,000543.png,000543.txt,2,2
000545,train,312,numeric_6digit_png,000545.png,000545.png,000545.png,000545.txt,2,2
000546,train,312,numeric_6digit_png,000546.png,000546.png,000546.png,000546.txt,2,2
000548,train,312,numeric_6digit_png,000548.png,000548.png,000548.png,000548.txt,2,2
000553,train,312,numeric_6digit_png,000553.png,000553.png,000553.png,000553.txt,2,0;2
00000554,train,310,numeric_8digit_jpg,00000554.jpg,00000554.jpg,00000554.jpg,00000554.txt,3,0;3;10
000554,train,312,numeric_6digit_png,000554.png,000554.png,000554.png,000554.txt,2,0;2
00000556,train,310,numeric_8digit_jpg,00000556.jpg,00000556.jpg,00000556.jpg,00000556.txt,3,0;3;10
00000560,train,310,numeric_8digit_jpg,00000560.jpg,00000560.jpg,00000560.jpg,00000560.txt,3,0;3;10
000561,train,312,numeric_6digit_png,000561.png,000561.png,000561.png,000561.txt,5,2
000567,train,312,numeric_6digit_png,000567.png,000567.png,000567.png,000567.txt,4,2
00000572,train,313,numeric_8digit_jpg,00000572.jpg,00000572.jpg,00000572.jpg,00000572.txt,4,0;3;10
000575,train,312,numeric_6digit_png,000575.png,000575.png,000575.png,000575.txt,2,1;4
00000576,train,313,numeric_8digit_jpg,00000576.jpg,00000576.jpg,00000576.jpg,00000576.txt,3,0;3;10
00000577,train,313,numeric_8digit_jpg,00000577.jpg,00000577.jpg,00000577.jpg,00000577.txt,3,0;3;10
000578,train,312,numeric_6digit_png,000578.png,000578.png,000578.png,000578.txt,2,2
00000579,train,313,numeric_8digit_jpg,00000579.jpg,00000579.jpg,00000579.jpg,00000579.txt,3,0;3;10
000580,train,314,numeric_6digit_png,000580.png,000580.png,000580.png,000580.txt,2,2
000581,train,314,numeric_6digit_png,000581.png,000581.png,000581.png,000581.txt,7,2
000583,train,314,numeric_6digit_png,000583.png,000583.png,000583.png,000583.txt,7,2
00000585,train,313,numeric_8digit_jpg,00000585.jpg,00000585.jpg,00000585.jpg,00000585.txt,3,0;3;10
00000586,train,313,numeric_8digit_jpg,00000586.jpg,00000586.jpg,00000586.jpg,00000586.txt,5,0;3;10
000586,train,314,numeric_6digit_png,000586.png,000586.png,000586.png,000586.txt,7,2
00000592,train,313,numeric_8digit_jpg,00000592.jpg,00000592.jpg,00000592.jpg,00000592.txt,6,0;3;10
00000597,train,313,numeric_8digit_jpg,00000597.jpg,00000597.jpg,00000597.jpg,00000597.txt,4,0;3
000597,train,314,numeric_6digit_png,000597.png,000597.png,000597.png,000597.txt,4,2
000599,train,314,numeric_6digit_png,000599.png,000599.png,000599.png,000599.txt,7,0;2
00000599,train,313,numeric_8digit_jpg,00000599.jpg,00000599.jpg,00000599.jpg,00000599.txt,7,0;3;10
000602,train,314,numeric_6digit_png,000602.png,000602.png,000602.png,000602.txt,1,2
000605,train,314,numeric_6digit_png,000605.png,000605.png,000605.png,000605.txt,2,2
00000609,train,313,numeric_8digit_jpg,00000609.jpg,00000609.jpg,00000609.jpg,00000609.txt,3,0;3;10
000610,train,314,numeric_6digit_png,000610.png,000610.png,000610.png,000610.txt,2,2
00000615,train,313,numeric_8digit_jpg,00000615.jpg,00000615.jpg,00000615.jpg,00000615.txt,3,0;3;10
000615,train,314,numeric_6digit_png,000615.png,000615.png,000615.png,000615.txt,4,0;2;4;9
00000618,train,313,numeric_8digit_jpg,00000618.jpg,00000618.jpg,00000618.jpg,00000618.txt,3,0;3;10
00000620,train,313,numeric_8digit_jpg,00000620.jpg,00000620.jpg,00000620.jpg,00000620.txt,3,0;3;10
00000622,train,313,numeric_8digit_jpg,00000622.jpg,00000622.jpg,00000622.jpg,00000622.txt,4,0;2;3;10
00000629,train,313,numeric_8digit_jpg,00000629.jpg,00000629.jpg,00000629.jpg,00000629.txt,4,0;3;10
000630,train,314,numeric_6digit_png,000630.png,000630.png,000630.png,000630.txt,2,2
00000634,train,313,numeric_8digit_jpg,00000634.jpg,00000634.jpg,00000634.jpg,00000634.txt,3,0;3;10
000635,train,314,numeric_6digit_png,000635.png,000635.png,000635.png,000635.txt,3,2
000637,train,314,numeric_6digit_png,000637.png,000637.png,000637.png,000637.txt,3,2
00000638,train,313,numeric_8digit_jpg,00000638.jpg,00000638.jpg,00000638.jpg,00000638.txt,3,0;3;10
00000640,train,313,numeric_8digit_jpg,00000640.jpg,00000640.jpg,00000640.jpg,00000640.txt,3,0;3;10
000642,train,314,numeric_6digit_png,000642.png,000642.png,000642.png,000642.txt,18,0;4;5;6;8;9
00000642,train,313,numeric_8digit_jpg,00000642.jpg,00000642.jpg,00000642.jpg,00000642.txt,3,0;3;10
00000643,train,313,numeric_8digit_jpg,00000643.jpg,00000643.jpg,00000643.jpg,00000643.txt,3,0;3;10
000644,train,314,numeric_6digit_png,000644.png,000644.png,000644.png,000644.txt,19,0;4;5;6;8;9
000647,train,314,numeric_6digit_png,000647.png,000647.png,000647.png,000647.txt,25,0;4;5;6;8;9
00000649,train,313,numeric_8digit_jpg,00000649.jpg,00000649.jpg,00000649.jpg,00000649.txt,3,0;3;10
00000652,train,313,numeric_8digit_jpg,00000652.jpg,00000652.jpg,00000652.jpg,00000652.txt,3,0;3;10
000656,train,314,numeric_6digit_png,000656.png,000656.png,000656.png,000656.txt,18,0;4;5;6;8;9
00000658,train,313,numeric_8digit_jpg,00000658.jpg,00000658.jpg,00000658.jpg,00000658.txt,3,0;3;10
000660,train,314,numeric_6digit_png,000660.png,000660.png,000660.png,000660.txt,18,0;4;5;6
000666,train,314,numeric_6digit_png,000666.png,000666.png,000666.png,000666.txt,10,4;6;8;9;11
000680,train,314,numeric_6digit_png,000680.png,000680.png,000680.png,000680.txt,10,4;5;6
00000682,train,313,numeric_8digit_jpg,00000682.jpg,00000682.jpg,00000682.jpg,00000682.txt,3,0;3;10
000690,train,314,numeric_6digit_png,000690.png,000690.png,000690.png,000690.txt,13,4;6;8;9
000693,train,314,numeric_6digit_png,000693.png,000693.png,000693.png,000693.txt,13,0;4;6;8;9
000696,train,314,numeric_6digit_png,000696.png,000696.png,000696.png,000696.txt,15,0;4;6;8;9
000702,train,314,numeric_6digit_png,000702.png,000702.png,000702.png,000702.txt,7,4;6;9
000707,train,314,numeric_6digit_png,000707.png,000707.png,000707.png,000707.txt,6,4;6;9
000708,train,315,numeric_6digit_png,000708.png,000708.png,000708.png,000708.txt,6,4;6;9
000711,train,315,numeric_6digit_png,000711.png,000711.png,000711.png,000711.txt,10,0;1;2;9
000724,train,315,numeric_6digit_png,000724.png,000724.png,000724.png,000724.txt,12,0;1;2
000733,train,315,numeric_6digit_png,000733.png,000733.png,000733.png,000733.txt,1,3
000735,train,315,numeric_6digit_png,000735.png,000735.png,000735.png,000735.txt,2,3;4
000738,train,315,numeric_6digit_png,000738.png,000738.png,000738.png,000738.txt,4,0;2;3;4
000739,train,315,numeric_6digit_png,000739.png,000739.png,000739.png,000739.txt,4,0;2;3;4
000744,train,315,numeric_6digit_png,000744.png,000744.png,000744.png,000744.txt,4,2
000745,train,315,numeric_6digit_png,000745.png,000745.png,000745.png,000745.txt,4,2
000750,train,315,numeric_6digit_png,000750.png,000750.png,000750.png,000750.txt,3,2
000752,train,315,numeric_6digit_png,000752.png,000752.png,000752.png,000752.txt,4,2
000755,train,315,numeric_6digit_png,000755.png,000755.png,000755.png,000755.txt,5,2
000756,train,315,numeric_6digit_png,000756.png,000756.png,000756.png,000756.txt,5,2
000758,train,315,numeric_6digit_png,000758.png,000758.png,000758.png,000758.txt,4,2
000759,train,315,numeric_6digit_png,000759.png,000759.png,000759.png,000759.txt,5,2
000761,train,315,numeric_6digit_png,000761.png,000761.png,000761.png,000761.txt,17,0;2;3
000764,train,315,numeric_6digit_png,000764.png,000764.png,000764.png,000764.txt,16,0;2
000766,train,315,numeric_6digit_png,000766.png,000766.png,000766.png,000766.txt,17,0;2;3;9
000779,train,315,numeric_6digit_png,000779.png,000779.png,000779.png,000779.txt,6,0;2;9
000780,train,315,numeric_6digit_png,000780.png,000780.png,000780.png,000780.txt,5,2;9
000782,train,315,numeric_6digit_png,000782.png,000782.png,000782.png,000782.txt,5,2
000783,train,315,numeric_6digit_png,000783.png,000783.png,000783.png,000783.txt,5,2
000788,train,315,numeric_6digit_png,000788.png,000788.png,000788.png,000788.txt,8,2
000790,train,315,numeric_6digit_png,000790.png,000790.png,000790.png,000790.txt,4,2
000794,train,315,numeric_6digit_png,000794.png,000794.png,000794.png,000794.txt,2,2
000795,train,316,numeric_6digit_png,000795.png,000795.png,000795.png,000795.txt,1,2
000803,train,316,numeric_6digit_png,000803.png,000803.png,000803.png,000803.txt,2,2
000808,train,316,numeric_6digit_png,000808.png,000808.png,000808.png,000808.txt,2,2
000809,train,316,numeric_6digit_png,000809.png,000809.png,000809.png,000809.txt,2,2
000812,train,316,numeric_6digit_png,000812.png,000812.png,000812.png,000812.txt,5,2;4
000813,train,316,numeric_6digit_png,000813.png,000813.png,000813.png,000813.txt,5,2;4
000820,train,316,numeric_6digit_png,000820.png,000820.png,000820.png,000820.txt,8,0;2;4
000834,train,316,numeric_6digit_png,000834.png,000834.png,000834.png,000834.txt,1,2
000836,train,316,numeric_6digit_png,000836.png,000836.png,000836.png,000836.txt,1,2
000849,train,316,numeric_6digit_png,000849.png,000849.png,000849.png,000849.txt,8,0;2;4
000850,train,316,numeric_6digit_png,000850.png,000850.png,000850.png,000850.txt,9,0;2;4;8
000863,train,316,numeric_6digit_png,000863.png,000863.png,000863.png,000863.txt,8,0;2;4
000868,train,316,numeric_6digit_png,000868.png,000868.png,000868.png,000868.txt,12,0;2;4
000872,train,316,numeric_6digit_png,000872.png,000872.png,000872.png,000872.txt,1,2
000877,train,316,numeric_6digit_png,000877.png,000877.png,000877.png,000877.txt,1,2
000879,train,316,numeric_6digit_png,000879.png,000879.png,000879.png,000879.txt,2,2;9
000883,train,316,numeric_6digit_png,000883.png,000883.png,000883.png,000883.txt,10,0;2;9
000889,train,316,numeric_6digit_png,000889.png,000889.png,000889.png,000889.txt,15,0;2;3;4;9
000892,train,316,numeric_6digit_png,000892.png,000892.png,000892.png,000892.txt,4,2
000900,train,316,numeric_6digit_png,000900.png,000900.png,000900.png,000900.txt,3,2
000914,train,316,numeric_6digit_png,000914.png,000914.png,000914.png,000914.txt,1,2
000917,train,316,numeric_6digit_png,000917.png,000917.png,000917.png,000917.txt,1,2
000919,train,316,numeric_6digit_png,000919.png,000919.png,000919.png,000919.txt,1,2
000920,train,316,numeric_6digit_png,000920.png,000920.png,000920.png,000920.txt,1,2
000924,train,316,numeric_6digit_png,000924.png,000924.png,000924.png,000924.txt,2,2
000926,train,317,numeric_6digit_png,000926.png,000926.png,000926.png,000926.txt,3,2
000943,train,317,numeric_6digit_png,000943.png,000943.png,000943.png,000943.txt,8,0;1;2;4
000944,train,317,numeric_6digit_png,000944.png,000944.png,000944.png,000944.txt,7,0;1;2;4
000946,train,317,numeric_6digit_png,000946.png,000946.png,000946.png,000946.txt,5,0;1;2;4;9
000952,train,317,numeric_6digit_png,000952.png,000952.png,000952.png,000952.txt,3,2
000953,train,317,numeric_6digit_png,000953.png,000953.png,000953.png,000953.txt,3,2
000955,train,317,numeric_6digit_png,000955.png,000955.png,000955.png,000955.txt,2,2
000957,train,317,numeric_6digit_png,000957.png,000957.png,000957.png,000957.txt,3,2
000958,train,317,numeric_6digit_png,000958.png,000958.png,000958.png,000958.txt,3,2
000962,train,317,numeric_6digit_png,000962.png,000962.png,000962.png,000962.txt,5,2
000976,train,317,numeric_6digit_png,000976.png,000976.png,000976.png,000976.txt,1,8
000982,train,317,numeric_6digit_png,000982.png,000982.png,000982.png,000982.txt,11,0;1;2;4
000984,train,317,numeric_6digit_png,000984.png,000984.png,000984.png,000984.txt,12,0;1;2;4
000987,train,317,numeric_6digit_png,000987.png,000987.png,000987.png,000987.txt,15,0;1;2
001015,train,317,numeric_6digit_png,001015.png,001015.png,001015.png,001015.txt,13,4;5;8;9
001029,train,317,numeric_6digit_png,001029.png,001029.png,001029.png,001029.txt,5,6;8
001033,train,317,numeric_6digit_png,001033.png,001033.png,001033.png,001033.txt,13,0;4;5;6;8
001035,train,317,numeric_6digit_png,001035.png,001035.png,001035.png,001035.txt,13,4;6;8
001038,train,317,numeric_6digit_png,001038.png,001038.png,001038.png,001038.txt,14,0;4;6;8
001039,train,317,numeric_6digit_png,001039.png,001039.png,001039.png,001039.txt,12,0;4;6;8
001045,train,317,numeric_6digit_png,001045.png,001045.png,001045.png,001045.txt,13,0;4;6;8
001047,train,317,numeric_6digit_png,001047.png,001047.png,001047.png,001047.txt,15,0;4;6;8
001056,train,317,numeric_6digit_png,001056.png,001056.png,001056.png,001056.txt,9,0;4;5;8;11
001063,train,317,numeric_6digit_png,001063.png,001063.png,001063.png,001063.txt,1,0
001065,train,317,numeric_6digit_png,001065.png,001065.png,001065.png,001065.txt,1,0
001069,train,318,numeric_6digit_png,001069.png,001069.png,001069.png,001069.txt,1,0
001072,train,318,numeric_6digit_png,001072.png,001072.png,001072.png,001072.txt,1,0
001075,train,318,numeric_6digit_png,001075.png,001075.png,001075.png,001075.txt,1,0
001077,train,318,numeric_6digit_png,001077.png,001077.png,001077.png,001077.txt,1,0
001098,train,318,numeric_6digit_png,001098.png,001098.png,001098.png,001098.txt,2,0;3
001103,train,318,numeric_6digit_png,001103.png,001103.png,001103.png,001103.txt,5,0;3;4;5
001105,train,318,numeric_6digit_png,001105.png,001105.png,001105.png,001105.txt,5,0;3;4;5
001110,train,318,numeric_6digit_png,001110.png,001110.png,001110.png,001110.txt,5,0;3;4;5
001112,train,318,numeric_6digit_png,001112.png,001112.png,001112.png,001112.txt,12,4;5;9
001114,train,318,numeric_6digit_png,001114.png,001114.png,001114.png,001114.txt,13,4;5;9
001119,train,318,numeric_6digit_png,001119.png,001119.png,001119.png,001119.txt,7,5;6;9
001120,train,318,numeric_6digit_png,001120.png,001120.png,001120.png,001120.txt,9,0;5;6;9
001122,train,318,numeric_6digit_png,001122.png,001122.png,001122.png,001122.txt,25,0;4;6;8
001123,train,318,numeric_6digit_png,001123.png,001123.png,001123.png,001123.txt,24,0;4;6;8
001128,train,318,numeric_6digit_png,001128.png,001128.png,001128.png,001128.txt,25,0;4;6;8
001131,train,318,numeric_6digit_png,001131.png,001131.png,001131.png,001131.txt,18,0;4;5;6;8
001135,train,318,numeric_6digit_png,001135.png,001135.png,001135.png,001135.txt,8,0;4;8
001138,train,318,numeric_6digit_png,001138.png,001138.png,001138.png,001138.txt,9,0;6;8
001139,train,318,numeric_6digit_png,001139.png,001139.png,001139.png,001139.txt,12,1;4;5;6;8
001142,train,318,numeric_6digit_png,001142.png,001142.png,001142.png,001142.txt,10,0;4;5;8;11
001144,train,318,numeric_6digit_png,001144.png,001144.png,001144.png,001144.txt,7,0;4;8;11
001145,train,318,numeric_6digit_png,001145.png,001145.png,001145.png,001145.txt,7,0;4;8;11
001148,train,318,numeric_6digit_png,001148.png,001148.png,001148.png,001148.txt,9,0;4;6;8;11
001151,train,318,numeric_6digit_png,001151.png,001151.png,001151.png,001151.txt,22,0;4;6;8
001156,train,318,numeric_6digit_png,001156.png,001156.png,001156.png,001156.txt,11,0;4;6;8
001157,train,319,numeric_6digit_png,001157.png,001157.png,001157.png,001157.txt,10,0;4;6
001164,train,319,numeric_6digit_png,001164.png,001164.png,001164.png,001164.txt,19,0;4;6;8
001168,train,319,numeric_6digit_png,001168.png,001168.png,001168.png,001168.txt,23,0;4;6;8
001172,train,319,numeric_6digit_png,001172.png,001172.png,001172.png,001172.txt,4,2
001173,train,319,numeric_6digit_png,001173.png,001173.png,001173.png,001173.txt,4,2
001179,train,319,numeric_6digit_png,001179.png,001179.png,001179.png,001179.txt,4,2
001189,train,319,numeric_6digit_png,001189.png,001189.png,001189.png,001189.txt,3,2
001199,train,319,numeric_6digit_png,001199.png,001199.png,001199.png,001199.txt,13,0;6;8
001202,train,319,numeric_6digit_png,001202.png,001202.png,001202.png,001202.txt,13,0;3;6;8
001206,train,319,numeric_6digit_png,001206.png,001206.png,001206.png,001206.txt,12,0;3;6;8
001210,train,319,numeric_6digit_png,001210.png,001210.png,001210.png,001210.txt,12,0;3;6;8
001211,train,319,numeric_6digit_png,001211.png,001211.png,001211.png,001211.txt,14,0;6;8
001216,train,319,numeric_6digit_png,001216.png,001216.png,001216.png,001216.txt,13,0;6;8
001224,train,319,numeric_6digit_png,001224.png,001224.png,001224.png,001224.txt,12,0;3;6;8
001225,train,319,numeric_6digit_png,001225.png,001225.png,001225.png,001225.txt,13,0;3;6;8
001227,train,319,numeric_6digit_png,001227.png,001227.png,001227.png,001227.txt,13,0;3;6;8
001229,train,319,numeric_6digit_png,001229.png,001229.png,001229.png,001229.txt,14,0;3;6;8
001240,train,319,numeric_6digit_png,001240.png,001240.png,001240.png,001240.txt,14,0;3;6;8
001249,train,319,numeric_6digit_png,001249.png,001249.png,001249.png,001249.txt,12,0;6;8
001252,train,319,numeric_6digit_png,001252.png,001252.png,001252.png,001252.txt,14,0;6;8
001257,train,319,numeric_6digit_png,001257.png,001257.png,001257.png,001257.txt,12,0;6;8
001260,train,319,numeric_6digit_png,001260.png,001260.png,001260.png,001260.txt,11,0;6;8
001265,train,319,numeric_6digit_png,001265.png,001265.png,001265.png,001265.txt,13,0;3;6;8
001270,train,319,numeric_6digit_png,001270.png,001270.png,001270.png,001270.txt,12,0;3;6;8
001273,train,319,numeric_6digit_png,001273.png,001273.png,001273.png,001273.txt,15,0;3;6;8
001275,train,320,numeric_6digit_png,001275.png,001275.png,001275.png,001275.txt,15,0;3;6;8
001276,train,320,numeric_6digit_png,001276.png,001276.png,001276.png,001276.txt,16,0;3;6;8
001278,train,320,numeric_6digit_png,001278.png,001278.png,001278.png,001278.txt,14,0;3;6;8
001279,train,320,numeric_6digit_png,001279.png,001279.png,001279.png,001279.txt,18,0;3;6;8
001281,train,320,numeric_6digit_png,001281.png,001281.png,001281.png,001281.txt,17,0;6;8
001291,train,320,numeric_6digit_png,001291.png,001291.png,001291.png,001291.txt,23,0;1;2;4
001294,train,320,numeric_6digit_png,001294.png,001294.png,001294.png,001294.txt,26,0;1;2;4
001295,train,320,numeric_6digit_png,001295.png,001295.png,001295.png,001295.txt,27,0;1;2;4
001300,train,320,numeric_6digit_png,001300.png,001300.png,001300.png,001300.txt,27,0;1;2;4
001305,train,320,numeric_6digit_png,001305.png,001305.png,001305.png,001305.txt,16,0;1;2;4
001306,train,320,numeric_6digit_png,001306.png,001306.png,001306.png,001306.txt,15,0;1;2;4
001313,train,320,numeric_6digit_png,001313.png,001313.png,001313.png,001313.txt,18,2;9
001318,train,320,numeric_6digit_png,001318.png,001318.png,001318.png,001318.txt,21,2;9
001324,train,320,numeric_6digit_png,001324.png,001324.png,001324.png,001324.txt,2,2
001326,train,320,numeric_6digit_png,001326.png,001326.png,001326.png,001326.txt,2,2
001329,train,320,numeric_6digit_png,001329.png,001329.png,001329.png,001329.txt,2,2
001330,train,320,numeric_6digit_png,001330.png,001330.png,001330.png,001330.txt,2,2
001332,train,320,numeric_6digit_png,001332.png,001332.png,001332.png,001332.txt,3,0;2
001335,train,320,numeric_6digit_png,001335.png,001335.png,001335.png,001335.txt,2,2
001340,train,320,numeric_6digit_png,001340.png,001340.png,001340.png,001340.txt,2,2
001341,train,320,numeric_6digit_png,001341.png,001341.png,001341.png,001341.txt,11,2;4
001345,train,320,numeric_6digit_png,001345.png,001345.png,001345.png,001345.txt,9,2;4
001346,train,320,numeric_6digit_png,001346.png,001346.png,001346.png,001346.txt,10,2;4
001351,train,320,numeric_6digit_png,001351.png,001351.png,001351.png,001351.txt,8,2
001353,train,320,numeric_6digit_png,001353.png,001353.png,001353.png,001353.txt,7,2
001356,val,321,numeric_6digit_png,001356.png,001356.png,001356.png,001356.txt,3,2
001359,val,321,numeric_6digit_png,001359.png,001359.png,001359.png,001359.txt,6,2
001362,val,321,numeric_6digit_png,001362.png,001362.png,001362.png,001362.txt,6,2
001364,val,321,numeric_6digit_png,001364.png,001364.png,001364.png,001364.txt,7,2
001367,val,321,numeric_6digit_png,001367.png,001367.png,001367.png,001367.txt,8,2
001368,val,321,numeric_6digit_png,001368.png,001368.png,001368.png,001368.txt,9,2
001372,val,321,numeric_6digit_png,001372.png,001372.png,001372.png,001372.txt,3,2
001373,val,321,numeric_6digit_png,001373.png,001373.png,001373.png,001373.txt,3,2
001379,val,321,numeric_6digit_png,001379.png,001379.png,001379.png,001379.txt,4,2
001387,val,321,numeric_6digit_png,001387.png,001387.png,001387.png,001387.txt,12,2
001388,val,321,numeric_6digit_png,001388.png,001388.png,001388.png,001388.txt,5,2
001395,val,321,numeric_6digit_png,001395.png,001395.png,001395.png,001395.txt,3,2
001400,val,321,numeric_6digit_png,001400.png,001400.png,001400.png,001400.txt,2,2
001401,val,321,numeric_6digit_png,001401.png,001401.png,001401.png,001401.txt,1,2
001407,val,321,numeric_6digit_png,001407.png,001407.png,001407.png,001407.txt,2,2
001409,val,321,numeric_6digit_png,001409.png,001409.png,001409.png,001409.txt,2,2
001411,val,321,numeric_6digit_png,001411.png,001411.png,001411.png,001411.txt,5,2
001415,val,321,numeric_6digit_png,001415.png,001415.png,001415.png,001415.txt,4,2
001417,val,321,numeric_6digit_png,001417.png,001417.png,001417.png,001417.txt,3,2
001419,val,321,numeric_6digit_png,001419.png,001419.png,001419.png,001419.txt,4,2
001431,val,321,numeric_6digit_png,001431.png,001431.png,001431.png,001431.txt,17,2;3
001438,val,321,numeric_6digit_png,001438.png,001438.png,001438.png,001438.txt,19,2;3
001443,val,321,numeric_6digit_png,001443.png,001443.png,001443.png,001443.txt,11,2
001453,val,321,numeric_6digit_png,001453.png,001453.png,001453.png,001453.txt,12,0;3;6;8
001458,val,321,numeric_6digit_png,001458.png,001458.png,001458.png,001458.txt,13,0;3;6;7;8
001459,val,321,numeric_6digit_png,001459.png,001459.png,001459.png,001459.txt,12,0;3;6;7;8
001461,val,321,numeric_6digit_png,001461.png,001461.png,001461.png,001461.txt,12,0;3;6;8
001466,val,321,numeric_6digit_png,001466.png,001466.png,001466.png,001466.txt,12,0;3;6;8
001470,val,321,numeric_6digit_png,001470.png,001470.png,001470.png,001470.txt,14,0;3;6;8
001486,val,321,numeric_6digit_png,001486.png,001486.png,001486.png,001486.txt,13,0;3;6;8
001488,val,321,numeric_6digit_png,001488.png,001488.png,001488.png,001488.txt,13,0;3;6;8
001496,val,321,numeric_6digit_png,001496.png,001496.png,001496.png,001496.txt,2,2
001499,val,321,numeric_6digit_png,001499.png,001499.png,001499.png,001499.txt,2,2
001507,val,321,numeric_6digit_png,001507.png,001507.png,001507.png,001507.txt,1,2
001508,val,321,numeric_6digit_png,001508.png,001508.png,001508.png,001508.txt,1,2
001510,val,321,numeric_6digit_png,001510.png,001510.png,001510.png,001510.txt,4,0;4
001512,val,321,numeric_6digit_png,001512.png,001512.png,001512.png,001512.txt,3,2
001521,val,321,numeric_6digit_png,001521.png,001521.png,001521.png,001521.txt,7,2;4
001529,val,321,numeric_6digit_png,001529.png,001529.png,001529.png,001529.txt,5,2;4
001531,val,321,numeric_6digit_png,001531.png,001531.png,001531.png,001531.txt,11,2
001542,val,321,numeric_6digit_png,001542.png,001542.png,001542.png,001542.txt,2,2
001543,val,321,numeric_6digit_png,001543.png,001543.png,001543.png,001543.txt,2,2
001548,val,321,numeric_6digit_png,001548.png,001548.png,001548.png,001548.txt,2,2
001555,val,321,numeric_6digit_png,001555.png,001555.png,001555.png,001555.txt,8,2
001558,val,321,numeric_6digit_png,001558.png,001558.png,001558.png,001558.txt,5,2
001567,val,321,numeric_6digit_png,001567.png,001567.png,001567.png,001567.txt,6,2
001569,val,321,numeric_6digit_png,001569.png,001569.png,001569.png,001569.txt,7,2
001577,val,321,numeric_6digit_png,001577.png,001577.png,001577.png,001577.txt,1,2
001578,val,321,numeric_6digit_png,001578.png,001578.png,001578.png,001578.txt,1,2
001582,val,321,numeric_6digit_png,001582.png,001582.png,001582.png,001582.txt,1,2
001589,train,322,numeric_6digit_png,001589.png,001589.png,001589.png,001589.txt,1,2
001593,train,322,numeric_6digit_png,001593.png,001593.png,001593.png,001593.txt,3,2;9
001602,train,322,numeric_6digit_png,001602.png,001602.png,001602.png,001602.txt,7,2
001604,train,322,numeric_6digit_png,001604.png,001604.png,001604.png,001604.txt,3,2
001610,train,322,numeric_6digit_png,001610.png,001610.png,001610.png,001610.txt,4,2
001612,train,322,numeric_6digit_png,001612.png,001612.png,001612.png,001612.txt,1,2
001613,train,322,numeric_6digit_png,001613.png,001613.png,001613.png,001613.txt,1,2
001616,train,322,numeric_6digit_png,001616.png,001616.png,001616.png,001616.txt,4,2
001621,train,322,numeric_6digit_png,001621.png,001621.png,001621.png,001621.txt,1,2
001623,train,322,numeric_6digit_png,001623.png,001623.png,001623.png,001623.txt,2,2
001624,train,322,numeric_6digit_png,001624.png,001624.png,001624.png,001624.txt,2,2
001628,train,322,numeric_6digit_png,001628.png,001628.png,001628.png,001628.txt,3,2
001629,train,322,numeric_6digit_png,001629.png,001629.png,001629.png,001629.txt,2,2
001631,train,322,numeric_6digit_png,001631.png,001631.png,001631.png,001631.txt,2,2
001632,train,322,numeric_6digit_png,001632.png,001632.png,001632.png,001632.txt,2,2
001634,train,322,numeric_6digit_png,001634.png,001634.png,001634.png,001634.txt,2,2
001640,train,322,numeric_6digit_png,001640.png,001640.png,001640.png,001640.txt,3,2
001642,train,322,numeric_6digit_png,001642.png,001642.png,001642.png,001642.txt,14,0;3;6;8
001643,train,322,numeric_6digit_png,001643.png,001643.png,001643.png,001643.txt,14,0;3;6;8
001651,train,322,numeric_6digit_png,001651.png,001651.png,001651.png,001651.txt,10,0;6;8
001655,train,322,numeric_6digit_png,001655.png,001655.png,001655.png,001655.txt,10,0;6;8
001667,train,322,numeric_6digit_png,001667.png,001667.png,001667.png,001667.txt,11,0;6;8
001674,train,322,numeric_6digit_png,001674.png,001674.png,001674.png,001674.txt,10,0;6;8
001677,train,322,numeric_6digit_png,001677.png,001677.png,001677.png,001677.txt,10,0;6;8
001678,train,322,numeric_6digit_png,001678.png,001678.png,001678.png,001678.txt,10,0;6;8
001683,train,323,numeric_6digit_png,001683.png,001683.png,001683.png,001683.txt,9,0;6;8
001685,train,323,numeric_6digit_png,001685.png,001685.png,001685.png,001685.txt,10,0;6;8
001686,train,323,numeric_6digit_png,001686.png,001686.png,001686.png,001686.txt,11,0;6;8
001694,train,323,numeric_6digit_png,001694.png,001694.png,001694.png,001694.txt,15,0;6;7;8
001701,train,323,numeric_6digit_png,001701.png,001701.png,001701.png,001701.txt,13,0;6;7;8
001702,train,323,numeric_6digit_png,001702.png,001702.png,001702.png,001702.txt,14,0;6;7;8
001704,train,323,numeric_6digit_png,001704.png,001704.png,001704.png,001704.txt,14,0;6;7;8
001705,train,323,numeric_6digit_png,001705.png,001705.png,001705.png,001705.txt,13,0;6;7;8
001707,train,323,numeric_6digit_png,001707.png,001707.png,001707.png,001707.txt,13,0;6;7;8
001710,train,323,numeric_6digit_png,001710.png,001710.png,001710.png,001710.txt,13,0;6;7;8
001712,train,323,numeric_6digit_png,001712.png,001712.png,001712.png,001712.txt,13,0;6;7;8
001715,train,323,numeric_6digit_png,001715.png,001715.png,001715.png,001715.txt,15,0;6;7;8
001716,train,323,numeric_6digit_png,001716.png,001716.png,001716.png,001716.txt,15,0;6;7;8
001720,train,323,numeric_6digit_png,001720.png,001720.png,001720.png,001720.txt,15,0;6;7;8
001721,train,323,numeric_6digit_png,001721.png,001721.png,001721.png,001721.txt,13,0;6;7;8
001724,train,323,numeric_6digit_png,001724.png,001724.png,001724.png,001724.txt,13,0;6;7;8
001726,train,323,numeric_6digit_png,001726.png,001726.png,001726.png,001726.txt,12,0;6;7;8
001728,train,323,numeric_6digit_png,001728.png,001728.png,001728.png,001728.txt,13,0;6;7;8
001737,train,323,numeric_6digit_png,001737.png,001737.png,001737.png,001737.txt,14,0;6;7;8
001742,train,323,numeric_6digit_png,001742.png,001742.png,001742.png,001742.txt,2,0;7
001743,train,323,numeric_6digit_png,001743.png,001743.png,001743.png,001743.txt,2,0;7
001748,train,323,numeric_6digit_png,001748.png,001748.png,001748.png,001748.txt,2,0;7
001753,train,323,numeric_6digit_png,001753.png,001753.png,001753.png,001753.txt,2,0;7
001759,train,323,numeric_6digit_png,001759.png,001759.png,001759.png,001759.txt,2,0;7
001763,train,323,numeric_6digit_png,001763.png,001763.png,001763.png,001763.txt,2,0;7
001764,train,323,numeric_6digit_png,001764.png,001764.png,001764.png,001764.txt,2,0;7
001767,train,323,numeric_6digit_png,001767.png,001767.png,001767.png,001767.txt,2,0;7
001774,train,323,numeric_6digit_png,001774.png,001774.png,001774.png,001774.txt,1,0
001775,train,323,numeric_6digit_png,001775.png,001775.png,001775.png,001775.txt,1,0
001782,train,323,numeric_6digit_png,001782.png,001782.png,001782.png,001782.txt,3,2
001783,train,323,numeric_6digit_png,001783.png,001783.png,001783.png,001783.txt,3,2
001785,train,323,numeric_6digit_png,001785.png,001785.png,001785.png,001785.txt,3,2
001786,train,323,numeric_6digit_png,001786.png,001786.png,001786.png,001786.txt,3,2
001789,train,323,numeric_6digit_png,001789.png,001789.png,001789.png,001789.txt,3,2
001795,train,323,numeric_6digit_png,001795.png,001795.png,001795.png,001795.txt,2,2
001798,train,323,numeric_6digit_png,001798.png,001798.png,001798.png,001798.txt,2,2
001800,train,323,numeric_6digit_png,001800.png,001800.png,001800.png,001800.txt,2,2
001803,train,323,numeric_6digit_png,001803.png,001803.png,001803.png,001803.txt,12,0;3;6;8
001813,train,323,numeric_6digit_png,001813.png,001813.png,001813.png,001813.txt,13,0;3;6;8
001827,train,323,numeric_6digit_png,001827.png,001827.png,001827.png,001827.txt,13,0;6;8
001829,train,323,numeric_6digit_png,001829.png,001829.png,001829.png,001829.txt,16,0;6;8
001833,train,323,numeric_6digit_png,001833.png,001833.png,001833.png,001833.txt,15,0;3;6;8
001835,train,323,numeric_6digit_png,001835.png,001835.png,001835.png,001835.txt,15,0;3;6;8
001841,train,323,numeric_6digit_png,001841.png,001841.png,001841.png,001841.txt,14,0;3;6;8
001851,train,323,numeric_6digit_png,001851.png,001851.png,001851.png,001851.txt,15,0;6;8
001854,train,323,numeric_6digit_png,001854.png,001854.png,001854.png,001854.txt,10,0;6;8
001857,train,323,numeric_6digit_png,001857.png,001857.png,001857.png,001857.txt,12,0;6;8
001859,train,323,numeric_6digit_png,001859.png,001859.png,001859.png,001859.txt,10,0;6;8
001862,train,323,numeric_6digit_png,001862.png,001862.png,001862.png,001862.txt,16,0;6;8
001865,train,323,numeric_6digit_png,001865.png,001865.png,001865.png,001865.txt,10,0;6;8
001873,train,324,numeric_6digit_png,001873.png,001873.png,001873.png,001873.txt,14,0;6;8
001879,train,324,numeric_6digit_png,001879.png,001879.png,001879.png,001879.txt,12,0;6;8
001881,train,324,numeric_6digit_png,001881.png,001881.png,001881.png,001881.txt,11,0;6;8
001884,train,324,numeric_6digit_png,001884.png,001884.png,001884.png,001884.txt,15,0;6;8
001886,train,324,numeric_6digit_png,001886.png,001886.png,001886.png,001886.txt,11,0;6;8
001891,train,324,numeric_6digit_png,001891.png,001891.png,001891.png,001891.txt,10,0;6;8
001892,train,324,numeric_6digit_png,001892.png,001892.png,001892.png,001892.txt,15,0;6;8
001897,train,324,numeric_6digit_png,001897.png,001897.png,001897.png,001897.txt,14,0;6;8
001898,train,324,numeric_6digit_png,001898.png,001898.png,001898.png,001898.txt,15,0;6;8
001902,train,324,numeric_6digit_png,001902.png,001902.png,001902.png,001902.txt,13,0;6;8
001910,train,324,numeric_6digit_png,001910.png,001910.png,001910.png,001910.txt,15,6;8
001918,train,324,numeric_6digit_png,001918.png,001918.png,001918.png,001918.txt,16,0;6;8
001924,train,324,numeric_6digit_png,001924.png,001924.png,001924.png,001924.txt,14,0;6;8
001927,train,324,numeric_6digit_png,001927.png,001927.png,001927.png,001927.txt,13,0;6;8
001930,train,324,numeric_6digit_png,001930.png,001930.png,001930.png,001930.txt,13,0;6;8
001946,train,324,numeric_6digit_png,001946.png,001946.png,001946.png,001946.txt,13,0;3;6;8
001960,train,324,numeric_6digit_png,001960.png,001960.png,001960.png,001960.txt,12,0;3;6;8
001965,train,324,numeric_6digit_png,001965.png,001965.png,001965.png,001965.txt,14,0;3;6;8
001967,train,324,numeric_6digit_png,001967.png,001967.png,001967.png,001967.txt,12,0;3;6;8
001970,train,324,numeric_6digit_png,001970.png,001970.png,001970.png,001970.txt,11,0;3;6;8
001971,train,324,numeric_6digit_png,001971.png,001971.png,001971.png,001971.txt,11,0;3;6;8
001979,train,324,numeric_6digit_png,001979.png,001979.png,001979.png,001979.txt,12,0;3;6;8
001981,train,324,numeric_6digit_png,001981.png,001981.png,001981.png,001981.txt,12,0;3;6;8
001986,train,324,numeric_6digit_png,001986.png,001986.png,001986.png,001986.txt,12,0;3;6;8
001987,train,324,numeric_6digit_png,001987.png,001987.png,001987.png,001987.txt,12,0;3;6;8
001989,train,324,numeric_6digit_png,001989.png,001989.png,001989.png,001989.txt,12,0;3;6;8
001997,train,324,numeric_6digit_png,001997.png,001997.png,001997.png,001997.txt,12,0;3;6;8
002005,train,324,numeric_6digit_png,002005.png,002005.png,002005.png,002005.txt,12,0;3;6;8
002006,train,324,numeric_6digit_png,002006.png,002006.png,002006.png,002006.txt,13,0;3;6;8
002013,train,324,numeric_6digit_png,002013.png,002013.png,002013.png,002013.txt,12,0;3;6;8
002014,train,324,numeric_6digit_png,002014.png,002014.png,002014.png,002014.txt,12,0;3;6;8
002016,train,324,numeric_6digit_png,002016.png,002016.png,002016.png,002016.txt,12,0;3;6;8
002022,train,324,numeric_6digit_png,002022.png,002022.png,002022.png,002022.txt,13,0;3;6;8
002029,train,324,numeric_6digit_png,002029.png,002029.png,002029.png,002029.txt,13,0;3;6;8
002035,train,324,numeric_6digit_png,002035.png,002035.png,002035.png,002035.txt,11,0;3;6;8
002037,train,324,numeric_6digit_png,002037.png,002037.png,002037.png,002037.txt,11,0;3;6;8
002041,train,324,numeric_6digit_png,002041.png,002041.png,002041.png,002041.txt,12,0;3;6;8
002048,train,324,numeric_6digit_png,002048.png,002048.png,002048.png,002048.txt,11,0;3;6;8
002060,train,324,numeric_6digit_png,002060.png,002060.png,002060.png,002060.txt,12,0;3;6;8
002065,train,324,numeric_6digit_png,002065.png,002065.png,002065.png,002065.txt,12,0;3;6;8
002068,train,324,numeric_6digit_png,002068.png,002068.png,002068.png,002068.txt,12,0;3;6;8
002078,train,324,numeric_6digit_png,002078.png,002078.png,002078.png,002078.txt,11,0;3;6;8
002079,train,324,numeric_6digit_png,002079.png,002079.png,002079.png,002079.txt,11,0;3;6;8
002084,train,324,numeric_6digit_png,002084.png,002084.png,002084.png,002084.txt,12,0;3;6;8
002087,train,324,numeric_6digit_png,002087.png,002087.png,002087.png,002087.txt,11,0;3;6;8
002097,train,324,numeric_6digit_png,002097.png,002097.png,002097.png,002097.txt,11,0;3;6;8
002102,train,324,numeric_6digit_png,002102.png,002102.png,002102.png,002102.txt,9,2;8
002110,train,324,numeric_6digit_png,002110.png,002110.png,002110.png,002110.txt,12,2;8
002120,train,324,numeric_6digit_png,002120.png,002120.png,002120.png,002120.txt,6,0;2
002123,train,324,numeric_6digit_png,002123.png,002123.png,002123.png,002123.txt,11,2;8
002132,train,325,numeric_6digit_png,002132.png,002132.png,002132.png,002132.txt,3,2;4;8
002134,train,325,numeric_6digit_png,002134.png,002134.png,002134.png,002134.txt,1,2
002142,train,325,numeric_6digit_png,002142.png,002142.png,002142.png,002142.txt,1,2
002143,train,325,numeric_6digit_png,002143.png,002143.png,002143.png,002143.txt,3,2;4;8
002145,train,325,numeric_6digit_png,002145.png,002145.png,002145.png,002145.txt,1,2
002154,train,325,numeric_6digit_png,002154.png,002154.png,002154.png,002154.txt,13,2;8
002156,train,325,numeric_6digit_png,002156.png,002156.png,002156.png,002156.txt,11,2;8
002158,train,325,numeric_6digit_png,002158.png,002158.png,002158.png,002158.txt,12,2;8
002159,train,325,numeric_6digit_png,002159.png,002159.png,002159.png,002159.txt,12,2;8
002161,train,325,numeric_6digit_png,002161.png,002161.png,002161.png,002161.txt,1,2
002164,train,325,numeric_6digit_png,002164.png,002164.png,002164.png,002164.txt,1,2
002167,train,325,numeric_6digit_png,002167.png,002167.png,002167.png,002167.txt,1,2
002174,train,325,numeric_6digit_png,002174.png,002174.png,002174.png,002174.txt,12,0;3;6;8
002175,train,325,numeric_6digit_png,002175.png,002175.png,002175.png,002175.txt,12,0;3;6;8
002185,train,325,numeric_6digit_png,002185.png,002185.png,002185.png,002185.txt,1,2
002189,train,325,numeric_6digit_png,002189.png,002189.png,002189.png,002189.txt,1,2
002194,train,325,numeric_6digit_png,002194.png,002194.png,002194.png,002194.txt,3,0;2;9
002196,train,325,numeric_6digit_png,002196.png,002196.png,002196.png,002196.txt,2,2;9
002202,train,325,numeric_6digit_png,002202.png,002202.png,002202.png,002202.txt,8,0;2;8
002207,train,325,numeric_6digit_png,002207.png,002207.png,002207.png,002207.txt,2,2;9
002224,train,325,numeric_6digit_png,002224.png,002224.png,002224.png,002224.txt,1,2
002227,train,325,numeric_6digit_png,002227.png,002227.png,002227.png,002227.txt,1,2
002230,train,325,numeric_6digit_png,002230.png,002230.png,002230.png,002230.txt,1,2
002232,train,325,numeric_6digit_png,002232.png,002232.png,002232.png,002232.txt,21,0;2;8;9
002235,train,325,numeric_6digit_png,002235.png,002235.png,002235.png,002235.txt,11,0;2;8;9
002243,train,326,numeric_6digit_png,002243.png,002243.png,002243.png,002243.txt,7,2
002251,train,326,numeric_6digit_png,002251.png,002251.png,002251.png,002251.txt,4,2
002252,train,326,numeric_6digit_png,002252.png,002252.png,002252.png,002252.txt,7,2
002259,train,326,numeric_6digit_png,002259.png,002259.png,002259.png,002259.txt,6,2
002260,train,326,numeric_6digit_png,002260.png,002260.png,002260.png,002260.txt,5,2
002265,train,326,numeric_6digit_png,002265.png,002265.png,002265.png,002265.txt,5,0;2
002267,train,326,numeric_6digit_png,002267.png,002267.png,002267.png,002267.txt,6,0;2
002271,train,326,numeric_6digit_png,002271.png,002271.png,002271.png,002271.txt,7,2
002275,train,326,numeric_6digit_png,002275.png,002275.png,002275.png,002275.txt,8,2
002276,train,326,numeric_6digit_png,002276.png,002276.png,002276.png,002276.txt,7,2
002278,train,326,numeric_6digit_png,002278.png,002278.png,002278.png,002278.txt,4,0;2
002281,train,326,numeric_6digit_png,002281.png,002281.png,002281.png,002281.txt,12,2;8
002286,train,326,numeric_6digit_png,002286.png,002286.png,002286.png,002286.txt,13,2;8
002292,train,326,numeric_6digit_png,002292.png,002292.png,002292.png,002292.txt,11,2;8
002296,train,326,numeric_6digit_png,002296.png,002296.png,002296.png,002296.txt,4,2
002298,train,326,numeric_6digit_png,002298.png,002298.png,002298.png,002298.txt,13,2;8
002305,train,326,numeric_6digit_png,002305.png,002305.png,002305.png,002305.txt,5,4;9
002308,train,326,numeric_6digit_png,002308.png,002308.png,002308.png,002308.txt,3,4;9
002315,train,326,numeric_6digit_png,002315.png,002315.png,002315.png,002315.txt,1,9
002318,train,326,numeric_6digit_png,002318.png,002318.png,002318.png,002318.txt,3,0;3;9
002326,train,326,numeric_6digit_png,002326.png,002326.png,002326.png,002326.txt,9,0;6;8
002327,train,326,numeric_6digit_png,002327.png,002327.png,002327.png,002327.txt,9,0;6;8
002331,train,326,numeric_6digit_png,002331.png,002331.png,002331.png,002331.txt,19,0;2;4;6
002332,train,326,numeric_6digit_png,002332.png,002332.png,002332.png,002332.txt,12,0;2;4
002334,train,326,numeric_6digit_png,002334.png,002334.png,002334.png,002334.txt,11,0;2;4
002338,train,327,numeric_6digit_png,002338.png,002338.png,002338.png,002338.txt,6,0;2
002340,train,327,numeric_6digit_png,002340.png,002340.png,002340.png,002340.txt,9,2;4
002342,train,327,numeric_6digit_png,002342.png,002342.png,002342.png,002342.txt,5,2
002343,train,327,numeric_6digit_png,002343.png,002343.png,002343.png,002343.txt,5,2
002345,train,327,numeric_6digit_png,002345.png,002345.png,002345.png,002345.txt,5,2
002346,train,327,numeric_6digit_png,002346.png,002346.png,002346.png,002346.txt,5,2
002351,train,327,numeric_6digit_png,002351.png,002351.png,002351.png,002351.txt,5,2
002357,train,327,numeric_6digit_png,002357.png,002357.png,002357.png,002357.txt,4,2
002359,train,327,numeric_6digit_png,002359.png,002359.png,002359.png,002359.txt,4,2
002372,train,327,numeric_6digit_png,002372.png,002372.png,002372.png,002372.txt,5,2
002375,train,327,numeric_6digit_png,002375.png,002375.png,002375.png,002375.txt,5,2
002378,train,327,numeric_6digit_png,002378.png,002378.png,002378.png,002378.txt,7,2
002380,train,327,numeric_6digit_png,002380.png,002380.png,002380.png,002380.txt,10,2
002381,train,327,numeric_6digit_png,002381.png,002381.png,002381.png,002381.txt,3,2
002383,train,327,numeric_6digit_png,002383.png,002383.png,002383.png,002383.txt,3,2
002386,train,327,numeric_6digit_png,002386.png,002386.png,002386.png,002386.txt,5,2;8
002392,train,327,numeric_6digit_png,002392.png,002392.png,002392.png,002392.txt,2,2
002395,train,327,numeric_6digit_png,002395.png,002395.png,002395.png,002395.txt,3,2
002398,train,327,numeric_6digit_png,002398.png,002398.png,002398.png,002398.txt,1,2
002400,train,327,numeric_6digit_png,002400.png,002400.png,002400.png,002400.txt,2,2
002413,train,327,numeric_6digit_png,002413.png,002413.png,002413.png,002413.txt,2,0;3
002422,train,327,numeric_6digit_png,002422.png,002422.png,002422.png,002422.txt,3,0;3
002425,train,327,numeric_6digit_png,002425.png,002425.png,002425.png,002425.txt,2,3;8
002427,train,327,numeric_6digit_png,002427.png,002427.png,002427.png,002427.txt,8,0;3;8;9
002430,train,327,numeric_6digit_png,002430.png,002430.png,002430.png,002430.txt,2,3;8
002432,train,328,numeric_6digit_png,002432.png,002432.png,002432.png,002432.txt,4,0;3;9
002437,train,328,numeric_6digit_png,002437.png,002437.png,002437.png,002437.txt,1,3
002440,train,328,numeric_6digit_png,002440.png,002440.png,002440.png,002440.txt,3,0;3;9
002457,train,328,numeric_6digit_png,002457.png,002457.png,002457.png,002457.txt,12,0;4;5;6;8
002460,train,328,numeric_6digit_png,002460.png,002460.png,002460.png,002460.txt,12,0;4;5;6;8
002475,train,328,numeric_6digit_png,002475.png,002475.png,002475.png,002475.txt,2,0;8
002479,train,328,numeric_6digit_png,002479.png,002479.png,002479.png,002479.txt,4,0;8
002494,train,328,numeric_6digit_png,002494.png,002494.png,002494.png,002494.txt,8,0;8
002496,train,328,numeric_6digit_png,002496.png,002496.png,002496.png,002496.txt,7,0;8
002497,train,328,numeric_6digit_png,002497.png,002497.png,002497.png,002497.txt,8,0;8
002500,train,328,numeric_6digit_png,002500.png,002500.png,002500.png,002500.txt,6,0;8;9
002506,train,328,numeric_6digit_png,002506.png,002506.png,002506.png,002506.txt,2,0;9
002508,train,328,numeric_6digit_png,002508.png,002508.png,002508.png,002508.txt,2,8;9
002509,train,328,numeric_6digit_png,002509.png,002509.png,002509.png,002509.txt,2,8;9
002514,train,328,numeric_6digit_png,002514.png,002514.png,002514.png,002514.txt,1,4
002517,train,328,numeric_6digit_png,002517.png,002517.png,002517.png,002517.txt,8,4
002520,train,328,numeric_6digit_png,002520.png,002520.png,002520.png,002520.txt,2,4;8
002522,train,328,numeric_6digit_png,002522.png,002522.png,002522.png,002522.txt,2,4;6
002535,train,328,numeric_6digit_png,002535.png,002535.png,002535.png,002535.txt,1,4
002538,train,328,numeric_6digit_png,002538.png,002538.png,002538.png,002538.txt,1,4
002542,train,328,numeric_6digit_png,002542.png,002542.png,002542.png,002542.txt,2,4
002547,train,328,numeric_6digit_png,002547.png,002547.png,002547.png,002547.txt,1,4
002556,train,328,numeric_6digit_png,002556.png,002556.png,002556.png,002556.txt,19,0;3;4;8;9
002569,train,328,numeric_6digit_png,002569.png,002569.png,002569.png,002569.txt,1,4
002576,train,328,numeric_6digit_png,002576.png,002576.png,002576.png,002576.txt,13,0;4;7;8
002579,val,329,numeric_6digit_png,002579.png,002579.png,002579.png,002579.txt,11,0;4;8
002584,val,329,numeric_6digit_png,002584.png,002584.png,002584.png,002584.txt,7,0;8
002587,val,329,numeric_6digit_png,002587.png,002587.png,002587.png,002587.txt,1,2
002588,val,329,numeric_6digit_png,002588.png,002588.png,002588.png,002588.txt,1,2
002592,val,329,numeric_6digit_png,002592.png,002592.png,002592.png,002592.txt,37,0;4;8
002593,val,329,numeric_6digit_png,002593.png,002593.png,002593.png,002593.txt,34,0;4;8
002598,val,329,numeric_6digit_png,002598.png,002598.png,002598.png,002598.txt,27,0;8
002600,val,329,numeric_6digit_png,002600.png,002600.png,002600.png,002600.txt,40,0;4;8
002604,val,329,numeric_6digit_png,002604.png,002604.png,002604.png,002604.txt,37,0;8
002607,val,329,numeric_6digit_png,002607.png,002607.png,002607.png,002607.txt,24,0
002625,val,329,numeric_6digit_png,002625.png,002625.png,002625.png,002625.txt,35,0;4;8
002627,val,329,numeric_6digit_png,002627.png,002627.png,002627.png,002627.txt,33,0;5;8
002630,val,329,numeric_6digit_png,002630.png,002630.png,002630.png,002630.txt,42,0;4;8;9
002633,val,329,numeric_6digit_png,002633.png,002633.png,002633.png,002633.txt,34,0;8
002634,val,329,numeric_6digit_png,002634.png,002634.png,002634.png,002634.txt,34,0;8
002642,val,329,numeric_6digit_png,002642.png,002642.png,002642.png,002642.txt,1,0
002663,val,329,numeric_6digit_png,002663.png,002663.png,002663.png,002663.txt,28,0;4;8
002668,val,329,numeric_6digit_png,002668.png,002668.png,002668.png,002668.txt,22,0;4;5;8;9
002671,val,329,numeric_6digit_png,002671.png,002671.png,002671.png,002671.txt,28,0;4;8
002676,val,329,numeric_6digit_png,002676.png,002676.png,002676.png,002676.txt,17,0;4;5;9
002677,val,329,numeric_6digit_png,002677.png,002677.png,002677.png,002677.txt,19,0;4;5;9
002687,val,329,numeric_6digit_png,002687.png,002687.png,002687.png,002687.txt,22,0;4;5;8;9
002690,val,329,numeric_6digit_png,002690.png,002690.png,002690.png,002690.txt,49,0;4;8
002692,val,329,numeric_6digit_png,002692.png,002692.png,002692.png,002692.txt,33,0;4;8
002693,val,329,numeric_6digit_png,002693.png,002693.png,002693.png,002693.txt,26,0;4;8
002704,train,330,numeric_6digit_png,002704.png,002704.png,002704.png,002704.txt,18,0;5;8
002707,train,330,numeric_6digit_png,002707.png,002707.png,002707.png,002707.txt,14,0;4;8;9
002709,train,330,numeric_6digit_png,002709.png,002709.png,002709.png,002709.txt,39,0;4;8;9
002724,train,330,numeric_6digit_png,002724.png,002724.png,002724.png,002724.txt,15,0;3;4;5;8;9
002725,train,330,numeric_6digit_png,002725.png,002725.png,002725.png,002725.txt,17,0;3;4;8;9
002730,train,330,numeric_6digit_png,002730.png,002730.png,002730.png,002730.txt,47,0;3;4;5;8;9
002741,train,330,numeric_6digit_png,002741.png,002741.png,002741.png,002741.txt,15,0;5;8
002744,train,330,numeric_6digit_png,002744.png,002744.png,002744.png,002744.txt,10,0;5;8
002750,train,330,numeric_6digit_png,002750.png,002750.png,002750.png,002750.txt,27,0;4;8;9
002753,train,330,numeric_6digit_png,002753.png,002753.png,002753.png,002753.txt,2,6
002756,train,330,numeric_6digit_png,002756.png,002756.png,002756.png,002756.txt,2,6
002762,train,330,numeric_6digit_png,002762.png,002762.png,002762.png,002762.txt,2,0;8
002770,train,330,numeric_6digit_png,002770.png,002770.png,002770.png,002770.txt,6,0;3;8
002804,train,330,numeric_6digit_png,002804.png,002804.png,002804.png,002804.txt,14,0;5
002807,train,330,numeric_6digit_png,002807.png,002807.png,002807.png,002807.txt,9,0;5
002816,train,330,numeric_6digit_png,002816.png,002816.png,002816.png,002816.txt,4,0;9
002818,train,330,numeric_6digit_png,002818.png,002818.png,002818.png,002818.txt,5,0;9
002821,train,330,numeric_6digit_png,002821.png,002821.png,002821.png,002821.txt,19,0
002839,train,330,numeric_6digit_png,002839.png,002839.png,002839.png,002839.txt,5,0
002842,train,330,numeric_6digit_png,002842.png,002842.png,002842.png,002842.txt,5,0;3
002844,train,330,numeric_6digit_png,002844.png,002844.png,002844.png,002844.txt,5,0;3
002848,train,330,numeric_6digit_png,002848.png,002848.png,002848.png,002848.txt,7,0;1;8
002872,train,330,numeric_6digit_png,002872.png,002872.png,002872.png,002872.txt,1,2
002874,train,330,numeric_6digit_png,002874.png,002874.png,002874.png,002874.txt,1,2
002876,train,330,numeric_6digit_png,002876.png,002876.png,002876.png,002876.txt,1,2
002877,train,331,numeric_6digit_png,002877.png,002877.png,002877.png,002877.txt,1,2
002883,train,331,numeric_6digit_png,002883.png,002883.png,002883.png,002883.txt,15,0;3
002888,train,331,numeric_6digit_png,002888.png,002888.png,002888.png,002888.txt,16,0;3;4
002897,train,331,numeric_6digit_png,002897.png,002897.png,002897.png,002897.txt,12,0;2;3
002903,train,331,numeric_6digit_png,002903.png,002903.png,002903.png,002903.txt,11,0;2;5;8
002906,train,331,numeric_6digit_png,002906.png,002906.png,002906.png,002906.txt,22,0;4;9
002909,train,331,numeric_6digit_png,002909.png,002909.png,002909.png,002909.txt,10,0
002910,train,331,numeric_6digit_png,002910.png,002910.png,002910.png,002910.txt,14,0
002912,train,331,numeric_6digit_png,002912.png,002912.png,002912.png,002912.txt,24,0;2;5
002914,train,331,numeric_6digit_png,002914.png,002914.png,002914.png,002914.txt,12,0;2
002918,train,331,numeric_6digit_png,002918.png,002918.png,002918.png,002918.txt,11,0;2
002923,train,331,numeric_6digit_png,002923.png,002923.png,002923.png,002923.txt,3,0;4;9
002935,train,331,numeric_6digit_png,002935.png,002935.png,002935.png,002935.txt,2,0
002940,train,331,numeric_6digit_png,002940.png,002940.png,002940.png,002940.txt,3,0
002946,train,331,numeric_6digit_png,002946.png,002946.png,002946.png,002946.txt,19,0;5;6;9
002953,train,331,numeric_6digit_png,002953.png,002953.png,002953.png,002953.txt,5,0
002955,train,331,numeric_6digit_png,002955.png,002955.png,002955.png,002955.txt,25,0;4;5;6;9
002962,train,331,numeric_6digit_png,002962.png,002962.png,002962.png,002962.txt,16,0;4;5;6
002965,train,331,numeric_6digit_png,002965.png,002965.png,002965.png,002965.txt,13,0;4;5
002970,train,331,numeric_6digit_png,002970.png,002970.png,002970.png,002970.txt,12,0;4;5;9
002972,train,331,numeric_6digit_png,002972.png,002972.png,002972.png,002972.txt,29,0;5;6;9
002976,train,331,numeric_6digit_png,002976.png,002976.png,002976.png,002976.txt,32,0;4;5;6;9
002984,train,331,numeric_6digit_png,002984.png,002984.png,002984.png,002984.txt,24,0;4;5;6
002987,train,331,numeric_6digit_png,002987.png,002987.png,002987.png,002987.txt,16,0;5;9
002992,train,331,numeric_6digit_png,002992.png,002992.png,002992.png,002992.txt,7,0;4
002996,train,332,numeric_6digit_png,002996.png,002996.png,002996.png,002996.txt,5,0;6;8
002998,train,332,numeric_6digit_png,002998.png,002998.png,002998.png,002998.txt,7,0;8;9
003004,train,332,numeric_6digit_png,003004.png,003004.png,003004.png,003004.txt,4,0
003007,train,332,numeric_6digit_png,003007.png,003007.png,003007.png,003007.txt,17,0;4;8;9
003009,train,332,numeric_6digit_png,003009.png,003009.png,003009.png,003009.txt,13,0;8
003013,train,332,numeric_6digit_png,003013.png,003013.png,003013.png,003013.txt,7,0;4
003017,train,332,numeric_6digit_png,003017.png,003017.png,003017.png,003017.txt,6,0;8
003019,train,332,numeric_6digit_png,003019.png,003019.png,003019.png,003019.txt,8,0
003022,train,332,numeric_6digit_png,003022.png,003022.png,003022.png,003022.txt,12,0;6
003026,train,332,numeric_6digit_png,003026.png,003026.png,003026.png,003026.txt,6,0;6
003034,train,332,numeric_6digit_png,003034.png,003034.png,003034.png,003034.txt,7,0;3
003040,train,332,numeric_6digit_png,003040.png,003040.png,003040.png,003040.txt,6,0;8
003044,train,332,numeric_6digit_png,003044.png,003044.png,003044.png,003044.txt,20,0;2;3;4;5;9
003047,train,332,numeric_6digit_png,003047.png,003047.png,003047.png,003047.txt,21,0;3;4;5;9
003052,train,332,numeric_6digit_png,003052.png,003052.png,003052.png,003052.txt,10,0;8
003056,train,332,numeric_6digit_png,003056.png,003056.png,003056.png,003056.txt,13,0;3;5
003058,train,332,numeric_6digit_png,003058.png,003058.png,003058.png,003058.txt,9,0;3
003075,train,332,numeric_6digit_png,003075.png,003075.png,003075.png,003075.txt,1,8
003078,train,332,numeric_6digit_png,003078.png,003078.png,003078.png,003078.txt,1,8
003080,train,332,numeric_6digit_png,003080.png,003080.png,003080.png,003080.txt,1,8
003082,train,332,numeric_6digit_png,003082.png,003082.png,003082.png,003082.txt,10,0;8;9
003085,train,332,numeric_6digit_png,003085.png,003085.png,003085.png,003085.txt,14,0;8
003087,train,332,numeric_6digit_png,003087.png,003087.png,003087.png,003087.txt,14,0;8;9
003090,train,332,numeric_6digit_png,003090.png,003090.png,003090.png,003090.txt,9,0;8
003093,train,332,numeric_6digit_png,003093.png,003093.png,003093.png,003093.txt,17,0;3;4
003096,val,333,numeric_6digit_png,003096.png,003096.png,003096.png,003096.txt,19,0;3;4;5
003098,val,333,numeric_6digit_png,003098.png,003098.png,003098.png,003098.txt,19,0;3;5
003102,val,333,numeric_6digit_png,003102.png,003102.png,003102.png,003102.txt,4,0;3
003105,val,333,numeric_6digit_png,003105.png,003105.png,003105.png,003105.txt,5,0;3
003107,val,333,numeric_6digit_png,003107.png,003107.png,003107.png,003107.txt,8,0;3
003109,val,333,numeric_6digit_png,003109.png,003109.png,003109.png,003109.txt,4,0;3
003124,val,333,numeric_6digit_png,003124.png,003124.png,003124.png,003124.txt,1,10
003125,val,333,numeric_6digit_png,003125.png,003125.png,003125.png,003125.txt,1,10
003127,val,333,numeric_6digit_png,003127.png,003127.png,003127.png,003127.txt,1,10
003133,val,333,numeric_6digit_png,003133.png,003133.png,003133.png,003133.txt,8,0;4
003134,val,333,numeric_6digit_png,003134.png,003134.png,003134.png,003134.txt,3,4
003138,val,333,numeric_6digit_png,003138.png,003138.png,003138.png,003138.txt,3,4
003139,val,333,numeric_6digit_png,003139.png,003139.png,003139.png,003139.txt,3,4
003148,val,333,numeric_6digit_png,003148.png,003148.png,003148.png,003148.txt,10,0;2
003152,val,333,numeric_6digit_png,003152.png,003152.png,003152.png,003152.txt,23,2
003154,val,333,numeric_6digit_png,003154.png,003154.png,003154.png,003154.txt,23,2
003157,val,333,numeric_6digit_png,003157.png,003157.png,003157.png,003157.txt,21,2
003159,val,333,numeric_6digit_png,003159.png,003159.png,003159.png,003159.txt,21,2
003160,val,333,numeric_6digit_png,003160.png,003160.png,003160.png,003160.txt,22,2;4
003162,val,333,numeric_6digit_png,003162.png,003162.png,003162.png,003162.txt,1,2
003165,val,333,numeric_6digit_png,003165.png,003165.png,003165.png,003165.txt,1,2
003168,val,333,numeric_6digit_png,003168.png,003168.png,003168.png,003168.txt,1,2
003170,val,333,numeric_6digit_png,003170.png,003170.png,003170.png,003170.txt,1,2
003179,val,333,numeric_6digit_png,003179.png,003179.png,003179.png,003179.txt,13,2
003186,val,333,numeric_6digit_png,003186.png,003186.png,003186.png,003186.txt,15,2
003192,train,334,numeric_6digit_png,003192.png,003192.png,003192.png,003192.txt,6,2
003193,train,334,numeric_6digit_png,003193.png,003193.png,003193.png,003193.txt,4,2
003197,train,334,numeric_6digit_png,003197.png,003197.png,003197.png,003197.txt,5,2
003198,train,334,numeric_6digit_png,003198.png,003198.png,003198.png,003198.txt,5,2
003200,train,334,numeric_6digit_png,003200.png,003200.png,003200.png,003200.txt,6,2
003218,train,334,numeric_6digit_png,003218.png,003218.png,003218.png,003218.txt,2,2
003219,train,334,numeric_6digit_png,003219.png,003219.png,003219.png,003219.txt,2,2
003225,train,334,numeric_6digit_png,003225.png,003225.png,003225.png,003225.txt,4,2
003227,train,334,numeric_6digit_png,003227.png,003227.png,003227.png,003227.txt,3,0;2
003234,train,334,numeric_6digit_png,003234.png,003234.png,003234.png,003234.txt,9,0;1;2;9
003237,train,334,numeric_6digit_png,003237.png,003237.png,003237.png,003237.txt,6,1;2;9
003240,train,334,numeric_6digit_png,003240.png,003240.png,003240.png,003240.txt,8,0;1;2;9
003244,train,334,numeric_6digit_png,003244.png,003244.png,003244.png,003244.txt,7,0;1;2
003246,train,334,numeric_6digit_png,003246.png,003246.png,003246.png,003246.txt,6,0;1;2
003257,train,334,numeric_6digit_png,003257.png,003257.png,003257.png,003257.txt,7,0;2;3
003262,train,334,numeric_6digit_png,003262.png,003262.png,003262.png,003262.txt,32,0;1;2;3;4;9
003265,train,334,numeric_6digit_png,003265.png,003265.png,003265.png,003265.txt,34,0;1;2;3;9
003269,train,334,numeric_6digit_png,003269.png,003269.png,003269.png,003269.txt,29,0;1;2;3;9
003273,train,334,numeric_6digit_png,003273.png,003273.png,003273.png,003273.txt,14,0;1;2
003279,train,334,numeric_6digit_png,003279.png,003279.png,003279.png,003279.txt,14,0;1;2
003282,train,334,numeric_6digit_png,003282.png,003282.png,003282.png,003282.txt,24,0;1;2;3
003288,train,334,numeric_6digit_png,003288.png,003288.png,003288.png,003288.txt,22,0;1;2;3;4
003298,train,334,numeric_6digit_png,003298.png,003298.png,003298.png,003298.txt,8,0;1;2
003299,train,334,numeric_6digit_png,003299.png,003299.png,003299.png,003299.txt,8,0;1;2
003301,train,334,numeric_6digit_png,003301.png,003301.png,003301.png,003301.txt,15,0;4;5;6;9
003304,val,335,numeric_6digit_png,003304.png,003304.png,003304.png,003304.txt,14,0;4;5;6;9
003309,val,335,numeric_6digit_png,003309.png,003309.png,003309.png,003309.txt,9,0;6
003312,val,335,numeric_6digit_png,003312.png,003312.png,003312.png,003312.txt,16,0;4;5;6;9
003314,val,335,numeric_6digit_png,003314.png,003314.png,003314.png,003314.txt,16,0;4;5;6;9
003315,val,335,numeric_6digit_png,003315.png,003315.png,003315.png,003315.txt,15,0;4;5;6;9
003317,val,335,numeric_6digit_png,003317.png,003317.png,003317.png,003317.txt,18,0;4;5;6
003338,val,335,numeric_6digit_png,003338.png,003338.png,003338.png,003338.txt,2,8
003340,val,335,numeric_6digit_png,003340.png,003340.png,003340.png,003340.txt,6,6;8
003342,val,335,numeric_6digit_png,003342.png,003342.png,003342.png,003342.txt,1,8
003343,val,335,numeric_6digit_png,003343.png,003343.png,003343.png,003343.txt,1,8
003346,val,335,numeric_6digit_png,003346.png,003346.png,003346.png,003346.txt,4,0;5;6;8
003348,val,335,numeric_6digit_png,003348.png,003348.png,003348.png,003348.txt,1,8
003349,val,335,numeric_6digit_png,003349.png,003349.png,003349.png,003349.txt,1,8
003353,val,335,numeric_6digit_png,003353.png,003353.png,003353.png,003353.txt,2,8
003357,val,335,numeric_6digit_png,003357.png,003357.png,003357.png,003357.txt,1,8
003363,val,335,numeric_6digit_png,003363.png,003363.png,003363.png,003363.txt,13,0;4;5;6;9
003368,val,335,numeric_6digit_png,003368.png,003368.png,003368.png,003368.txt,6,0;5;6
003375,val,335,numeric_6digit_png,003375.png,003375.png,003375.png,003375.txt,23,0;4;5;6
003380,val,335,numeric_6digit_png,003380.png,003380.png,003380.png,003380.txt,23,0;4;5;6;8
003386,val,335,numeric_6digit_png,003386.png,003386.png,003386.png,003386.txt,7,4;6;8
003389,val,335,numeric_6digit_png,003389.png,003389.png,003389.png,003389.txt,7,4;6;8
003393,val,335,numeric_6digit_png,003393.png,003393.png,003393.png,003393.txt,4,0;4;5;6
003405,val,335,numeric_6digit_png,003405.png,003405.png,003405.png,003405.txt,1,0
003408,val,335,numeric_6digit_png,003408.png,003408.png,003408.png,003408.txt,2,0;4
003409,val,335,numeric_6digit_png,003409.png,003409.png,003409.png,003409.txt,6,0;4;6
003411,train,336,numeric_6digit_png,003411.png,003411.png,003411.png,003411.txt,8,0;4;5;6;8
003419,train,336,numeric_6digit_png,003419.png,003419.png,003419.png,003419.txt,22,0;4;5;6;8
003421,train,336,numeric_6digit_png,003421.png,003421.png,003421.png,003421.txt,11,0;6;8
003422,train,336,numeric_6digit_png,003422.png,003422.png,003422.png,003422.txt,13,0;5;6;8;9
003425,train,336,numeric_6digit_png,003425.png,003425.png,003425.png,003425.txt,16,0;4;5;6;8;9
003430,train,336,numeric_6digit_png,003430.png,003430.png,003430.png,003430.txt,14,0;4;5;6;8;9
003443,train,336,numeric_6digit_png,003443.png,003443.png,003443.png,003443.txt,1,4
003444,train,336,numeric_6digit_png,003444.png,003444.png,003444.png,003444.txt,1,4
003448,train,336,numeric_6digit_png,003448.png,003448.png,003448.png,003448.txt,1,4
003451,train,336,numeric_6digit_png,003451.png,003451.png,003451.png,003451.txt,19,0;2;3
003452,train,336,numeric_6digit_png,003452.png,003452.png,003452.png,003452.txt,18,0;2;3
003455,train,336,numeric_6digit_png,003455.png,003455.png,003455.png,003455.txt,14,0;2;3
003457,train,336,numeric_6digit_png,003457.png,003457.png,003457.png,003457.txt,14,0;2
003460,train,336,numeric_6digit_png,003460.png,003460.png,003460.png,003460.txt,9,0;2
003466,train,336,numeric_6digit_png,003466.png,003466.png,003466.png,003466.txt,15,0;2;5;8;9
003468,train,336,numeric_6digit_png,003468.png,003468.png,003468.png,003468.txt,7,0;2;8
003469,train,336,numeric_6digit_png,003469.png,003469.png,003469.png,003469.txt,2,2;8
003472,train,336,numeric_6digit_png,003472.png,003472.png,003472.png,003472.txt,4,0;2;8
003475,train,336,numeric_6digit_png,003475.png,003475.png,003475.png,003475.txt,12,0;2;8
003477,train,336,numeric_6digit_png,003477.png,003477.png,003477.png,003477.txt,21,0;2;8;9
003480,train,336,numeric_6digit_png,003480.png,003480.png,003480.png,003480.txt,11,0;2;8
003485,train,336,numeric_6digit_png,003485.png,003485.png,003485.png,003485.txt,21,0;2;9
003487,train,336,numeric_6digit_png,003487.png,003487.png,003487.png,003487.txt,7,0;2
003489,train,336,numeric_6digit_png,003489.png,003489.png,003489.png,003489.txt,19,0;2;8;9
003490,train,336,numeric_6digit_png,003490.png,003490.png,003490.png,003490.txt,18,0;2;8;9
003515,train,337,numeric_6digit_png,003515.png,003515.png,003515.png,003515.txt,10,0;2
003517,train,337,numeric_6digit_png,003517.png,003517.png,003517.png,003517.txt,10,0;2
003519,train,337,numeric_6digit_png,003519.png,003519.png,003519.png,003519.txt,10,0;2
003524,train,337,numeric_6digit_png,003524.png,003524.png,003524.png,003524.txt,3,2
003526,train,337,numeric_6digit_png,003526.png,003526.png,003526.png,003526.txt,5,0;2
003529,train,337,numeric_6digit_png,003529.png,003529.png,003529.png,003529.txt,7,2
003532,train,337,numeric_6digit_png,003532.png,003532.png,003532.png,003532.txt,2,2
003535,train,337,numeric_6digit_png,003535.png,003535.png,003535.png,003535.txt,3,2
003537,train,337,numeric_6digit_png,003537.png,003537.png,003537.png,003537.txt,1,2
003541,train,337,numeric_6digit_png,003541.png,003541.png,003541.png,003541.txt,4,0;2;8
003543,train,337,numeric_6digit_png,003543.png,003543.png,003543.png,003543.txt,2,2
003546,train,337,numeric_6digit_png,003546.png,003546.png,003546.png,003546.txt,5,2
003557,train,337,numeric_6digit_png,003557.png,003557.png,003557.png,003557.txt,6,0;2
003566,train,337,numeric_6digit_png,003566.png,003566.png,003566.png,003566.txt,8,0;2
003570,train,337,numeric_6digit_png,003570.png,003570.png,003570.png,003570.txt,9,0;2
003574,train,337,numeric_6digit_png,003574.png,003574.png,003574.png,003574.txt,6,0;2
003588,train,337,numeric_6digit_png,003588.png,003588.png,003588.png,003588.txt,14,0;9
003592,train,337,numeric_6digit_png,003592.png,003592.png,003592.png,003592.txt,5,2;3
003594,train,337,numeric_6digit_png,003594.png,003594.png,003594.png,003594.txt,7,2;3;9
003595,train,337,numeric_6digit_png,003595.png,003595.png,003595.png,003595.txt,7,2;3;9
003597,train,337,numeric_6digit_png,003597.png,003597.png,003597.png,003597.txt,4,2;3
003603,train,337,numeric_6digit_png,003603.png,003603.png,003603.png,003603.txt,5,2
003606,train,337,numeric_6digit_png,003606.png,003606.png,003606.png,003606.txt,4,2
003608,train,337,numeric_6digit_png,003608.png,003608.png,003608.png,003608.txt,5,2
003609,train,337,numeric_6digit_png,003609.png,003609.png,003609.png,003609.txt,6,2
003613,train,338,numeric_6digit_png,003613.png,003613.png,003613.png,003613.txt,11,0;2
003620,train,338,numeric_6digit_png,003620.png,003620.png,003620.png,003620.txt,12,2
003626,train,338,numeric_6digit_png,003626.png,003626.png,003626.png,003626.txt,2,2
003637,train,338,numeric_6digit_png,003637.png,003637.png,003637.png,003637.txt,4,2
003639,train,338,numeric_6digit_png,003639.png,003639.png,003639.png,003639.txt,5,2
003642,train,338,numeric_6digit_png,003642.png,003642.png,003642.png,003642.txt,18,0;2;8
003645,train,338,numeric_6digit_png,003645.png,003645.png,003645.png,003645.txt,19,0;2;8
003647,train,338,numeric_6digit_png,003647.png,003647.png,003647.png,003647.txt,13,0;2
003648,train,338,numeric_6digit_png,003648.png,003648.png,003648.png,003648.txt,14,0;2
003653,train,338,numeric_6digit_png,003653.png,003653.png,003653.png,003653.txt,19,0;2
003656,train,338,numeric_6digit_png,003656.png,003656.png,003656.png,003656.txt,20,0;2
003659,train,338,numeric_6digit_png,003659.png,003659.png,003659.png,003659.txt,15,0;2
003661,train,338,numeric_6digit_png,003661.png,003661.png,003661.png,003661.txt,3,2
003663,train,338,numeric_6digit_png,003663.png,003663.png,003663.png,003663.txt,2,2
003667,train,338,numeric_6digit_png,003667.png,003667.png,003667.png,003667.txt,3,2
003675,train,338,numeric_6digit_png,003675.png,003675.png,003675.png,003675.txt,11,0;2
003678,train,338,numeric_6digit_png,003678.png,003678.png,003678.png,003678.txt,4,2
003679,train,338,numeric_6digit_png,003679.png,003679.png,003679.png,003679.txt,9,0;2
003692,train,338,numeric_6digit_png,003692.png,003692.png,003692.png,003692.txt,2,2
003696,train,338,numeric_6digit_png,003696.png,003696.png,003696.png,003696.txt,1,2
003703,train,338,numeric_6digit_png,003703.png,003703.png,003703.png,003703.txt,2,2
003706,train,338,numeric_6digit_png,003706.png,003706.png,003706.png,003706.txt,1,2
003709,train,338,numeric_6digit_png,003709.png,003709.png,003709.png,003709.txt,3,2;4
003714,train,338,numeric_6digit_png,003714.png,003714.png,003714.png,003714.txt,4,0;2
003722,train,338,numeric_6digit_png,003722.png,003722.png,003722.png,003722.txt,1,2
003723,train,339,numeric_6digit_png,003723.png,003723.png,003723.png,003723.txt,1,2
003725,train,339,numeric_6digit_png,003725.png,003725.png,003725.png,003725.txt,1,2
003730,train,339,numeric_6digit_png,003730.png,003730.png,003730.png,003730.txt,1,2
003731,train,339,numeric_6digit_png,003731.png,003731.png,003731.png,003731.txt,8,0;2
003733,train,339,numeric_6digit_png,003733.png,003733.png,003733.png,003733.txt,13,0;2
003739,train,339,numeric_6digit_png,003739.png,003739.png,003739.png,003739.txt,9,0;2
003741,train,339,numeric_6digit_png,003741.png,003741.png,003741.png,003741.txt,2,2
003744,train,339,numeric_6digit_png,003744.png,003744.png,003744.png,003744.txt,2,2
003747,train,339,numeric_6digit_png,003747.png,003747.png,003747.png,003747.txt,3,2
003749,train,339,numeric_6digit_png,003749.png,003749.png,003749.png,003749.txt,2,2
003752,train,339,numeric_6digit_png,003752.png,003752.png,003752.png,003752.txt,7,0;4
003757,train,339,numeric_6digit_png,003757.png,003757.png,003757.png,003757.txt,20,0;4
003762,train,339,numeric_6digit_png,003762.png,003762.png,003762.png,003762.txt,1,2
003764,train,339,numeric_6digit_png,003764.png,003764.png,003764.png,003764.txt,2,2
003766,train,339,numeric_6digit_png,003766.png,003766.png,003766.png,003766.txt,3,2
003767,train,339,numeric_6digit_png,003767.png,003767.png,003767.png,003767.txt,3,2
003769,train,339,numeric_6digit_png,003769.png,003769.png,003769.png,003769.txt,3,2
003770,train,339,numeric_6digit_png,003770.png,003770.png,003770.png,003770.txt,3,2
003782,train,339,numeric_6digit_png,003782.png,003782.png,003782.png,003782.txt,4,2
003783,train,339,numeric_6digit_png,003783.png,003783.png,003783.png,003783.txt,5,2
003788,train,339,numeric_6digit_png,003788.png,003788.png,003788.png,003788.txt,5,2
003790,train,339,numeric_6digit_png,003790.png,003790.png,003790.png,003790.txt,5,2
003794,train,339,numeric_6digit_png,003794.png,003794.png,003794.png,003794.txt,1,2
003805,train,339,numeric_6digit_png,003805.png,003805.png,003805.png,003805.txt,1,2
003813,train,339,numeric_6digit_png,003813.png,003813.png,003813.png,003813.txt,1,2
003815,train,340,numeric_6digit_png,003815.png,003815.png,003815.png,003815.txt,3,0;2
003817,train,340,numeric_6digit_png,003817.png,003817.png,003817.png,003817.txt,3,0;2
003820,train,340,numeric_6digit_png,003820.png,003820.png,003820.png,003820.txt,3,0;2
003824,train,340,numeric_6digit_png,003824.png,003824.png,003824.png,003824.txt,1,2
003827,train,340,numeric_6digit_png,003827.png,003827.png,003827.png,003827.txt,1,2
003830,train,340,numeric_6digit_png,003830.png,003830.png,003830.png,003830.txt,7,0;2
003836,train,340,numeric_6digit_png,003836.png,003836.png,003836.png,003836.txt,2,2
003838,train,340,numeric_6digit_png,003838.png,003838.png,003838.png,003838.txt,2,2
003843,train,340,numeric_6digit_png,003843.png,003843.png,003843.png,003843.txt,7,0;2
003847,train,340,numeric_6digit_png,003847.png,003847.png,003847.png,003847.txt,5,0;2
003852,train,340,numeric_6digit_png,003852.png,003852.png,003852.png,003852.txt,1,2
003856,train,340,numeric_6digit_png,003856.png,003856.png,003856.png,003856.txt,1,2
003857,train,340,numeric_6digit_png,003857.png,003857.png,003857.png,003857.txt,1,2
003859,train,340,numeric_6digit_png,003859.png,003859.png,003859.png,003859.txt,1,2
003860,train,340,numeric_6digit_png,003860.png,003860.png,003860.png,003860.txt,1,2
003863,train,340,numeric_6digit_png,003863.png,003863.png,003863.png,003863.txt,12,0;2;8
003868,train,340,numeric_6digit_png,003868.png,003868.png,003868.png,003868.txt,2,2
003869,train,340,numeric_6digit_png,003869.png,003869.png,003869.png,003869.txt,1,2
003872,train,340,numeric_6digit_png,003872.png,003872.png,003872.png,003872.txt,10,0;2;8
003873,train,340,numeric_6digit_png,003873.png,003873.png,003873.png,003873.txt,16,0;2;8;9
003882,train,340,numeric_6digit_png,003882.png,003882.png,003882.png,003882.txt,8,0;2
003890,train,340,numeric_6digit_png,003890.png,003890.png,003890.png,003890.txt,3,2
003895,train,340,numeric_6digit_png,003895.png,003895.png,003895.png,003895.txt,3,2
003896,train,340,numeric_6digit_png,003896.png,003896.png,003896.png,003896.txt,5,2
003898,train,340,numeric_6digit_png,003898.png,003898.png,003898.png,003898.txt,5,2
003900,train,341,numeric_6digit_png,003900.png,003900.png,003900.png,003900.txt,10,0;2
003902,train,341,numeric_6digit_png,003902.png,003902.png,003902.png,003902.txt,9,0;2
003904,train,341,numeric_6digit_png,003904.png,003904.png,003904.png,003904.txt,2,2
003916,train,341,numeric_6digit_png,003916.png,003916.png,003916.png,003916.txt,3,2
003919,train,341,numeric_6digit_png,003919.png,003919.png,003919.png,003919.txt,4,2
003923,train,341,numeric_6digit_png,003923.png,003923.png,003923.png,003923.txt,6,2
003925,train,341,numeric_6digit_png,003925.png,003925.png,003925.png,003925.txt,6,2
003926,train,341,numeric_6digit_png,003926.png,003926.png,003926.png,003926.txt,6,2
003930,train,341,numeric_6digit_png,003930.png,003930.png,003930.png,003930.txt,6,2
003934,train,341,numeric_6digit_png,003934.png,003934.png,003934.png,003934.txt,25,0;7
003941,train,341,numeric_6digit_png,003941.png,003941.png,003941.png,003941.txt,31,0;5
003942,train,341,numeric_6digit_png,003942.png,003942.png,003942.png,003942.txt,25,0;5
003946,train,341,numeric_6digit_png,003946.png,003946.png,003946.png,003946.txt,23,0;5;9
003949,train,341,numeric_6digit_png,003949.png,003949.png,003949.png,003949.txt,34,0;5
003955,train,341,numeric_6digit_png,003955.png,003955.png,003955.png,003955.txt,48,0;3;7;8
003958,train,341,numeric_6digit_png,003958.png,003958.png,003958.png,003958.txt,46,0;3;7;8
003963,train,341,numeric_6digit_png,003963.png,003963.png,003963.png,003963.txt,44,0
003965,train,341,numeric_6digit_png,003965.png,003965.png,003965.png,003965.txt,50,0
003973,train,341,numeric_6digit_png,003973.png,003973.png,003973.png,003973.txt,49,0
003974,train,341,numeric_6digit_png,003974.png,003974.png,003974.png,003974.txt,45,0
003976,train,341,numeric_6digit_png,003976.png,003976.png,003976.png,003976.txt,54,0;7
003979,train,341,numeric_6digit_png,003979.png,003979.png,003979.png,003979.txt,45,0
003980,train,341,numeric_6digit_png,003980.png,003980.png,003980.png,003980.txt,53,0;7
003982,train,341,numeric_6digit_png,003982.png,003982.png,003982.png,003982.txt,66,0;7
003985,train,341,numeric_6digit_png,003985.png,003985.png,003985.png,003985.txt,56,0;7;9
003987,train,342,numeric_6digit_png,003987.png,003987.png,003987.png,003987.txt,56,0;3;5
003993,train,342,numeric_6digit_png,003993.png,003993.png,003993.png,003993.txt,23,0;3;8
003996,train,342,numeric_6digit_png,003996.png,003996.png,003996.png,003996.txt,23,0;3;8
hehe_1_00000111,val,343,hehe_png,hehe_1_00000111.png,hehe_1_00000111.png,hehe_1_00000111.png,hehe_1_00000111.txt,15,0;5;6;8
hehe_3_00000001,train,344,hehe_png,hehe_3_00000001.png,hehe_3_00000001.png,hehe_3_00000001.png,hehe_3_00000001.txt,28,0;3;4;6;7
hehe_6_00000054,train,345,hehe_png,hehe_6_00000054.png,hehe_6_00000054.png,hehe_6_00000054.png,hehe_6_00000054.txt,18,0;3;4;6;7
hehe_8_00000135,val,346,hehe_png,hehe_8_00000135.png,hehe_8_00000135.png,hehe_8_00000135.png,hehe_8_00000135.txt,19,0;7;8
hehe_10_00000044,val,347,hehe_png,hehe_10_00000044.png,hehe_10_00000044.png,hehe_10_00000044.png,hehe_10_00000044.txt,14,0;5;6
hehe_14_00000113,train,348,hehe_png,hehe_14_00000113.png,hehe_14_00000113.png,hehe_14_00000113.png,hehe_14_00000113.txt,11,0;6;7;9
hehe_16_00000102,train,349,hehe_png,hehe_16_00000102.png,hehe_16_00000102.png,hehe_16_00000102.png,hehe_16_00000102.txt,17,0;3;7;9
hehe_19_00000013,train,350,hehe_png,hehe_19_00000013.png,hehe_19_00000013.png,hehe_19_00000013.png,hehe_19_00000013.txt,27,0;5;6;8
hehe_22_00000004,train,351,hehe_png,hehe_22_00000004.png,hehe_22_00000004.png,hehe_22_00000004.png,hehe_22_00000004.txt,10,0;5;6;8
hehe_23_00000021,train,351,hehe_png,hehe_23_00000021.png,hehe_23_00000021.png,hehe_23_00000021.png,hehe_23_00000021.txt,15,0;5;6;8
hehe_25_00000001,train,352,hehe_png,hehe_25_00000001.png,hehe_25_00000001.png,hehe_25_00000001.png,hehe_25_00000001.txt,6,0;5;9
hehe_31_00000001,train,353,hehe_png,hehe_31_00000001.png,hehe_31_00000001.png,hehe_31_00000001.png,hehe_31_00000001.txt,13,0;4;5;8;9
hehe_39_00000020,train,354,hehe_png,hehe_39_00000020.png,hehe_39_00000020.png,hehe_39_00000020.png,hehe_39_00000020.txt,13,0;4;5;6;8
hehe_40_00000033,train,355,hehe_png,hehe_40_00000033.png,hehe_40_00000033.png,hehe_40_00000033.png,hehe_40_00000033.txt,7,0;4;8
hehe_41_00000096,train,356,hehe_png,hehe_41_00000096.png,hehe_41_00000096.png,hehe_41_00000096.png,hehe_41_00000096.txt,6,0;11
hehe_45_00000001,train,357,hehe_png,hehe_45_00000001.png,hehe_45_00000001.png,hehe_45_00000001.png,hehe_45_00000001.txt,10,0;6;7;9
hehe_48_00000001,train,358,hehe_png,hehe_48_00000001.png,hehe_48_00000001.png,hehe_48_00000001.png,hehe_48_00000001.txt,2,0;8
hehe_52_00000107,val,359,hehe_png,hehe_52_00000107.png,hehe_52_00000107.png,hehe_52_00000107.png,hehe_52_00000107.txt,3,2
hehe_61_00000090,train,360,hehe_png,hehe_61_00000090.png,hehe_61_00000090.png,hehe_61_00000090.png,hehe_61_00000090.txt,12,4;5;6;9
hehe_63_00000153,train,361,hehe_png,hehe_63_00000153.png,hehe_63_00000153.png,hehe_63_00000153.png,hehe_63_00000153.txt,6,4;5;6
hehe_65_00000229,train,362,hehe_png,hehe_65_00000229.png,hehe_65_00000229.png,hehe_65_00000229.png,hehe_65_00000229.txt,8,4;5;6;8
hehe_69_00000070,train,363,hehe_png,hehe_69_00000070.png,hehe_69_00000070.png,hehe_69_00000070.png,hehe_69_00000070.txt,2,4
hehe_81_00000050,train,364,hehe_png,hehe_81_00000050.png,hehe_81_00000050.png,hehe_81_00000050.png,hehe_81_00000050.txt,8,4;5;6;9;11
hehe_86_00000253,train,365,hehe_png,hehe_86_00000253.png,hehe_86_00000253.png,hehe_86_00000253.png,hehe_86_00000253.txt,5,2
hehe_87_00000315,val,366,hehe_png,hehe_87_00000315.png,hehe_87_00000315.png,hehe_87_00000315.png,hehe_87_00000315.txt,7,2
hehe_100_000001_049_00000001,train,367,hehe_png,hehe_100_000001_049_00000001.png,hehe_100_000001_049_00000001.png,hehe_100_000001_049_00000001.png,hehe_100_000001_049_00000001.txt,1,0
hehe_101_000001_049_00000022,train,368,hehe_png,hehe_101_000001_049_00000022.png,hehe_101_000001_049_00000022.png,hehe_101_000001_049_00000022.png,hehe_101_000001_049_00000022.txt,1,0
hehe_102_000001_049_00000043,train,369,hehe_png,hehe_102_000001_049_00000043.png,hehe_102_000001_049_00000043.png,hehe_102_000001_049_00000043.png,hehe_102_000001_049_00000043.txt,2,0
hehe_104_000001_050_00000172,train,370,hehe_png,hehe_104_000001_050_00000172.png,hehe_104_000001_050_00000172.png,hehe_104_000001_050_00000172.png,hehe_104_000001_050_00000172.txt,1,8
hehe_105_000002_001_00000201,val,371,hehe_png,hehe_105_000002_001_00000201.png,hehe_105_000002_001_00000201.png,hehe_105_000002_001_00000201.png,hehe_105_000002_001_00000201.txt,2,0;3
hehe_107_000002_001_00000101,train,372,hehe_png,hehe_107_000002_001_00000101.png,hehe_107_000002_001_00000101.png,hehe_107_000002_001_00000101.png,hehe_107_000002_001_00000101.txt,2,0;3
hehe_111_000002_003_00000001,val,373,hehe_png,hehe_111_000002_003_00000001.png,hehe_111_000002_003_00000001.png,hehe_111_000002_003_00000001.png,hehe_111_000002_003_00000001.txt,11,0;3
hehe_112_000002_003_00000082,train,374,hehe_png,hehe_112_000002_003_00000082.png,hehe_112_000002_003_00000082.png,hehe_112_000002_003_00000082.png,hehe_112_000002_003_00000082.txt,12,0;3
hehe_113_000002_003_00000163,train,375,hehe_png,hehe_113_000002_003_00000163.png,hehe_113_000002_003_00000163.png,hehe_113_000002_003_00000163.png,hehe_113_000002_003_00000163.txt,13,0;3
hehe_114_000002_003_00000244,train,375,hehe_png,hehe_114_000002_003_00000244.png,hehe_114_000002_003_00000244.png,hehe_114_000002_003_00000244.png,hehe_114_000002_003_00000244.txt,13,0;3
hehe_115_000002_003_00000325,train,375,hehe_png,hehe_115_000002_003_00000325.png,hehe_115_000002_003_00000325.png,hehe_115_000002_003_00000325.png,hehe_115_000002_003_00000325.txt,13,0;3
hehe_117_000002_004_00000049,val,376,hehe_png,hehe_117_000002_004_00000049.png,hehe_117_000002_004_00000049.png,hehe_117_000002_004_00000049.png,hehe_117_000002_004_00000049.txt,1,3
hehe_118_000002_004_00000097,train,377,hehe_png,hehe_118_000002_004_00000097.png,hehe_118_000002_004_00000097.png,hehe_118_000002_004_00000097.png,hehe_118_000002_004_00000097.txt,1,3
hehe_131_000002_007_00000001,train,378,hehe_png,hehe_131_000002_007_00000001.png,hehe_131_000002_007_00000001.png,hehe_131_000002_007_00000001.png,hehe_131_000002_007_00000001.txt,1,3
hehe_146_000002_010_00000166,train,379,hehe_png,hehe_146_000002_010_00000166.png,hehe_146_000002_010_00000166.png,hehe_146_000002_010_00000166.png,hehe_146_000002_010_00000166.txt,2,0;3
hehe_173_000002_024_00000105,train,380,hehe_png,hehe_173_000002_024_00000105.png,hehe_173_000002_024_00000105.png,hehe_173_000002_024_00000105.png,hehe_173_000002_024_00000105.txt,19,0;4;5;8
hehe_176_000002_025_00000001,train,381,hehe_png,hehe_176_000002_025_00000001.png,hehe_176_000002_025_00000001.png,hehe_176_000002_025_00000001.png,hehe_176_000002_025_00000001.txt,8,0;4;5;8
hehe_178_000002_025_00000079,train,382,hehe_png,hehe_178_000002_025_00000079.png,hehe_178_000002_025_00000079.png,hehe_178_000002_025_00000079.png,hehe_178_000002_025_00000079.txt,11,0;4;5;6;9
hehe_180_000002_025_00000157,train,383,hehe_png,hehe_180_000002_025_00000157.png,hehe_180_000002_025_00000157.png,hehe_180_000002_025_00000157.png,hehe_180_000002_025_00000157.txt,8,0;4;5;9
hehe_184_000002_027_00000109,train,384,hehe_png,hehe_184_000002_027_00000109.png,hehe_184_000002_027_00000109.png,hehe_184_000002_027_00000109.png,hehe_184_000002_027_00000109.txt,6,0;4;5;9
hehe_186_000002_028_00000050,train,385,hehe_png,hehe_186_000002_028_00000050.png,hehe_186_000002_028_00000050.png,hehe_186_000002_028_00000050.png,hehe_186_000002_028_00000050.txt,2,4;9
hehe_190_000002_029_00000072,train,386,hehe_png,hehe_190_000002_029_00000072.png,hehe_190_000002_029_00000072.png,hehe_190_000002_029_00000072.png,hehe_190_000002_029_00000072.txt,5,0;4;6;9
hehe_191_000002_029_00000143,val,387,hehe_png,hehe_191_000002_029_00000143.png,hehe_191_000002_029_00000143.png,hehe_191_000002_029_00000143.png,hehe_191_000002_029_00000143.txt,5,0;4;6;9
hehe_193_000002_029_00000285,train,388,hehe_png,hehe_193_000002_029_00000285.png,hehe_193_000002_029_00000285.png,hehe_193_000002_029_00000285.png,hehe_193_000002_029_00000285.txt,15,0;4;5;9
hehe_195_000002_030_00000057,train,389,hehe_png,hehe_195_000002_030_00000057.png,hehe_195_000002_030_00000057.png,hehe_195_000002_030_00000057.png,hehe_195_000002_030_00000057.txt,11,0;3;4;5;6;8;9
hehe_196_000002_030_00000113,val,390,hehe_png,hehe_196_000002_030_00000113.png,hehe_196_000002_030_00000113.png,hehe_196_000002_030_00000113.png,hehe_196_000002_030_00000113.txt,3,4;6;9
hehe_209_000002_033_00000133,train,391,hehe_png,hehe_209_000002_033_00000133.png,hehe_209_000002_033_00000133.png,hehe_209_000002_033_00000133.png,hehe_209_000002_033_00000133.txt,6,5;6
hehe_219_000002_039_00000185,val,392,hehe_png,hehe_219_000002_039_00000185.png,hehe_219_000002_039_00000185.png,hehe_219_000002_039_00000185.png,hehe_219_000002_039_00000185.txt,5,0;6;8
hehe_221_000002_041_00000050,train,393,hehe_png,hehe_221_000002_041_00000050.png,hehe_221_000002_041_00000050.png,hehe_221_000002_041_00000050.png,hehe_221_000002_041_00000050.txt,15,0;4;5;6;9
hehe_222_000002_041_00000099,val,394,hehe_png,hehe_222_000002_041_00000099.png,hehe_222_000002_041_00000099.png,hehe_222_000002_041_00000099.png,hehe_222_000002_041_00000099.txt,8,0;4;6;8;9
hehe_223_000002_041_00000148,val,395,hehe_png,hehe_223_000002_041_00000148.png,hehe_223_000002_041_00000148.png,hehe_223_000002_041_00000148.png,hehe_223_000002_041_00000148.txt,14,0;4;6;8;9
hehe_224_000002_041_00000197,train,396,hehe_png,hehe_224_000002_041_00000197.png,hehe_224_000002_041_00000197.png,hehe_224_000002_041_00000197.png,hehe_224_000002_041_00000197.txt,9,0;4;6;8;9
hehe_229_000002_043_00000001,train,397,hehe_png,hehe_229_000002_043_00000001.png,hehe_229_000002_043_00000001.png,hehe_229_000002_043_00000001.png,hehe_229_000002_043_00000001.txt,15,0;4;5;6;8;9
hehe_230_000002_043_00000061,train,398,hehe_png,hehe_230_000002_043_00000061.png,hehe_230_000002_043_00000061.png,hehe_230_000002_043_00000061.png,hehe_230_000002_043_00000061.txt,15,0;4;5;6;8;9
hehe_232_000002_043_00000181,train,399,hehe_png,hehe_232_000002_043_00000181.png,hehe_232_000002_043_00000181.png,hehe_232_000002_043_00000181.png,hehe_232_000002_043_00000181.txt,9,0;4;5;6;9
hehe_234_000002_044_00000055,val,400,hehe_png,hehe_234_000002_044_00000055.png,hehe_234_000002_044_00000055.png,hehe_234_000002_044_00000055.png,hehe_234_000002_044_00000055.txt,8,4;6
hehe_235_000002_044_00000109,train,401,hehe_png,hehe_235_000002_044_00000109.png,hehe_235_000002_044_00000109.png,hehe_235_000002_044_00000109.png,hehe_235_000002_044_00000109.txt,3,4;6
hehe_237_000002_044_00000217,train,402,hehe_png,hehe_237_000002_044_00000217.png,hehe_237_000002_044_00000217.png,hehe_237_000002_044_00000217.png,hehe_237_000002_044_00000217.txt,6,0;4;5;6
hehe_238_000002_045_00000001,train,403,hehe_png,hehe_238_000002_045_00000001.png,hehe_238_000002_045_00000001.png,hehe_238_000002_045_00000001.png,hehe_238_000002_045_00000001.txt,9,0;4;6
hehe_239_000002_045_00000050,train,404,hehe_png,hehe_239_000002_045_00000050.png,hehe_239_000002_045_00000050.png,hehe_239_000002_045_00000050.png,hehe_239_000002_045_00000050.txt,4,4;6
hehe_240_000002_045_00000099,train,405,hehe_png,hehe_240_000002_045_00000099.png,hehe_240_000002_045_00000099.png,hehe_240_000002_045_00000099.png,hehe_240_000002_045_00000099.txt,4,0;4;6
hehe_241_000002_045_00000148,val,406,hehe_png,hehe_241_000002_045_00000148.png,hehe_241_000002_045_00000148.png,hehe_241_000002_045_00000148.png,hehe_241_000002_045_00000148.txt,5,4;6
hehe_244_000002_047_00000062,train,407,hehe_png,hehe_244_000002_047_00000062.png,hehe_244_000002_047_00000062.png,hehe_244_000002_047_00000062.png,hehe_244_000002_047_00000062.txt,11,0;4;5;6;8
hehe_247_000002_047_00000245,train,408,hehe_png,hehe_247_000002_047_00000245.png,hehe_247_000002_047_00000245.png,hehe_247_000002_047_00000245.png,hehe_247_000002_047_00000245.txt,6,4;9
hehe_249_000002_048_00000061,train,409,hehe_png,hehe_249_000002_048_00000061.png,hehe_249_000002_048_00000061.png,hehe_249_000002_048_00000061.png,hehe_249_000002_048_00000061.txt,3,4;5;9
hehe_250_000002_048_00000121,train,410,hehe_png,hehe_250_000002_048_00000121.png,hehe_250_000002_048_00000121.png,hehe_250_000002_048_00000121.png,hehe_250_000002_048_00000121.txt,5,4;5;6
hehe_254_000002_049_00000071,train,411,hehe_png,hehe_254_000002_049_00000071.png,hehe_254_000002_049_00000071.png,hehe_254_000002_049_00000071.png,hehe_254_000002_049_00000071.txt,7,0;4;5;9
hehe_256_000002_049_00000211,train,412,hehe_png,hehe_256_000002_049_00000211.png,hehe_256_000002_049_00000211.png,hehe_256_000002_049_00000211.png,hehe_256_000002_049_00000211.txt,9,0;4;5;9
hehe_258_000002_050_00000066,train,413,hehe_png,hehe_258_000002_050_00000066.png,hehe_258_000002_050_00000066.png,hehe_258_000002_050_00000066.png,hehe_258_000002_050_00000066.txt,8,0
hehe_259_000002_050_00000131,train,414,hehe_png,hehe_259_000002_050_00000131.png,hehe_259_000002_050_00000131.png,hehe_259_000002_050_00000131.png,hehe_259_000002_050_00000131.txt,5,0
hehe_268_000002_058_00000051,train,415,hehe_png,hehe_268_000002_058_00000051.png,hehe_268_000002_058_00000051.png,hehe_268_000002_058_00000051.png,hehe_268_000002_058_00000051.txt,1,8
hehe_274_000002_060_00000105,train,416,hehe_png,hehe_274_000002_060_00000105.png,hehe_274_000002_060_00000105.png,hehe_274_000002_060_00000105.png,hehe_274_000002_060_00000105.txt,8,0;5;6
hehe_278_000002_066_00000050,train,417,hehe_png,hehe_278_000002_066_00000050.png,hehe_278_000002_066_00000050.png,hehe_278_000002_066_00000050.png,hehe_278_000002_066_00000050.txt,4,0;6;8
hehe_279_000002_066_00000099,train,418,hehe_png,hehe_279_000002_066_00000099.png,hehe_279_000002_066_00000099.png,hehe_279_000002_066_00000099.png,hehe_279_000002_066_00000099.txt,5,0;8
hehe_287_000002_070_00000130,val,419,hehe_png,hehe_287_000002_070_00000130.png,hehe_287_000002_070_00000130.png,hehe_287_000002_070_00000130.png,hehe_287_000002_070_00000130.txt,1,8
hehe_289_000002_071_00000001,val,420,hehe_png,hehe_289_000002_071_00000001.png,hehe_289_000002_071_00000001.png,hehe_289_000002_071_00000001.png,hehe_289_000002_071_00000001.txt,15,6;9
hehe_290_000002_071_00000051,val,421,hehe_png,hehe_290_000002_071_00000051.png,hehe_290_000002_071_00000051.png,hehe_290_000002_071_00000051.png,hehe_290_000002_071_00000051.txt,10,6;8;9
hehe_295_000002_072_00000189,train,422,hehe_png,hehe_295_000002_072_00000189.png,hehe_295_000002_072_00000189.png,hehe_295_000002_072_00000189.png,hehe_295_000002_072_00000189.txt,6,0;3
hehe_296_000002_074_00000001,train,423,hehe_png,hehe_296_000002_074_00000001.png,hehe_296_000002_074_00000001.png,hehe_296_000002_074_00000001.png,hehe_296_000002_074_00000001.txt,15,0;6;8
hehe_297_000002_074_00000075,train,424,hehe_png,hehe_297_000002_074_00000075.png,hehe_297_000002_074_00000075.png,hehe_297_000002_074_00000075.png,hehe_297_000002_074_00000075.txt,15,0;5;6;8;9
hehe_298_000002_074_00000223,train,425,hehe_png,hehe_298_000002_074_00000223.png,hehe_298_000002_074_00000223.png,hehe_298_000002_074_00000223.png,hehe_298_000002_074_00000223.txt,4,4;6;8
hehe_299_000002_074_00000297,train,426,hehe_png,hehe_299_000002_074_00000297.png,hehe_299_000002_074_00000297.png,hehe_299_000002_074_00000297.png,hehe_299_000002_074_00000297.txt,2,4
hehe_300_000002_076_00000001,train,427,hehe_png,hehe_300_000002_076_00000001.png,hehe_300_000002_076_00000001.png,hehe_300_000002_076_00000001.png,hehe_300_000002_076_00000001.txt,12,0;4;5;8;9
hehe_301_000002_076_00000042,train,428,hehe_png,hehe_301_000002_076_00000042.png,hehe_301_000002_076_00000042.png,hehe_301_000002_076_00000042.png,hehe_301_000002_076_00000042.txt,5,8
shuming_0_00000001,train,429,shuming_png,shuming_0_00000001.png,shuming_0_00000001.png,shuming_0_00000001.png,shuming_0_00000001.txt,7,0;3;8
shuming_2_00000045,train,429,shuming_png,shuming_2_00000045.png,shuming_2_00000045.png,shuming_2_00000045.png,shuming_2_00000045.txt,3,0;3
shuming_9_00000357,val,430,shuming_png,shuming_9_00000357.png,shuming_9_00000357.png,shuming_9_00000357.png,shuming_9_00000357.txt,7,0;3;8
shuming_12_00000224,val,431,shuming_png,shuming_12_00000224.png,shuming_12_00000224.png,shuming_12_00000224.png,shuming_12_00000224.txt,3,0;3
shuming_13_00000355,train,432,shuming_png,shuming_13_00000355.png,shuming_13_00000355.png,shuming_13_00000355.png,shuming_13_00000355.txt,3,0;3
shuming_16_00000203,train,433,shuming_png,shuming_16_00000203.png,shuming_16_00000203.png,shuming_16_00000203.png,shuming_16_00000203.txt,3,0;3
shuming_21_00000331,train,434,shuming_png,shuming_21_00000331.png,shuming_21_00000331.png,shuming_21_00000331.png,shuming_21_00000331.txt,3,0;3
shuming_22_00000135,train,435,shuming_png,shuming_22_00000135.png,shuming_22_00000135.png,shuming_22_00000135.png,shuming_22_00000135.txt,3,8
shuming_24_00000001,train,436,shuming_png,shuming_24_00000001.png,shuming_24_00000001.png,shuming_24_00000001.png,shuming_24_00000001.txt,3,8
shuming_25_00000095,val,437,shuming_png,shuming_25_00000095.png,shuming_25_00000095.png,shuming_25_00000095.png,shuming_25_00000095.txt,3,8
shuming_29_00000006,train,438,shuming_png,shuming_29_00000006.png,shuming_29_00000006.png,shuming_29_00000006.png,shuming_29_00000006.txt,7,5;6
shuming_35_00000199,val,439,shuming_png,shuming_35_00000199.png,shuming_35_00000199.png,shuming_35_00000199.png,shuming_35_00000199.txt,12,0;6;8
shuming_37_00000261,train,440,shuming_png,shuming_37_00000261.png,shuming_37_00000261.png,shuming_37_00000261.png,shuming_37_00000261.txt,4,0;6;8
shuming_39_00000018,train,441,shuming_png,shuming_39_00000018.png,shuming_39_00000018.png,shuming_39_00000018.png,shuming_39_00000018.txt,3,8
shuming_40_00000065,train,442,shuming_png,shuming_40_00000065.png,shuming_40_00000065.png,shuming_40_00000065.png,shuming_40_00000065.txt,2,8
shuming_45_00000001,train,443,shuming_png,shuming_45_00000001.png,shuming_45_00000001.png,shuming_45_00000001.png,shuming_45_00000001.txt,4,0;4;9
shuming_52_00000032,train,444,shuming_png,shuming_52_00000032.png,shuming_52_00000032.png,shuming_52_00000032.png,shuming_52_00000032.txt,10,0;3;4;6;8
shuming_57_00000001,train,445,shuming_png,shuming_57_00000001.png,shuming_57_00000001.png,shuming_57_00000001.png,shuming_57_00000001.txt,5,0;4;8
shuming_61_00000001,val,446,shuming_png,shuming_61_00000001.png,shuming_61_00000001.png,shuming_61_00000001.png,shuming_61_00000001.txt,2,0
shuming_63_00000393,val,447,shuming_png,shuming_63_00000393.png,shuming_63_00000393.png,shuming_63_00000393.png,shuming_63_00000393.txt,10,0;8
shuming_65_00000043,train,448,shuming_png,shuming_65_00000043.png,shuming_65_00000043.png,shuming_65_00000043.png,shuming_65_00000043.txt,3,0;3
shuming_66_00000159,train,448,shuming_png,shuming_66_00000159.png,shuming_66_00000159.png,shuming_66_00000159.png,shuming_66_00000159.txt,3,0;3
shuming_67_00000001,train,449,shuming_png,shuming_67_00000001.png,shuming_67_00000001.png,shuming_67_00000001.png,shuming_67_00000001.txt,3,0;5
shuming_68_00000033,val,450,shuming_png,shuming_68_00000033.png,shuming_68_00000033.png,shuming_68_00000033.png,shuming_68_00000033.txt,12,0;5
shuming_72_00000270,train,451,shuming_png,shuming_72_00000270.png,shuming_72_00000270.png,shuming_72_00000270.png,shuming_72_00000270.txt,26,0;4;5;6;9
shuming_74_00000173,train,452,shuming_png,shuming_74_00000173.png,shuming_74_00000173.png,shuming_74_00000173.png,shuming_74_00000173.txt,8,5;6
shuming_78_00000046,train,453,shuming_png,shuming_78_00000046.png,shuming_78_00000046.png,shuming_78_00000046.png,shuming_78_00000046.txt,10,5;6
shuming_80_00000187,train,454,shuming_png,shuming_80_00000187.png,shuming_80_00000187.png,shuming_80_00000187.png,shuming_80_00000187.txt,10,5;6
shuming_85_00000273,train,455,shuming_png,shuming_85_00000273.png,shuming_85_00000273.png,shuming_85_00000273.png,shuming_85_00000273.txt,5,0;8
shuming_90_00000328,train,456,shuming_png,shuming_90_00000328.png,shuming_90_00000328.png,shuming_90_00000328.png,shuming_90_00000328.txt,2,8
shuming_97_00000279,train,457,shuming_png,shuming_97_00000279.png,shuming_97_00000279.png,shuming_97_00000279.png,shuming_97_00000279.txt,1,4
shuming_102_00000228,train,458,shuming_png,shuming_102_00000228.png,shuming_102_00000228.png,shuming_102_00000228.png,shuming_102_00000228.txt,1,8
shuming_114_00000351,train,459,shuming_png,shuming_114_00000351.png,shuming_114_00000351.png,shuming_114_00000351.png,shuming_114_00000351.txt,3,3
shuming_115_00000140,val,460,shuming_png,shuming_115_00000140.png,shuming_115_00000140.png,shuming_115_00000140.png,shuming_115_00000140.txt,4,3
shuming_116_00000223,train,461,shuming_png,shuming_116_00000223.png,shuming_116_00000223.png,shuming_116_00000223.png,shuming_116_00000223.txt,3,3
shuming_118_00000216,train,462,shuming_png,shuming_118_00000216.png,shuming_118_00000216.png,shuming_118_00000216.png,shuming_118_00000216.txt,6,0;9
shuming_125_00000363,val,463,shuming_png,shuming_125_00000363.png,shuming_125_00000363.png,shuming_125_00000363.png,shuming_125_00000363.txt,5,0;3;9
shuming_130_00000408,train,464,shuming_png,shuming_130_00000408.png,shuming_130_00000408.png,shuming_130_00000408.png,shuming_130_00000408.txt,10,0;3;9
shuming_133_00000038,val,465,shuming_png,shuming_133_00000038.png,shuming_133_00000038.png,shuming_133_00000038.png,shuming_133_00000038.txt,3,9
shuming_135_00000356,train,466,shuming_png,shuming_135_00000356.png,shuming_135_00000356.png,shuming_135_00000356.png,shuming_135_00000356.txt,3,9
shuming_139_00000166,train,467,shuming_png,shuming_139_00000166.png,shuming_139_00000166.png,shuming_139_00000166.png,shuming_139_00000166.txt,1,0
shuming_143_00000385,train,468,shuming_png,shuming_143_00000385.png,shuming_143_00000385.png,shuming_143_00000385.png,shuming_143_00000385.txt,4,0;9
shuming_145_00000172,train,469,shuming_png,shuming_145_00000172.png,shuming_145_00000172.png,shuming_145_00000172.png,shuming_145_00000172.txt,4,0;9
shuming_147_00000179,train,470,shuming_png,shuming_147_00000179.png,shuming_147_00000179.png,shuming_147_00000179.png,shuming_147_00000179.txt,4,0;9
shuming_150_00000326,train,471,shuming_png,shuming_150_00000326.png,shuming_150_00000326.png,shuming_150_00000326.png,shuming_150_00000326.txt,4,0;9
shuming_155_00000033,val,472,shuming_png,shuming_155_00000033.png,shuming_155_00000033.png,shuming_155_00000033.png,shuming_155_00000033.txt,2,0;9
shuming_156_00000368,val,473,shuming_png,shuming_156_00000368.png,shuming_156_00000368.png,shuming_156_00000368.png,shuming_156_00000368.txt,2,0;9
shuming_158_00000074,train,474,shuming_png,shuming_158_00000074.png,shuming_158_00000074.png,shuming_158_00000074.png,shuming_158_00000074.txt,1,0
shuming_165_00000030,train,475,shuming_png,shuming_165_00000030.png,shuming_165_00000030.png,shuming_165_00000030.png,shuming_165_00000030.txt,2,0;3
shuming_173_00000150,train,476,shuming_png,shuming_173_00000150.png,shuming_173_00000150.png,shuming_173_00000150.png,shuming_173_00000150.txt,3,0;3
shuming_174_00000200,train,476,shuming_png,shuming_174_00000200.png,shuming_174_00000200.png,shuming_174_00000200.png,shuming_174_00000200.txt,3,0;3
shuming_178_00000173,train,477,shuming_png,shuming_178_00000173.png,shuming_178_00000173.png,shuming_178_00000173.png,shuming_178_00000173.txt,3,0;3
shuming_181_00000323,train,478,shuming_png,shuming_181_00000323.png,shuming_181_00000323.png,shuming_181_00000323.png,shuming_181_00000323.txt,3,0
shuming_182_00000086,train,479,shuming_png,shuming_182_00000086.png,shuming_182_00000086.png,shuming_182_00000086.png,shuming_182_00000086.txt,1,0
shuming_195_00000379,val,480,shuming_png,shuming_195_00000379.png,shuming_195_00000379.png,shuming_195_00000379.png,shuming_195_00000379.txt,1,0
shuming_204_00000268,train,481,shuming_png,shuming_204_00000268.png,shuming_204_00000268.png,shuming_204_00000268.png,shuming_204_00000268.txt,3,0;3;8
shuming_206_00000265,train,482,shuming_png,shuming_206_00000265.png,shuming_206_00000265.png,shuming_206_00000265.png,shuming_206_00000265.txt,5,0;3
shuming_208_00000285,train,483,shuming_png,shuming_208_00000285.png,shuming_208_00000285.png,shuming_208_00000285.png,shuming_208_00000285.txt,5,0;3
shuming_215_00000189,train,484,shuming_png,shuming_215_00000189.png,shuming_215_00000189.png,shuming_215_00000189.png,shuming_215_00000189.txt,8,0;3
shuming_225_00000136,train,485,shuming_png,shuming_225_00000136.png,shuming_225_00000136.png,shuming_225_00000136.png,shuming_225_00000136.txt,8,0;3
shuming_227_00000023,train,485,shuming_png,shuming_227_00000023.png,shuming_227_00000023.png,shuming_227_00000023.png,shuming_227_00000023.txt,8,0;3
shuming_228_00000257,train,486,shuming_png,shuming_228_00000257.png,shuming_228_00000257.png,shuming_228_00000257.png,shuming_228_00000257.txt,9,0;3
shuming_229_00000042,train,487,shuming_png,shuming_229_00000042.png,shuming_229_00000042.png,shuming_229_00000042.png,shuming_229_00000042.txt,4,0;9
shuming_230_00000101,train,487,shuming_png,shuming_230_00000101.png,shuming_230_00000101.png,shuming_230_00000101.png,shuming_230_00000101.txt,4,0;9
shuming_237_00000290,val,488,shuming_png,shuming_237_00000290.png,shuming_237_00000290.png,shuming_237_00000290.png,shuming_237_00000290.txt,1,0
shuming_245_00000415,train,489,shuming_png,shuming_245_00000415.png,shuming_245_00000415.png,shuming_245_00000415.png,shuming_245_00000415.txt,1,0
shuming_246_00000274,train,490,shuming_png,shuming_246_00000274.png,shuming_246_00000274.png,shuming_246_00000274.png,shuming_246_00000274.txt,1,0
shuming_250_00000253,train,491,shuming_png,shuming_250_00000253.png,shuming_250_00000253.png,shuming_250_00000253.png,shuming_250_00000253.txt,1,0
shuming_253_00000398,train,492,shuming_png,shuming_253_00000398.png,shuming_253_00000398.png,shuming_253_00000398.png,shuming_253_00000398.txt,1,0
shuming_256_00000366,train,492,shuming_png,shuming_256_00000366.png,shuming_256_00000366.png,shuming_256_00000366.png,shuming_256_00000366.txt,1,0
shuming_259_00000175,train,492,shuming_png,shuming_259_00000175.png,shuming_259_00000175.png,shuming_259_00000175.png,shuming_259_00000175.txt,1,0
shuming_262_00000257,train,493,shuming_png,shuming_262_00000257.png,shuming_262_00000257.png,shuming_262_00000257.png,shuming_262_00000257.txt,5,8
shuming_271_00000357,train,494,shuming_png,shuming_271_00000357.png,shuming_271_00000357.png,shuming_271_00000357.png,shuming_271_00000357.txt,20,4;6
shuming_277_00000236,val,495,shuming_png,shuming_277_00000236.png,shuming_277_00000236.png,shuming_277_00000236.png,shuming_277_00000236.txt,11,3;8
shuming_278_00000186,train,496,shuming_png,shuming_278_00000186.png,shuming_278_00000186.png,shuming_278_00000186.png,shuming_278_00000186.txt,14,3;8
shuming_281_00000021,train,497,shuming_png,shuming_281_00000021.png,shuming_281_00000021.png,shuming_281_00000021.png,shuming_281_00000021.txt,2,4
shuming_283_00000014,train,498,shuming_png,shuming_283_00000014.png,shuming_283_00000014.png,shuming_283_00000014.png,shuming_283_00000014.txt,2,4
shuming_284_00000029,train,499,shuming_png,shuming_284_00000029.png,shuming_284_00000029.png,shuming_284_00000029.png,shuming_284_00000029.txt,2,4
shuming_304_00000152,train,500,shuming_png,shuming_304_00000152.png,shuming_304_00000152.png,shuming_304_00000152.png,shuming_304_00000152.txt,1,3
shuming_306_00000136,train,501,shuming_png,shuming_306_00000136.png,shuming_306_00000136.png,shuming_306_00000136.png,shuming_306_00000136.txt,3,3
shuming_309_00000310,val,502,shuming_png,shuming_309_00000310.png,shuming_309_00000310.png,shuming_309_00000310.png,shuming_309_00000310.txt,1,4
shuming_311_00000029,train,503,shuming_png,shuming_311_00000029.png,shuming_311_00000029.png,shuming_311_00000029.png,shuming_311_00000029.txt,1,4
shuming_314_00000301,train,504,shuming_png,shuming_314_00000301.png,shuming_314_00000301.png,shuming_314_00000301.png,shuming_314_00000301.txt,4,8
shuming_317_00000056,val,505,shuming_png,shuming_317_00000056.png,shuming_317_00000056.png,shuming_317_00000056.png,shuming_317_00000056.txt,4,0;3;4
shuming_321_00000066,train,506,shuming_png,shuming_321_00000066.png,shuming_321_00000066.png,shuming_321_00000066.png,shuming_321_00000066.txt,9,0;3
shuming_327_00000224,train,507,shuming_png,shuming_327_00000224.png,shuming_327_00000224.png,shuming_327_00000224.png,shuming_327_00000224.txt,1,0
shuming_328_00000176,train,508,shuming_png,shuming_328_00000176.png,shuming_328_00000176.png,shuming_328_00000176.png,shuming_328_00000176.txt,1,0
shuming_329_00000063,train,509,shuming_png,shuming_329_00000063.png,shuming_329_00000063.png,shuming_329_00000063.png,shuming_329_00000063.txt,1,0
shuming_330_00000176,train,509,shuming_png,shuming_330_00000176.png,shuming_330_00000176.png,shuming_330_00000176.png,shuming_330_00000176.txt,1,0
shuming_337_00000209,train,510,shuming_png,shuming_337_00000209.png,shuming_337_00000209.png,shuming_337_00000209.png,shuming_337_00000209.txt,36,0
shuming_340_00000020,train,511,shuming_png,shuming_340_00000020.png,shuming_340_00000020.png,shuming_340_00000020.png,shuming_340_00000020.txt,41,0;4
shuming_342_00000275,train,512,shuming_png,shuming_342_00000275.png,shuming_342_00000275.png,shuming_342_00000275.png,shuming_342_00000275.txt,45,0
shuming_343_00000288,train,512,shuming_png,shuming_343_00000288.png,shuming_343_00000288.png,shuming_343_00000288.png,shuming_343_00000288.txt,50,0
shuming_357_00000306,train,513,shuming_png,shuming_357_00000306.png,shuming_357_00000306.png,shuming_357_00000306.png,shuming_357_00000306.txt,33,0
shuming_373_00000007,train,514,shuming_png,shuming_373_00000007.png,shuming_373_00000007.png,shuming_373_00000007.png,shuming_373_00000007.txt,12,0;7;9
shuming_375_00000012,train,515,shuming_png,shuming_375_00000012.png,shuming_375_00000012.png,shuming_375_00000012.png,shuming_375_00000012.txt,8,0;7
shuming_377_00000053,val,516,shuming_png,shuming_377_00000053.png,shuming_377_00000053.png,shuming_377_00000053.png,shuming_377_00000053.txt,9,0;6;8
shuming_380_00000005,val,516,shuming_png,shuming_380_00000005.png,shuming_380_00000005.png,shuming_380_00000005.png,shuming_380_00000005.txt,13,0;6;8
shuming_381_00000195,train,517,shuming_png,shuming_381_00000195.png,shuming_381_00000195.png,shuming_381_00000195.png,shuming_381_00000195.txt,4,2
shuming_384_00000171,train,518,shuming_png,shuming_384_00000171.png,shuming_384_00000171.png,shuming_384_00000171.png,shuming_384_00000171.txt,5,2
shuming_386_00000007,val,519,shuming_png,shuming_386_00000007.png,shuming_386_00000007.png,shuming_386_00000007.png,shuming_386_00000007.txt,9,0;5;6;8
shuming_392_00000032,val,520,shuming_png,shuming_392_00000032.png,shuming_392_00000032.png,shuming_392_00000032.png,shuming_392_00000032.txt,11,0;6;8
shuming_393_00000084,train,521,shuming_png,shuming_393_00000084.png,shuming_393_00000084.png,shuming_393_00000084.png,shuming_393_00000084.txt,9,0;7;9
shuming_396_00000045,val,522,shuming_png,shuming_396_00000045.png,shuming_396_00000045.png,shuming_396_00000045.png,shuming_396_00000045.txt,8,0;7
shuming_400_00000081,val,523,shuming_png,shuming_400_00000081.png,shuming_400_00000081.png,shuming_400_00000081.png,shuming_400_00000081.txt,9,0;6;8
shuming_401_00000230,train,524,shuming_png,shuming_401_00000230.png,shuming_401_00000230.png,shuming_401_00000230.png,shuming_401_00000230.txt,3,2
shuming_402_00000053,train,525,shuming_png,shuming_402_00000053.png,shuming_402_00000053.png,shuming_402_00000053.png,shuming_402_00000053.txt,3,2
shuming_403_00000023,train,526,shuming_png,shuming_403_00000023.png,shuming_403_00000023.png,shuming_403_00000023.png,shuming_403_00000023.txt,3,2
shuming_404_00000048,train,527,shuming_png,shuming_404_00000048.png,shuming_404_00000048.png,shuming_404_00000048.png,shuming_404_00000048.txt,3,2
shuming_410_00000037,train,528,shuming_png,shuming_410_00000037.png,shuming_410_00000037.png,shuming_410_00000037.png,shuming_410_00000037.txt,11,0;5;8
shuming_411_00000031,train,529,shuming_png,shuming_411_00000031.png,shuming_411_00000031.png,shuming_411_00000031.png,shuming_411_00000031.txt,3,0;5;8
shuming_413_00000061,train,530,shuming_png,shuming_413_00000061.png,shuming_413_00000061.png,shuming_413_00000061.png,shuming_413_00000061.txt,1,0
shuming_414_00000005,val,531,shuming_png,shuming_414_00000005.png,shuming_414_00000005.png,shuming_414_00000005.png,shuming_414_00000005.txt,1,0
shuming_415_00000040,train,532,shuming_png,shuming_415_00000040.png,shuming_415_00000040.png,shuming_415_00000040.png,shuming_415_00000040.txt,1,0
shuming_417_00000134,val,533,shuming_png,shuming_417_00000134.png,shuming_417_00000134.png,shuming_417_00000134.png,shuming_417_00000134.txt,8,0;4;5;6;8;9
shuming_419_00000053,train,534,shuming_png,shuming_419_00000053.png,shuming_419_00000053.png,shuming_419_00000053.png,shuming_419_00000053.txt,6,0;4;8
shuming_420_00000156,train,535,shuming_png,shuming_420_00000156.png,shuming_420_00000156.png,shuming_420_00000156.png,shuming_420_00000156.txt,7,0;4;6;8;9
shuming_425_00000056,val,536,shuming_png,shuming_425_00000056.png,shuming_425_00000056.png,shuming_425_00000056.png,shuming_425_00000056.txt,10,0;5;6
shuming_426_00000088,train,537,shuming_png,shuming_426_00000088.png,shuming_426_00000088.png,shuming_426_00000088.png,shuming_426_00000088.txt,10,0;5;6;8
shuming_430_00000125,val,538,shuming_png,shuming_430_00000125.png,shuming_430_00000125.png,shuming_430_00000125.png,shuming_430_00000125.txt,18,0;4;6;8
shuming_431_00000134,train,539,shuming_png,shuming_431_00000134.png,shuming_431_00000134.png,shuming_431_00000134.png,shuming_431_00000134.txt,20,0;4;6;8
shuming_435_00000005,val,540,shuming_png,shuming_435_00000005.png,shuming_435_00000005.png,shuming_435_00000005.png,shuming_435_00000005.txt,5,0;8;11
shuming_439_00000034,train,541,shuming_png,shuming_439_00000034.png,shuming_439_00000034.png,shuming_439_00000034.png,shuming_439_00000034.txt,5,0;5;8
shuming_440_00000022,train,542,shuming_png,shuming_440_00000022.png,shuming_440_00000022.png,shuming_440_00000022.png,shuming_440_00000022.txt,2,0;5
shuming_443_00000026,val,543,shuming_png,shuming_443_00000026.png,shuming_443_00000026.png,shuming_443_00000026.png,shuming_443_00000026.txt,10,0;5;6;8
shuming_447_00000074,train,544,shuming_png,shuming_447_00000074.png,shuming_447_00000074.png,shuming_447_00000074.png,shuming_447_00000074.txt,7,0;6;8
shuming_452_00000047,train,545,shuming_png,shuming_452_00000047.png,shuming_452_00000047.png,shuming_452_00000047.png,shuming_452_00000047.txt,11,0;6;8
shuming_460_00000016,val,546,shuming_png,shuming_460_00000016.png,shuming_460_00000016.png,shuming_460_00000016.png,shuming_460_00000016.txt,16,0
shuming_461_00000082,train,547,shuming_png,shuming_461_00000082.png,shuming_461_00000082.png,shuming_461_00000082.png,shuming_461_00000082.txt,7,0;3;7;9
shuming_464_00000098,train,548,shuming_png,shuming_464_00000098.png,shuming_464_00000098.png,shuming_464_00000098.png,shuming_464_00000098.txt,6,0;3;7;9
shuming_465_00000030,train,549,shuming_png,shuming_465_00000030.png,shuming_465_00000030.png,shuming_465_00000030.png,shuming_465_00000030.txt,6,0;6;8
shuming_466_00000062,train,550,shuming_png,shuming_466_00000062.png,shuming_466_00000062.png,shuming_466_00000062.png,shuming_466_00000062.txt,8,0;6;8
shuming_470_00000057,train,550,shuming_png,shuming_470_00000057.png,shuming_470_00000057.png,shuming_470_00000057.png,shuming_470_00000057.txt,10,0;6;8
shuming_476_00000059,train,551,shuming_png,shuming_476_00000059.png,shuming_476_00000059.png,shuming_476_00000059.png,shuming_476_00000059.txt,6,0;3;9
shuming_478_00000002,train,552,shuming_png,shuming_478_00000002.png,shuming_478_00000002.png,shuming_478_00000002.png,shuming_478_00000002.txt,8,0;4;6;9
shuming_482_00000018,train,553,shuming_png,shuming_482_00000018.png,shuming_482_00000018.png,shuming_482_00000018.png,shuming_482_00000018.txt,7,0;5
shuming_483_00000028,train,554,shuming_png,shuming_483_00000028.png,shuming_483_00000028.png,shuming_483_00000028.png,shuming_483_00000028.txt,18,0;4;5;6
shuming_484_00000041,train,555,shuming_png,shuming_484_00000041.png,shuming_484_00000041.png,shuming_484_00000041.png,shuming_484_00000041.txt,22,0;4;5;6;8
shuming_485_00000027,train,556,shuming_png,shuming_485_00000027.png,shuming_485_00000027.png,shuming_485_00000027.png,shuming_485_00000027.txt,5,0;6;8
shuming_486_00000001,train,557,shuming_png,shuming_486_00000001.png,shuming_486_00000001.png,shuming_486_00000001.png,shuming_486_00000001.txt,8,0;5;6
shuming_490_00000131,train,558,shuming_png,shuming_490_00000131.png,shuming_490_00000131.png,shuming_490_00000131.png,shuming_490_00000131.txt,1,3
shuming_496_00000002,train,559,shuming_png,shuming_496_00000002.png,shuming_496_00000002.png,shuming_496_00000002.png,shuming_496_00000002.txt,1,0
shuming_497_00000051,train,560,shuming_png,shuming_497_00000051.png,shuming_497_00000051.png,shuming_497_00000051.png,shuming_497_00000051.txt,9,0;6
shuming_498_00000035,val,561,shuming_png,shuming_498_00000035.png,shuming_498_00000035.png,shuming_498_00000035.png,shuming_498_00000035.txt,11,0;4;6
shuming_503_00000052,train,562,shuming_png,shuming_503_00000052.png,shuming_503_00000052.png,shuming_503_00000052.png,shuming_503_00000052.txt,4,0;3;7;9
shuming_505_00000027,train,563,shuming_png,shuming_505_00000027.png,shuming_505_00000027.png,shuming_505_00000027.png,shuming_505_00000027.txt,7,2
shuming_525_00000084,val,564,shuming_png,shuming_525_00000084.png,shuming_525_00000084.png,shuming_525_00000084.png,shuming_525_00000084.txt,3,2;4
shuming_526_00000001,train,565,shuming_png,shuming_526_00000001.png,shuming_526_00000001.png,shuming_526_00000001.png,shuming_526_00000001.txt,3,2;4
shuming_533_00000162,val,566,shuming_png,shuming_533_00000162.png,shuming_533_00000162.png,shuming_533_00000162.png,shuming_533_00000162.txt,3,2
shuming_536_00000023,train,567,shuming_png,shuming_536_00000023.png,shuming_536_00000023.png,shuming_536_00000023.png,shuming_536_00000023.txt,4,2
shuming_542_00000221,train,568,shuming_png,shuming_542_00000221.png,shuming_542_00000221.png,shuming_542_00000221.png,shuming_542_00000221.txt,3,2
shuming_550_00000268,train,569,shuming_png,shuming_550_00000268.png,shuming_550_00000268.png,shuming_550_00000268.png,shuming_550_00000268.txt,1,2
shuming_551_00000248,train,570,shuming_png,shuming_551_00000248.png,shuming_551_00000248.png,shuming_551_00000248.png,shuming_551_00000248.txt,1,2
shuming_554_00000328,val,571,shuming_png,shuming_554_00000328.png,shuming_554_00000328.png,shuming_554_00000328.png,shuming_554_00000328.txt,2,2
shuming_560_00000331,train,572,shuming_png,shuming_560_00000331.png,shuming_560_00000331.png,shuming_560_00000331.png,shuming_560_00000331.txt,2,2
shuming_562_00000223,train,573,shuming_png,shuming_562_00000223.png,shuming_562_00000223.png,shuming_562_00000223.png,shuming_562_00000223.txt,3,0;2
shuming_568_00000249,train,574,shuming_png,shuming_568_00000249.png,shuming_568_00000249.png,shuming_568_00000249.png,shuming_568_00000249.txt,2,2
shuming_571_00000215,train,575,shuming_png,shuming_571_00000215.png,shuming_571_00000215.png,shuming_571_00000215.png,shuming_571_00000215.txt,3,2
shuming_573_00000262,train,576,shuming_png,shuming_573_00000262.png,shuming_573_00000262.png,shuming_573_00000262.png,shuming_573_00000262.txt,6,2
shuming_574_00000017,val,577,shuming_png,shuming_574_00000017.png,shuming_574_00000017.png,shuming_574_00000017.png,shuming_574_00000017.txt,4,2
shuming_577_00000093,val,578,shuming_png,shuming_577_00000093.png,shuming_577_00000093.png,shuming_577_00000093.png,shuming_577_00000093.txt,11,0;2;3
shuming_578_00000372,train,579,shuming_png,shuming_578_00000372.png,shuming_578_00000372.png,shuming_578_00000372.png,shuming_578_00000372.txt,2,2
shuming_580_00000043,train,580,shuming_png,shuming_580_00000043.png,shuming_580_00000043.png,shuming_580_00000043.png,shuming_580_00000043.txt,3,0;2
shuming_589_00000038,val,581,shuming_png,shuming_589_00000038.png,shuming_589_00000038.png,shuming_589_00000038.png,shuming_589_00000038.txt,7,0;2;9
shuming_601_00000007,val,582,shuming_png,shuming_601_00000007.png,shuming_601_00000007.png,shuming_601_00000007.png,shuming_601_00000007.txt,5,0;2
shuming_607_00000371,train,583,shuming_png,shuming_607_00000371.png,shuming_607_00000371.png,shuming_607_00000371.png,shuming_607_00000371.txt,8,2
shuming_608_00000031,val,584,shuming_png,shuming_608_00000031.png,shuming_608_00000031.png,shuming_608_00000031.png,shuming_608_00000031.txt,5,2
shuming_610_00000148,val,585,shuming_png,shuming_610_00000148.png,shuming_610_00000148.png,shuming_610_00000148.png,shuming_610_00000148.txt,5,0;2
shuming_611_00000254,train,586,shuming_png,shuming_611_00000254.png,shuming_611_00000254.png,shuming_611_00000254.png,shuming_611_00000254.txt,5,2
shuming_612_00000323,val,587,shuming_png,shuming_612_00000323.png,shuming_612_00000323.png,shuming_612_00000323.png,shuming_612_00000323.txt,7,0;2
shuming_614_00000279,train,588,shuming_png,shuming_614_00000279.png,shuming_614_00000279.png,shuming_614_00000279.png,shuming_614_00000279.txt,10,2
shuming_620_00000388,train,589,shuming_png,shuming_620_00000388.png,shuming_620_00000388.png,shuming_620_00000388.png,shuming_620_00000388.txt,18,0;6
shuming_623_00000091,val,590,shuming_png,shuming_623_00000091.png,shuming_623_00000091.png,shuming_623_00000091.png,shuming_623_00000091.txt,11,0;6
shuming_633_00000140,train,591,shuming_png,shuming_633_00000140.png,shuming_633_00000140.png,shuming_633_00000140.png,shuming_633_00000140.txt,2,0;9
shuming_636_00000001,train,592,shuming_png,shuming_636_00000001.png,shuming_636_00000001.png,shuming_636_00000001.png,shuming_636_00000001.txt,2,0;9
shuming_644_00000222,train,593,shuming_png,shuming_644_00000222.png,shuming_644_00000222.png,shuming_644_00000222.png,shuming_644_00000222.txt,1,2
shuming_646_00000275,train,594,shuming_png,shuming_646_00000275.png,shuming_646_00000275.png,shuming_646_00000275.png,shuming_646_00000275.txt,1,2
shuming_650_00000356,train,595,shuming_png,shuming_650_00000356.png,shuming_650_00000356.png,shuming_650_00000356.png,shuming_650_00000356.txt,1,2
shuming_653_00000015,train,596,shuming_png,shuming_653_00000015.png,shuming_653_00000015.png,shuming_653_00000015.png,shuming_653_00000015.txt,2,0;9
shuming_655_00000135,train,597,shuming_png,shuming_655_00000135.png,shuming_655_00000135.png,shuming_655_00000135.png,shuming_655_00000135.txt,6,0
shuming_656_00000242,train,598,shuming_png,shuming_656_00000242.png,shuming_656_00000242.png,shuming_656_00000242.png,shuming_656_00000242.txt,2,0;9
shuming_661_00000179,train,599,shuming_png,shuming_661_00000179.png,shuming_661_00000179.png,shuming_661_00000179.png,shuming_661_00000179.txt,5,2
shuming_663_00000328,train,600,shuming_png,shuming_663_00000328.png,shuming_663_00000328.png,shuming_663_00000328.png,shuming_663_00000328.txt,4,2
shuming_666_00000215,val,601,shuming_png,shuming_666_00000215.png,shuming_666_00000215.png,shuming_666_00000215.png,shuming_666_00000215.txt,1,2
shuming_669_00000191,val,602,shuming_png,shuming_669_00000191.png,shuming_669_00000191.png,shuming_669_00000191.png,shuming_669_00000191.txt,14,0;2
shuming_681_00000137,train,603,shuming_png,shuming_681_00000137.png,shuming_681_00000137.png,shuming_681_00000137.png,shuming_681_00000137.txt,6,0;2
shuming_682_00000056,train,604,shuming_png,shuming_682_00000056.png,shuming_682_00000056.png,shuming_682_00000056.png,shuming_682_00000056.txt,5,0;2
shuming_683_00000020,train,605,shuming_png,shuming_683_00000020.png,shuming_683_00000020.png,shuming_683_00000020.png,shuming_683_00000020.txt,9,0;2;8
shuming_684_00000195,train,606,shuming_png,shuming_684_00000195.png,shuming_684_00000195.png,shuming_684_00000195.png,shuming_684_00000195.txt,5,0;2
shuming_688_00000175,train,607,shuming_png,shuming_688_00000175.png,shuming_688_00000175.png,shuming_688_00000175.png,shuming_688_00000175.txt,10,0;6;8
shuming_689_00000027,train,608,shuming_png,shuming_689_00000027.png,shuming_689_00000027.png,shuming_689_00000027.png,shuming_689_00000027.txt,35,0;5
shuming_690_00000082,train,609,shuming_png,shuming_690_00000082.png,shuming_690_00000082.png,shuming_690_00000082.png,shuming_690_00000082.txt,30,0;5
shuming_694_00000171,val,610,shuming_png,shuming_694_00000171.png,shuming_694_00000171.png,shuming_694_00000171.png,shuming_694_00000171.txt,41,0;5
shuming_695_00000360,train,611,shuming_png,shuming_695_00000360.png,shuming_695_00000360.png,shuming_695_00000360.png,shuming_695_00000360.txt,33,0;5
shuming_698_00000001,train,612,shuming_png,shuming_698_00000001.png,shuming_698_00000001.png,shuming_698_00000001.png,shuming_698_00000001.txt,29,0;5
shuming_706_00000375,train,613,shuming_png,shuming_706_00000375.png,shuming_706_00000375.png,shuming_706_00000375.png,shuming_706_00000375.txt,5,0;1
shuming_726_00000312,train,614,shuming_png,shuming_726_00000312.png,shuming_726_00000312.png,shuming_726_00000312.png,shuming_726_00000312.txt,5,0;1
shuming_728_00000270,val,615,shuming_png,shuming_728_00000270.png,shuming_728_00000270.png,shuming_728_00000270.png,shuming_728_00000270.txt,5,0;1
shuming_729_00000290,val,616,shuming_png,shuming_729_00000290.png,shuming_729_00000290.png,shuming_729_00000290.png,shuming_729_00000290.txt,7,0;1
shuming_731_00000492,val,617,shuming_png,shuming_731_00000492.png,shuming_731_00000492.png,shuming_731_00000492.png,shuming_731_00000492.txt,7,0;1
shuming_736_00000331,val,618,shuming_png,shuming_736_00000331.png,shuming_736_00000331.png,shuming_736_00000331.png,shuming_736_00000331.txt,13,0;1
shuming_739_00000351,train,619,shuming_png,shuming_739_00000351.png,shuming_739_00000351.png,shuming_739_00000351.png,shuming_739_00000351.txt,10,0;1
shuming_740_00000276,val,620,shuming_png,shuming_740_00000276.png,shuming_740_00000276.png,shuming_740_00000276.png,shuming_740_00000276.txt,12,0;1
shuming_746_00000017,train,621,shuming_png,shuming_746_00000017.png,shuming_746_00000017.png,shuming_746_00000017.png,shuming_746_00000017.txt,11,0;1
shuming_747_00000093,train,622,shuming_png,shuming_747_00000093.png,shuming_747_00000093.png,shuming_747_00000093.png,shuming_747_00000093.txt,11,0;1
shuming_751_00000135,val,623,shuming_png,shuming_751_00000135.png,shuming_751_00000135.png,shuming_751_00000135.png,shuming_751_00000135.txt,4,0;1;3
shuming_753_00000172,val,624,shuming_png,shuming_753_00000172.png,shuming_753_00000172.png,shuming_753_00000172.png,shuming_753_00000172.txt,1,0
shuming_755_00000284,train,625,shuming_png,shuming_755_00000284.png,shuming_755_00000284.png,shuming_755_00000284.png,shuming_755_00000284.txt,2,0;9
shuming_757_00000038,val,626,shuming_png,shuming_757_00000038.png,shuming_757_00000038.png,shuming_757_00000038.png,shuming_757_00000038.txt,1,7
shuming_758_00000371,val,627,shuming_png,shuming_758_00000371.png,shuming_758_00000371.png,shuming_758_00000371.png,shuming_758_00000371.txt,1,7
shuming_759_00000234,val,628,shuming_png,shuming_759_00000234.png,shuming_759_00000234.png,shuming_759_00000234.png,shuming_759_00000234.txt,1,7
shuming_763_00000009,train,629,shuming_png,shuming_763_00000009.png,shuming_763_00000009.png,shuming_763_00000009.png,shuming_763_00000009.txt,3,0;4
shuming_765_00000301,train,630,shuming_png,shuming_765_00000301.png,shuming_765_00000301.png,shuming_765_00000301.png,shuming_765_00000301.txt,12,0;4;8;9
shuming_767_00000426,val,631,shuming_png,shuming_767_00000426.png,shuming_767_00000426.png,shuming_767_00000426.png,shuming_767_00000426.txt,11,0;8;9
shuming_769_00000187,train,632,shuming_png,shuming_769_00000187.png,shuming_769_00000187.png,shuming_769_00000187.png,shuming_769_00000187.txt,6,0;1
shuming_770_00000007,train,633,shuming_png,shuming_770_00000007.png,shuming_770_00000007.png,shuming_770_00000007.png,shuming_770_00000007.txt,7,0;1
shuming_774_00000273,train,634,shuming_png,shuming_774_00000273.png,shuming_774_00000273.png,shuming_774_00000273.png,shuming_774_00000273.txt,6,0;4;6;8
shuming_779_00000254,val,635,shuming_png,shuming_779_00000254.png,shuming_779_00000254.png,shuming_779_00000254.png,shuming_779_00000254.txt,7,0;4;6;8
shuming_780_00000323,train,636,shuming_png,shuming_780_00000323.png,shuming_780_00000323.png,shuming_780_00000323.png,shuming_780_00000323.txt,7,0;4;6;8
shuming_783_00000248,train,637,shuming_png,shuming_783_00000248.png,shuming_783_00000248.png,shuming_783_00000248.png,shuming_783_00000248.txt,3,0;3
shuming_785_00000079,train,638,shuming_png,shuming_785_00000079.png,shuming_785_00000079.png,shuming_785_00000079.png,shuming_785_00000079.txt,3,4;8
shuming_790_00000023,train,639,shuming_png,shuming_790_00000023.png,shuming_790_00000023.png,shuming_790_00000023.png,shuming_790_00000023.txt,3,3;4
shuming_793_00000117,train,640,shuming_png,shuming_793_00000117.png,shuming_793_00000117.png,shuming_793_00000117.png,shuming_793_00000117.txt,3,4;8
shuming_803_00000317,train,641,shuming_png,shuming_803_00000317.png,shuming_803_00000317.png,shuming_803_00000317.png,shuming_803_00000317.txt,8,0;3
shuming_808_00000046,train,642,shuming_png,shuming_808_00000046.png,shuming_808_00000046.png,shuming_808_00000046.png,shuming_808_00000046.txt,3,0;3
shuming_810_00000222,train,643,shuming_png,shuming_810_00000222.png,shuming_810_00000222.png,shuming_810_00000222.png,shuming_810_00000222.txt,4,0;3
shuming_813_00000275,val,644,shuming_png,shuming_813_00000275.png,shuming_813_00000275.png,shuming_813_00000275.png,shuming_813_00000275.txt,2,4;6
shuming_814_00000194,train,645,shuming_png,shuming_814_00000194.png,shuming_814_00000194.png,shuming_814_00000194.png,shuming_814_00000194.txt,1,4
shuming_815_00000038,train,646,shuming_png,shuming_815_00000038.png,shuming_815_00000038.png,shuming_815_00000038.png,shuming_815_00000038.txt,2,4;6
shuming_823_00000017,train,647,shuming_png,shuming_823_00000017.png,shuming_823_00000017.png,shuming_823_00000017.png,shuming_823_00000017.txt,3,4
shuming_825_00000172,val,648,shuming_png,shuming_825_00000172.png,shuming_825_00000172.png,shuming_825_00000172.png,shuming_825_00000172.txt,4,0;4
shuming_826_00000213,train,649,shuming_png,shuming_826_00000213.png,shuming_826_00000213.png,shuming_826_00000213.png,shuming_826_00000213.txt,5,0;4
shuming_829_00000328,train,650,shuming_png,shuming_829_00000328.png,shuming_829_00000328.png,shuming_829_00000328.png,shuming_829_00000328.txt,1,9
shuming_830_00000326,train,651,shuming_png,shuming_830_00000326.png,shuming_830_00000326.png,shuming_830_00000326.png,shuming_830_00000326.txt,1,9
shuming_831_00000084,train,652,shuming_png,shuming_831_00000084.png,shuming_831_00000084.png,shuming_831_00000084.png,shuming_831_00000084.txt,1,9
shuming_837_00000121,train,653,shuming_png,shuming_837_00000121.png,shuming_837_00000121.png,shuming_837_00000121.png,shuming_837_00000121.txt,4,0;2
shuming_838_00000381,val,654,shuming_png,shuming_838_00000381.png,shuming_838_00000381.png,shuming_838_00000381.png,shuming_838_00000381.txt,5,0;2
shuming_839_00000041,train,655,shuming_png,shuming_839_00000041.png,shuming_839_00000041.png,shuming_839_00000041.png,shuming_839_00000041.txt,5,0;2
shuming_842_00000030,train,656,shuming_png,shuming_842_00000030.png,shuming_842_00000030.png,shuming_842_00000030.png,shuming_842_00000030.txt,2,4
shuming_843_00000266,train,657,shuming_png,shuming_843_00000266.png,shuming_843_00000266.png,shuming_843_00000266.png,shuming_843_00000266.txt,3,4;6
shuming_862_00000056,val,658,shuming_png,shuming_862_00000056.png,shuming_862_00000056.png,shuming_862_00000056.png,shuming_862_00000056.txt,2,4
shuming_864_00000195,train,659,shuming_png,shuming_864_00000195.png,shuming_864_00000195.png,shuming_864_00000195.png,shuming_864_00000195.txt,2,4
shuming_888_00000023,train,660,shuming_png,shuming_888_00000023.png,shuming_888_00000023.png,shuming_888_00000023.png,shuming_888_00000023.txt,6,0;3
shuming_890_00000342,val,661,shuming_png,shuming_890_00000342.png,shuming_890_00000342.png,shuming_890_00000342.png,shuming_890_00000342.txt,7,0;3
shuming_891_00000073,val,662,shuming_png,shuming_891_00000073.png,shuming_891_00000073.png,shuming_891_00000073.png,shuming_891_00000073.txt,6,0;3
shuming_892_00000065,train,663,shuming_png,shuming_892_00000065.png,shuming_892_00000065.png,shuming_892_00000065.png,shuming_892_00000065.txt,5,0;3
shuming_894_00000011,train,664,shuming_png,shuming_894_00000011.png,shuming_894_00000011.png,shuming_894_00000011.png,shuming_894_00000011.txt,7,0;3;7
shuming_900_00000241,train,665,shuming_png,shuming_900_00000241.png,shuming_900_00000241.png,shuming_900_00000241.png,shuming_900_00000241.txt,7,0;3
shuming_901_00000019,val,666,shuming_png,shuming_901_00000019.png,shuming_901_00000019.png,shuming_901_00000019.png,shuming_901_00000019.txt,6,0;3
shuming_909_00000270,train,667,shuming_png,shuming_909_00000270.png,shuming_909_00000270.png,shuming_909_00000270.png,shuming_909_00000270.txt,6,0;3
shuming_910_00000290,val,668,shuming_png,shuming_910_00000290.png,shuming_910_00000290.png,shuming_910_00000290.png,shuming_910_00000290.txt,7,0;3
shuming_911_00000162,val,669,shuming_png,shuming_911_00000162.png,shuming_911_00000162.png,shuming_911_00000162.png,shuming_911_00000162.txt,7,0;3
shuming_917_00000223,train,670,shuming_png,shuming_917_00000223.png,shuming_917_00000223.png,shuming_917_00000223.png,shuming_917_00000223.txt,7,0;3
shuming_921_00000342,train,671,shuming_png,shuming_921_00000342.png,shuming_921_00000342.png,shuming_921_00000342.png,shuming_921_00000342.txt,2,0
shuming_924_00000267,train,672,shuming_png,shuming_924_00000267.png,shuming_924_00000267.png,shuming_924_00000267.png,shuming_924_00000267.txt,2,0
shuming_969_00000275,train,673,shuming_png,shuming_969_00000275.png,shuming_969_00000275.png,shuming_969_00000275.png,shuming_969_00000275.txt,7,0
shuming_980_00000394,val,674,shuming_png,shuming_980_00000394.png,shuming_980_00000394.png,shuming_980_00000394.png,shuming_980_00000394.txt,1,9
shuming_985_00000020,train,675,shuming_png,shuming_985_00000020.png,shuming_985_00000020.png,shuming_985_00000020.png,shuming_985_00000020.txt,7,1;2
shuming_987_00000275,val,676,shuming_png,shuming_987_00000275.png,shuming_987_00000275.png,shuming_987_00000275.png,shuming_987_00000275.txt,6,1;2
shuming_988_00000288,train,677,shuming_png,shuming_988_00000288.png,shuming_988_00000288.png,shuming_988_00000288.png,shuming_988_00000288.txt,4,1;2
shuming_989_00000171,train,678,shuming_png,shuming_989_00000171.png,shuming_989_00000171.png,shuming_989_00000171.png,shuming_989_00000171.txt,8,1;2
shuming_1001_00000447,val,679,shuming_png,shuming_1001_00000447.png,shuming_1001_00000447.png,shuming_1001_00000447.png,shuming_1001_00000447.txt,13,2
shuming_1005_00000004,train,680,shuming_png,shuming_1005_00000004.png,shuming_1005_00000004.png,shuming_1005_00000004.png,shuming_1005_00000004.txt,20,2
shuming_1007_00000230,train,681,shuming_png,shuming_1007_00000230.png,shuming_1007_00000230.png,shuming_1007_00000230.png,shuming_1007_00000230.txt,24,2
shuming_1013_00000065,train,682,shuming_png,shuming_1013_00000065.png,shuming_1013_00000065.png,shuming_1013_00000065.png,shuming_1013_00000065.txt,7,2
shuming_1018_00000294,train,683,shuming_png,shuming_1018_00000294.png,shuming_1018_00000294.png,shuming_1018_00000294.png,shuming_1018_00000294.txt,12,2
shuming_1022_00000429,val,684,shuming_png,shuming_1022_00000429.png,shuming_1022_00000429.png,shuming_1022_00000429.png,shuming_1022_00000429.txt,4,2;4
shuming_1027_00000268,train,685,shuming_png,shuming_1027_00000268.png,shuming_1027_00000268.png,shuming_1027_00000268.png,shuming_1027_00000268.txt,1,2
shuming_1028_00000411,train,686,shuming_png,shuming_1028_00000411.png,shuming_1028_00000411.png,shuming_1028_00000411.png,shuming_1028_00000411.txt,6,2;4
shuming_1029_00000248,train,687,shuming_png,shuming_1029_00000248.png,shuming_1029_00000248.png,shuming_1029_00000248.png,shuming_1029_00000248.txt,3,2
shuming_1031_00000312,train,688,shuming_png,shuming_1031_00000312.png,shuming_1031_00000312.png,shuming_1031_00000312.png,shuming_1031_00000312.txt,2,2
shuming_1037_00000263,val,689,shuming_png,shuming_1037_00000263.png,shuming_1037_00000263.png,shuming_1037_00000263.png,shuming_1037_00000263.txt,6,0;4
shuming_1038_00000223,train,690,shuming_png,shuming_1038_00000223.png,shuming_1038_00000223.png,shuming_1038_00000223.png,shuming_1038_00000223.txt,1,2
shuming_1040_00000267,train,691,shuming_png,shuming_1040_00000267.png,shuming_1040_00000267.png,shuming_1040_00000267.png,shuming_1040_00000267.txt,4,0
shuming_1041_00000343,val,692,shuming_png,shuming_1041_00000343.png,shuming_1041_00000343.png,shuming_1041_00000343.png,shuming_1041_00000343.txt,2,2
shuming_1042_00000215,val,693,shuming_png,shuming_1042_00000215.png,shuming_1042_00000215.png,shuming_1042_00000215.png,shuming_1042_00000215.txt,2,2
shuming_1045_00000017,train,694,shuming_png,shuming_1045_00000017.png,shuming_1045_00000017.png,shuming_1045_00000017.png,shuming_1045_00000017.txt,4,2
shuming_1049_00000372,train,695,shuming_png,shuming_1049_00000372.png,shuming_1049_00000372.png,shuming_1049_00000372.png,shuming_1049_00000372.txt,5,2
shuming_1062_00000100,train,696,shuming_png,shuming_1062_00000100.png,shuming_1062_00000100.png,shuming_1062_00000100.png,shuming_1062_00000100.txt,6,2
shuming_1063_00000147,val,697,shuming_png,shuming_1063_00000147.png,shuming_1063_00000147.png,shuming_1063_00000147.png,shuming_1063_00000147.txt,10,2
shuming_1064_00000087,train,698,shuming_png,shuming_1064_00000087.png,shuming_1064_00000087.png,shuming_1064_00000087.png,shuming_1064_00000087.txt,9,2
shuming_1069_00000322,train,699,shuming_png,shuming_1069_00000322.png,shuming_1069_00000322.png,shuming_1069_00000322.png,shuming_1069_00000322.txt,11,2
shuming_1071_00000007,val,700,shuming_png,shuming_1071_00000007.png,shuming_1071_00000007.png,shuming_1071_00000007.png,shuming_1071_00000007.txt,8,2
shuming_1074_00000208,train,701,shuming_png,shuming_1074_00000208.png,shuming_1074_00000208.png,shuming_1074_00000208.png,shuming_1074_00000208.txt,7,2
shuming_1075_00000273,val,702,shuming_png,shuming_1075_00000273.png,shuming_1075_00000273.png,shuming_1075_00000273.png,shuming_1075_00000273.txt,4,2
shuming_1076_00000257,train,703,shuming_png,shuming_1076_00000257.png,shuming_1076_00000257.png,shuming_1076_00000257.png,shuming_1076_00000257.txt,6,2
shuming_1078_00000211,train,704,shuming_png,shuming_1078_00000211.png,shuming_1078_00000211.png,shuming_1078_00000211.png,shuming_1078_00000211.txt,4,2
shuming_1079_00000233,train,705,shuming_png,shuming_1079_00000233.png,shuming_1079_00000233.png,shuming_1079_00000233.png,shuming_1079_00000233.txt,7,0;2
shuming_1080_00000016,train,706,shuming_png,shuming_1080_00000016.png,shuming_1080_00000016.png,shuming_1080_00000016.png,shuming_1080_00000016.txt,5,0;2
shuming_1083_00000254,train,707,shuming_png,shuming_1083_00000254.png,shuming_1083_00000254.png,shuming_1083_00000254.png,shuming_1083_00000254.txt,5,2
shuming_1085_00000369,train,708,shuming_png,shuming_1085_00000369.png,shuming_1085_00000369.png,shuming_1085_00000369.png,shuming_1085_00000369.txt,3,2
shuming_1087_00000279,val,709,shuming_png,shuming_1087_00000279.png,shuming_1087_00000279.png,shuming_1087_00000279.png,shuming_1087_00000279.txt,4,2
shuming_1093_00000194,train,710,shuming_png,shuming_1093_00000194.png,shuming_1093_00000194.png,shuming_1093_00000194.png,shuming_1093_00000194.txt,2,2
shuming_1094_00000385,train,711,shuming_png,shuming_1094_00000385.png,shuming_1094_00000385.png,shuming_1094_00000385.png,shuming_1094_00000385.txt,1,2
shuming_1095_00000237,train,712,shuming_png,shuming_1095_00000237.png,shuming_1095_00000237.png,shuming_1095_00000237.png,shuming_1095_00000237.txt,1,2
shuming_1096_00000023,train,713,shuming_png,shuming_1096_00000023.png,shuming_1096_00000023.png,shuming_1096_00000023.png,shuming_1096_00000023.txt,1,2
shuming_1101_00000011,train,714,shuming_png,shuming_1101_00000011.png,shuming_1101_00000011.png,shuming_1101_00000011.png,shuming_1101_00000011.txt,5,2
shuming_1102_00000132,val,715,shuming_png,shuming_1102_00000132.png,shuming_1102_00000132.png,shuming_1102_00000132.png,shuming_1102_00000132.txt,8,2
shuming_1114_00000182,train,716,shuming_png,shuming_1114_00000182.png,shuming_1114_00000182.png,shuming_1114_00000182.png,shuming_1114_00000182.txt,3,2
shuming_1115_00000363,train,717,shuming_png,shuming_1115_00000363.png,shuming_1115_00000363.png,shuming_1115_00000363.png,shuming_1115_00000363.txt,3,2
shuming_1116_00000046,train,718,shuming_png,shuming_1116_00000046.png,shuming_1116_00000046.png,shuming_1116_00000046.png,shuming_1116_00000046.txt,3,2
shuming_1117_00000043,train,719,shuming_png,shuming_1117_00000043.png,shuming_1117_00000043.png,shuming_1117_00000043.png,shuming_1117_00000043.txt,2,2
shuming_1118_00000222,train,720,shuming_png,shuming_1118_00000222.png,shuming_1118_00000222.png,shuming_1118_00000222.png,shuming_1118_00000222.txt,1,2
shuming_1119_00000005,val,721,shuming_png,shuming_1119_00000005.png,shuming_1119_00000005.png,shuming_1119_00000005.png,shuming_1119_00000005.txt,2,2
shuming_1132_00000385,train,722,shuming_png,shuming_1132_00000385.png,shuming_1132_00000385.png,shuming_1132_00000385.png,shuming_1132_00000385.txt,5,0;2
shuming_1133_00000288,val,723,shuming_png,shuming_1133_00000288.png,shuming_1133_00000288.png,shuming_1133_00000288.png,shuming_1133_00000288.txt,1,2
shuming_1135_00000213,val,724,shuming_png,shuming_1135_00000213.png,shuming_1135_00000213.png,shuming_1135_00000213.png,shuming_1135_00000213.txt,1,2
shuming_1140_00000084,train,725,shuming_png,shuming_1140_00000084.png,shuming_1140_00000084.png,shuming_1140_00000084.png,shuming_1140_00000084.txt,1,2
shuming_1143_00000368,val,726,shuming_png,shuming_1143_00000368.png,shuming_1143_00000368.png,shuming_1143_00000368.png,shuming_1143_00000368.txt,6,2
shuming_1145_00000074,val,727,shuming_png,shuming_1145_00000074.png,shuming_1145_00000074.png,shuming_1145_00000074.png,shuming_1145_00000074.txt,1,2
shuming_1148_00000041,train,728,shuming_png,shuming_1148_00000041.png,shuming_1148_00000041.png,shuming_1148_00000041.png,shuming_1148_00000041.txt,1,2
shuming_1152_00000389,train,729,shuming_png,shuming_1152_00000389.png,shuming_1152_00000389.png,shuming_1152_00000389.png,shuming_1152_00000389.txt,3,2
shuming_1157_00000010,val,730,shuming_png,shuming_1157_00000010.png,shuming_1157_00000010.png,shuming_1157_00000010.png,shuming_1157_00000010.txt,3,2
shuming_1159_00000050,train,731,shuming_png,shuming_1159_00000050.png,shuming_1159_00000050.png,shuming_1159_00000050.png,shuming_1159_00000050.txt,5,2
shuming_1160_00000019,train,732,shuming_png,shuming_1160_00000019.png,shuming_1160_00000019.png,shuming_1160_00000019.png,shuming_1160_00000019.txt,6,2
shuming_1161_00000200,train,733,shuming_png,shuming_1161_00000200.png,shuming_1161_00000200.png,shuming_1161_00000200.png,shuming_1161_00000200.txt,1,2
shuming_1169_00000086,train,734,shuming_png,shuming_1169_00000086.png,shuming_1169_00000086.png,shuming_1169_00000086.png,shuming_1169_00000086.txt,1,2
shuming_1171_00000198,train,735,shuming_png,shuming_1171_00000198.png,shuming_1171_00000198.png,shuming_1171_00000198.png,shuming_1171_00000198.txt,1,2
shuming_1173_00000032,train,736,shuming_png,shuming_1173_00000032.png,shuming_1173_00000032.png,shuming_1173_00000032.png,shuming_1173_00000032.txt,1,2
shuming_1177_00000343,train,737,shuming_png,shuming_1177_00000343.png,shuming_1177_00000343.png,shuming_1177_00000343.png,shuming_1177_00000343.txt,4,2
shuming_1178_00000011,val,738,shuming_png,shuming_1178_00000011.png,shuming_1178_00000011.png,shuming_1178_00000011.png,shuming_1178_00000011.txt,3,2
shuming_1180_00000231,val,739,shuming_png,shuming_1180_00000231.png,shuming_1180_00000231.png,shuming_1180_00000231.png,shuming_1180_00000231.txt,4,2
shuming_1186_00000156,train,740,shuming_png,shuming_1186_00000156.png,shuming_1186_00000156.png,shuming_1186_00000156.png,shuming_1186_00000156.txt,4,2
shuming_1189_00000082,train,741,shuming_png,shuming_1189_00000082.png,shuming_1189_00000082.png,shuming_1189_00000082.png,shuming_1189_00000082.txt,3,2
shuming_1190_00000268,train,742,shuming_png,shuming_1190_00000268.png,shuming_1190_00000268.png,shuming_1190_00000268.png,shuming_1190_00000268.txt,4,2
shuming_1198_00000108,val,743,shuming_png,shuming_1198_00000108.png,shuming_1198_00000108.png,shuming_1198_00000108.png,shuming_1198_00000108.txt,2,0;3
shuming_1199_00000559,val,743,shuming_png,shuming_1199_00000559.png,shuming_1199_00000559.png,shuming_1199_00000559.png,shuming_1199_00000559.txt,2,0;3
shuming_1201_00000116,val,743,shuming_png,shuming_1201_00000116.png,shuming_1201_00000116.png,shuming_1201_00000116.png,shuming_1201_00000116.txt,2,0;3
shuming_1205_00000024,train,744,shuming_png,shuming_1205_00000024.png,shuming_1205_00000024.png,shuming_1205_00000024.png,shuming_1205_00000024.txt,2,0;3
shuming_1222_00000138,train,745,shuming_png,shuming_1222_00000138.png,shuming_1222_00000138.png,shuming_1222_00000138.png,shuming_1222_00000138.txt,2,0;3
shuming_1225_00000044,train,745,shuming_png,shuming_1225_00000044.png,shuming_1225_00000044.png,shuming_1225_00000044.png,shuming_1225_00000044.txt,2,0;3
shuming_1239_00000375,train,745,shuming_png,shuming_1239_00000375.png,shuming_1239_00000375.png,shuming_1239_00000375.png,shuming_1239_00000375.txt,2,0;3
shuming_1242_00000015,train,745,shuming_png,shuming_1242_00000015.png,shuming_1242_00000015.png,shuming_1242_00000015.png,shuming_1242_00000015.txt,2,0;3
shuming_1243_00000132,train,745,shuming_png,shuming_1243_00000132.png,shuming_1243_00000132.png,shuming_1243_00000132.png,shuming_1243_00000132.txt,2,0;3
shuming_1249_00000249,train,745,shuming_png,shuming_1249_00000249.png,shuming_1249_00000249.png,shuming_1249_00000249.png,shuming_1249_00000249.txt,2,0;3
shuming_1251_00000203,train,745,shuming_png,shuming_1251_00000203.png,shuming_1251_00000203.png,shuming_1251_00000203.png,shuming_1251_00000203.txt,2,0;3
shuming_1252_00000115,train,746,shuming_png,shuming_1252_00000115.png,shuming_1252_00000115.png,shuming_1252_00000115.png,shuming_1252_00000115.txt,2,0;3
shuming_1253_00000257,val,747,shuming_png,shuming_1253_00000257.png,shuming_1253_00000257.png,shuming_1253_00000257.png,shuming_1253_00000257.txt,2,0;3
shuming_1254_00000065,val,747,shuming_png,shuming_1254_00000065.png,shuming_1254_00000065.png,shuming_1254_00000065.png,shuming_1254_00000065.txt,2,0;3
shuming_1256_00000326,val,747,shuming_png,shuming_1256_00000326.png,shuming_1256_00000326.png,shuming_1256_00000326.png,shuming_1256_00000326.txt,2,0;3
shuming_1258_00000407,train,748,shuming_png,shuming_1258_00000407.png,shuming_1258_00000407.png,shuming_1258_00000407.png,shuming_1258_00000407.txt,2,0;3
shuming_1259_00000405,train,748,shuming_png,shuming_1259_00000405.png,shuming_1259_00000405.png,shuming_1259_00000405.png,shuming_1259_00000405.txt,2,0;3
shuming_1265_00000063,train,749,shuming_png,shuming_1265_00000063.png,shuming_1265_00000063.png,shuming_1265_00000063.png,shuming_1265_00000063.txt,2,0;3
shuming_1268_00000236,train,750,shuming_png,shuming_1268_00000236.png,shuming_1268_00000236.png,shuming_1268_00000236.png,shuming_1268_00000236.txt,2,0;3
shuming_1279_00000416,val,751,shuming_png,shuming_1279_00000416.png,shuming_1279_00000416.png,shuming_1279_00000416.png,shuming_1279_00000416.txt,2,0;3
shuming_1282_00000093,train,752,shuming_png,shuming_1282_00000093.png,shuming_1282_00000093.png,shuming_1282_00000093.png,shuming_1282_00000093.txt,3,0;3;7
shuming_1285_00000032,train,752,shuming_png,shuming_1285_00000032.png,shuming_1285_00000032.png,shuming_1285_00000032.png,shuming_1285_00000032.txt,2,0;3
shuming_1290_00000136,train,752,shuming_png,shuming_1290_00000136.png,shuming_1290_00000136.png,shuming_1290_00000136.png,shuming_1290_00000136.txt,2,0;3
shuming_1291_00000090,train,753,shuming_png,shuming_1291_00000090.png,shuming_1291_00000090.png,shuming_1291_00000090.png,shuming_1291_00000090.txt,2,0;3
shuming_1293_00000193,train,754,shuming_png,shuming_1293_00000193.png,shuming_1293_00000193.png,shuming_1293_00000193.png,shuming_1293_00000193.txt,2,0;3
shuming_1294_00000189,train,755,shuming_png,shuming_1294_00000189.png,shuming_1294_00000189.png,shuming_1294_00000189.png,shuming_1294_00000189.txt,2,0;3
shuming_1297_00000063,val,756,shuming_png,shuming_1297_00000063.png,shuming_1297_00000063.png,shuming_1297_00000063.png,shuming_1297_00000063.txt,1,0
shuming_1299_00000258,val,757,shuming_png,shuming_1299_00000258.png,shuming_1299_00000258.png,shuming_1299_00000258.png,shuming_1299_00000258.txt,1,0
shuming_1301_00000165,train,758,shuming_png,shuming_1301_00000165.png,shuming_1301_00000165.png,shuming_1301_00000165.png,shuming_1301_00000165.txt,2,0;7
shuming_1302_00000029,train,758,shuming_png,shuming_1302_00000029.png,shuming_1302_00000029.png,shuming_1302_00000029.png,shuming_1302_00000029.txt,2,0;7
shuming_1306_00000306,train,759,shuming_png,shuming_1306_00000306.png,shuming_1306_00000306.png,shuming_1306_00000306.png,shuming_1306_00000306.txt,2,0;7
shuming_1311_00000362,train,759,shuming_png,shuming_1311_00000362.png,shuming_1311_00000362.png,shuming_1311_00000362.png,shuming_1311_00000362.txt,2,0;7
shuming_1317_00000431,train,760,shuming_png,shuming_1317_00000431.png,shuming_1317_00000431.png,shuming_1317_00000431.png,shuming_1317_00000431.txt,2,0;7
shuming_1318_00000225,train,760,shuming_png,shuming_1318_00000225.png,shuming_1318_00000225.png,shuming_1318_00000225.png,shuming_1318_00000225.txt,2,0;7
shuming_1320_00000293,train,760,shuming_png,shuming_1320_00000293.png,shuming_1320_00000293.png,shuming_1320_00000293.png,shuming_1320_00000293.txt,2,0;7
shuming_1327_00000141,train,760,shuming_png,shuming_1327_00000141.png,shuming_1327_00000141.png,shuming_1327_00000141.png,shuming_1327_00000141.txt,2,0;7
shuming_1333_00000220,val,761,shuming_png,shuming_1333_00000220.png,shuming_1333_00000220.png,shuming_1333_00000220.png,shuming_1333_00000220.txt,1,0
shuming_1335_00000255,val,762,shuming_png,shuming_1335_00000255.png,shuming_1335_00000255.png,shuming_1335_00000255.png,shuming_1335_00000255.txt,1,0
shuming_1337_00000068,train,763,shuming_png,shuming_1337_00000068.png,shuming_1337_00000068.png,shuming_1337_00000068.png,shuming_1337_00000068.txt,1,0
shuming_1338_00000245,train,764,shuming_png,shuming_1338_00000245.png,shuming_1338_00000245.png,shuming_1338_00000245.png,shuming_1338_00000245.txt,1,0
shuming_1339_00000274,train,764,shuming_png,shuming_1339_00000274.png,shuming_1339_00000274.png,shuming_1339_00000274.png,shuming_1339_00000274.txt,1,0
shuming_1340_00000022,train,764,shuming_png,shuming_1340_00000022.png,shuming_1340_00000022.png,shuming_1340_00000022.png,shuming_1340_00000022.txt,1,0
shuming_1341_00000241,train,765,shuming_png,shuming_1341_00000241.png,shuming_1341_00000241.png,shuming_1341_00000241.png,shuming_1341_00000241.txt,1,0
shuming_1342_00000278,train,765,shuming_png,shuming_1342_00000278.png,shuming_1342_00000278.png,shuming_1342_00000278.png,shuming_1342_00000278.txt,1,0
shuming_1344_00000167,train,765,shuming_png,shuming_1344_00000167.png,shuming_1344_00000167.png,shuming_1344_00000167.png,shuming_1344_00000167.txt,1,0
