stem,visible_file,infrared_file,depth_file,label_file,visible_shape,visible_dtype,infrared_shape,infrared_dtype,depth_shape,depth_dtype,depth_min,depth_max,depth_zero_ratio,depth_valid_ratio,depth_under_300_ratio,depth_over_19999_ratio,infrared_black_ratio,infrared_channel_mad,target_count,issues
000002,000002.png,000002.png,000002.png,000002.txt,1080x1920x3,uint8,1080x1920x3,uint8,1080x1920,uint16,0,19999,0.20678288966049382,0.7932171103395061,0.0,0.0,0.21141396604938273,0.25241608421007794,6,
000002_080_00000048,000002_080_00000048.png,000002_080_00000048.png,000002_080_00000048.png,000002_080_00000048.txt,1080x1920x3,uint8,1080x1920x3,uint8,1080x1920,uint16,0,19999,0.33967737268518516,0.6603226273148148,0.0,0.0,7.330246913580247e-05,1.626291831334432,2,
000002_081_00000001,000002_081_00000001.png,000002_081_00000001.png,000002_081_00000001.png,000002_081_00000001.txt,1080x1920x3,uint8,1080x1920x3,uint8,1080x1920,uint16,0,19999,0.24901716820987654,0.7509828317901235,0.0,0.0,0.00013792438271604938,2.156743844350179,3,
000002_081_00000047,000002_081_00000047.png,000002_081_00000047.png,000002_081_00000047.png,000002_081_00000047.txt,1080x1920x3,uint8,1080x1920x3,uint8,1080x1920,uint16,0,19999,0.24541521990740742,0.7545847800925926,0.0,0.0,3.472222222222222e-05,1.764768163363139,4,
000002_081_00000185,000002_081_00000185.png,000002_081_00000185.png,000002_081_00000185.png,000002_081_00000185.txt,1080x1920x3,uint8,1080x1920x3,uint8,1080x1920,uint16,0,19999,0.36547453703703703,0.634525462962963,0.0,0.0,2.0736882716049384e-05,1.5137213865915935,3,
000002_082_00000061,000002_082_00000061.png,000002_082_00000061.png,000002_082_00000061.png,000002_082_00000061.txt,1080x1920x3,uint8,1080x1920x3,uint8,1080x1920,uint16,0,19999,0.23152536651234568,0.7684746334876543,0.0,0.0,3.279320987654321e-05,1.7719930013020833,4,
000002_082_00000121,000002_082_00000121.png,000002_082_00000121.png,000002_082_00000121.png,000002_082_00000121.txt,1080x1920x3,uint8,1080x1920x3,uint8,1080x1920,uint16,0,19999,0.2819314236111111,0.7180685763888889,0.0,0.0,5.2565586419753085e-05,2.2285053730010986,5,
000002_083_00000001,000002_083_00000001.png,000002_083_00000001.png,000002_083_00000001.png,000002_083_00000001.txt,1080x1920x3,uint8,1080x1920x3,uint8,1080x1920,uint16,0,19999,0.26957706404320986,0.7304229359567901,0.0,0.0,1.253858024691358e-05,1.8159969647725422,3,
000002_083_00000057,000002_083_00000057.png,000002_083_00000057.png,000002_083_00000057.png,000002_083_00000057.txt,1080x1920x3,uint8,1080x1920x3,uint8,1080x1920,uint16,0,19999,0.12940538194444445,0.8705946180555556,0.0,0.0,2.7006172839506174e-05,1.593449056148529,3,
000002_083_00000113,000002_083_00000113.png,000002_083_00000113.png,000002_083_00000113.png,000002_083_00000113.txt,1080x1920x3,uint8,1080x1920x3,uint8,1080x1920,uint16,0,19999,0.358154899691358,0.6418296682098765,1.54320987654321e-05,0.0,0.0,1.40631236632665,4,
000002_083_00000169,000002_083_00000169.png,000002_083_00000169.png,000002_083_00000169.png,000002_083_00000169.txt,1080x1920x3,uint8,1080x1920x3,uint8,1080x1920,uint16,0,19999,0.2369410686728395,0.7630589313271605,0.0,0.0,1.7843364197530866e-05,1.3637030919392903,5,
000003_002_00000060,000003_002_00000060.png,000003_002_00000060.png,000003_002_00000060.png,000003_002_00000060.txt,1080x1920x3,uint8,1080x1920x3,uint8,1080x1920,uint16,0,19999,0.3155589313271605,0.6844410686728395,0.0,0.0,2.4112654320987654e-06,1.5555906295776367,5,
000003_002_00000178,000003_002_00000178.png,000003_002_00000178.png,000003_002_00000178.png,000003_002_00000178.txt,1080x1920x3,uint8,1080x1920x3,uint8,1080x1920,uint16,0,19999,0.2896113040123457,0.7103780864197531,1.0609567901234568e-05,0.0,6.26929012345679e-06,1.5148537556330364,11,
000003_013_00000085,000003_013_00000085.png,000003_013_00000085.png,000003_013_00000085.png,000003_013_00000085.txt,1080x1920x3,uint8,1080x1920x3,uint8,1080x1920,uint16,0,19999,0.40022762345679014,0.5997723765432099,0.0,0.0,0.0007744984567901235,1.6117939949035645,3,
000003_013_00000169,000003_013_00000169.png,000003_013_00000169.png,000003_013_00000169.png,000003_013_00000169.txt,1080x1920x3,uint8,1080x1920x3,uint8,1080x1920,uint16,0,19999,0.3094724151234568,0.6905275848765432,0.0,0.0,0.005680941358024692,1.1868216395378113,5,
000003_014_00000001,000003_014_00000001.png,000003_014_00000001.png,000003_014_00000001.png,000003_014_00000001.txt,1080x1920x3,uint8,1080x1920x3,uint8,1080x1920,uint16,0,19999,0.25708815586419753,0.7429118441358025,0.0,0.0,0.0016478587962962964,1.5206307967503865,3,
000003_014_00000161,000003_014_00000161.png,000003_014_00000161.png,000003_014_00000161.png,000003_014_00000161.txt,1080x1920x3,uint8,1080x1920x3,uint8,1080x1920,uint16,0,19999,0.3417853009259259,0.658214699074074,0.0,0.0,0.0010628858024691358,1.6698479255040486,9,
000003_015_00000001,000003_015_00000001.png,000003_015_00000001.png,000003_015_00000001.png,000003_015_00000001.txt,1080x1920x3,uint8,1080x1920x3,uint8,1080x1920,uint16,0,19999,0.610877700617284,0.38912229938271603,0.0,0.0,0.0003824266975308642,3.9185237089792886,7,
000003_015_00000077,000003_015_00000077.png,000003_015_00000077.png,000003_015_00000077.png,000003_015_00000077.txt,1080x1920x3,uint8,1080x1920x3,uint8,1080x1920,uint16,0,19999,0.4330608603395062,0.5669391396604938,0.0,0.0,6.799768518518518e-05,5.317815780639648,3,
000003_018_00000167,000003_018_00000167.png,000003_018_00000167.png,000003_018_00000167.png,000003_018_00000167.txt,1080x1920x3,uint8,1080x1920x3,uint8,1080x1920,uint16,0,19999,0.35499228395061727,0.6450077160493827,0.0,0.0,0.0056331983024691355,0.581193079551061,2,
000003_023_00000089,000003_023_00000089.png,000003_023_00000089.png,000003_023_00000089.png,000003_023_00000089.txt,1080x1920x3,uint8,1080x1920x3,uint8,1080x1920,uint16,0,19999,0.1711207561728395,0.8288792438271605,0.0,0.0,1.3020833333333334e-05,1.534945050875346,7,
000003_026_00000001,000003_026_00000001.png,000003_026_00000001.png,000003_026_00000001.png,000003_026_00000001.txt,1080x1920x3,uint8,1080x1920x3,uint8,1080x1920,uint16,0,19999,0.14906153549382717,0.8509384645061728,0.0,0.0,0.0005733989197530864,1.2365290721257527,3,bbox_cross_image_boundary_line_1
000003_028_00000325,000003_028_00000325.png,000003_028_00000325.png,000003_028_00000325.png,000003_028_00000325.txt,1080x1920x3,uint8,1080x1920x3,uint8,1080x1920,uint16,0,19999,0.3508024691358025,0.6491975308641975,0.0,0.0,7.137345679012346e-05,1.3204227685928345,4,
000003_029_00000084,000003_029_00000084.png,000003_029_00000084.png,000003_029_00000084.png,000003_029_00000084.txt,1080x1920x3,uint8,1080x1920x3,uint8,1080x1920,uint16,0,19999,0.23690779320987654,0.7630922067901235,0.0,0.0,9.066358024691358e-05,2.935825606187185,7,
000003_029_00000333,000003_029_00000333.png,000003_029_00000333.png,000003_029_00000333.png,000003_029_00000333.txt,1080x1920x3,uint8,1080x1920x3,uint8,1080x1920,uint16,0,19997,0.16534143518518518,0.8346585648148148,0.0,0.0,0.00011574074074074075,2.4767743746439614,3,
000003_030_00000082,000003_030_00000082.png,000003_030_00000082.png,000003_030_00000082.png,000003_030_00000082.txt,1080x1920x3,uint8,1080x1920x3,uint8,1080x1920,uint16,0,19999,0.25733024691358025,0.7426697530864198,0.0,0.0,0.0006934799382716049,1.4790184497833252,3,
000003_035_00000001,000003_035_00000001.png,000003_035_00000001.png,000003_035_00000001.png,000003_035_00000001.txt,1080x1920x3,uint8,1080x1920x3,uint8,1080x1920,uint16,0,19999,0.1636964699074074,0.8363035300925926,0.0,0.0,0.011649787808641975,0.808307925860087,9,
000003_035_00000179,000003_035_00000179.png,000003_035_00000179.png,000003_035_00000179.png,000003_035_00000179.txt,1080x1920x3,uint8,1080x1920x3,uint8,1080x1920,uint16,0,19999,0.2064038387345679,0.7935961612654321,0.0,0.0,0.0018759645061728395,0.7828726172447205,7,
000003_051_00000365,000003_051_00000365.png,000003_051_00000365.png,000003_051_00000365.png,000003_051_00000365.txt,1080x1920x3,uint8,1080x1920x3,uint8,1080x1920,uint16,0,19999,0.7870331790123457,0.21296682098765432,0.0,0.0,0.00011140046296296297,2.57060444355011,5,
000003_068_00000082,000003_068_00000082.png,000003_068_00000082.png,000003_068_00000082.png,000003_068_00000082.txt,1080x1920x3,uint8,1080x1920x3,uint8,1080x1920,uint16,0,19999,0.6002464313271605,0.3997535686728395,0.0,0.0,0.0015885416666666667,1.8304099241892497,10,
000003_069_00000088,000003_069_00000088.png,000003_069_00000088.png,000003_069_00000088.png,000003_069_00000088.txt,1080x1920x3,uint8,1080x1920x3,uint8,1080x1920,uint16,0,19999,0.6283791473765432,0.3716208526234568,0.0,0.0,0.0005280671296296296,4.886612335840861,2,
000003_069_00000175,000003_069_00000175.png,000003_069_00000175.png,000003_069_00000175.png,000003_069_00000175.txt,1080x1920x3,uint8,1080x1920x3,uint8,1080x1920,uint16,0,19999,0.5979846643518518,0.4020153356481482,0.0,0.0,0.002408371913580247,5.5274966557820635,2,
000003_080_00000307,000003_080_00000307.png,000003_080_00000307.png,000003_080_00000307.png,000003_080_00000307.txt,1080x1920x3,uint8,1080x1920x3,uint8,1080x1920,uint16,0,12494,0.2506520061728395,0.7493238811728395,2.4112654320987653e-05,0.0,0.014841338734567902,1.9844772418340046,8,label_invalid_xywh_line_8
000003_080_00000409,000003_080_00000409.png,000003_080_00000409.png,000003_080_00000409.png,000003_080_00000409.txt,1080x1920x3,uint8,1080x1920x3,uint8,1080x1920,uint16,0,12536,0.2636993634259259,0.7363006365740741,0.0,0.0,0.0024368248456790123,2.0206758181254068,8,
000003_081_00000171,000003_081_00000171.png,000003_081_00000171.png,000003_081_00000171.png,000003_081_00000171.txt,1080x1920x3,uint8,1080x1920x3,uint8,1080x1920,uint16,0,19733,0.33521653163580245,0.6647834683641975,0.0,0.0,0.0068610146604938275,2.399913509686788,12,
000003_081_00000341,000003_081_00000341.png,000003_081_00000341.png,000003_081_00000341.png,000003_081_00000341.txt,1080x1920x3,uint8,1080x1920x3,uint8,1080x1920,uint16,0,19971,0.3244584297839506,0.6755415702160494,0.0,0.0,0.0047834683641975306,2.415310581525167,11,
00000004,00000004.jpg,00000004.jpg,00000004.jpg,00000004.txt,360x640x3,uint8,360x640x3,uint8,360x640x3,uint8,0,255,0.7304427083333334,0.0,0.26955729166666664,0.0,0.18028645833333334,0.0,11,"depth_is_jpeg;depth_dtype_uint8;depth_not_single_channel_shape_(360, 640, 3)"
000004,000004.png,000004.png,000004.png,000004.txt,1080x1920x3,uint8,1080x1920x3,uint8,1080x1920,uint16,0,19999,0.2394237075617284,0.7605762924382716,0.0,0.0,0.25968894675925924,0.1982671022415161,4,
000004_001_00000087,000004_001_00000087.png,000004_001_00000087.png,000004_001_00000087.png,000004_001_00000087.txt,1080x1920x3,uint8,1080x1920x3,uint8,1080x1920,uint16,0,19999,0.13056761188271604,0.869432388117284,0.0,0.0,1.0609567901234568e-05,1.7782574494679768,1,
000004_002_00000001,000004_002_00000001.png,000004_002_00000001.png,000004_002_00000001.png,000004_002_00000001.txt,1080x1920x3,uint8,1080x1920x3,uint8,1080x1920,uint16,0,19999,0.0764819637345679,0.923518036265432,0.0,0.0,2.7006172839506174e-05,2.0601382652918496,1,
000004_002_00000084,000004_002_00000084.png,000004_002_00000084.png,000004_002_00000084.png,000004_002_00000084.txt,1080x1920x3,uint8,1080x1920x3,uint8,1080x1920,uint16,0,19999,0.13400270061728395,0.8659972993827161,0.0,0.0,5.787037037037037e-06,2.1627542972564697,2,
000004_005_00000238,000004_005_00000238.png,000004_005_00000238.png,000004_005_00000238.png,000004_005_00000238.txt,1080x1920x3,uint8,1080x1920x3,uint8,1080x1920,uint16,0,19999,0.4984514853395062,0.5015485146604939,0.0,0.0,0.00012249228395061728,2.5110683043797812,2,
000004_009_00000001,000004_009_00000001.png,000004_009_00000001.png,000004_009_00000001.png,000004_009_00000001.txt,1080x1920x3,uint8,1080x1920x3,uint8,1080x1920,uint16,0,19999,0.38146122685185185,0.6185387731481482,0.0,0.0,0.001070119598765432,1.542950729529063,2,
000004_009_00000081,000004_009_00000081.png,000004_009_00000081.png,000004_009_00000081.png,000004_009_00000081.txt,1080x1920x3,uint8,1080x1920x3,uint8,1080x1920,uint16,0,19999,0.3378780864197531,0.662121913580247,0.0,0.0,0.0002025462962962963,2.0471347173055015,1,
000004_009_00000321,000004_009_00000321.png,000004_009_00000321.png,000004_009_00000321.png,000004_009_00000321.txt,1080x1920x3,uint8,1080x1920x3,uint8,1080x1920,uint16,0,19999,0.2820158179012346,0.7179841820987655,0.0,0.0,3.7615740740740744e-05,2.129554033279419,1,
000004_010_00000199,000004_010_00000199.png,000004_010_00000199.png,000004_010_00000199.png,000004_010_00000199.txt,1080x1920x3,uint8,1080x1920x3,uint8,1080x1920,uint16,0,19999,0.25636284722222225,0.7436371527777778,0.0,0.0,0.0003636188271604938,1.7027202049891155,2,
000004_011_00000001,000004_011_00000001.png,000004_011_00000001.png,000004_011_00000001.png,000004_011_00000001.txt,1080x1920x3,uint8,1080x1920x3,uint8,1080x1920,uint16,0,19999,0.1980666473765432,0.8019333526234568,0.0,0.0,0.00045138888888888887,2.1281420389811196,2,
000004_011_00000171,000004_011_00000171.png,000004_011_00000171.png,000004_011_00000171.png,000004_011_00000171.txt,1080x1920x3,uint8,1080x1920x3,uint8,1080x1920,uint16,0,19999,0.37925154320987653,0.6207484567901235,0.0,0.0,7.330246913580247e-05,2.750218629837036,1,
000004_012_00000001,000004_012_00000001.png,000004_012_00000001.png,000004_012_00000001.png,000004_012_00000001.txt,1080x1920x3,uint8,1080x1920x3,uint8,1080x1920,uint16,0,19999,0.5464776234567901,0.45352237654320987,0.0,0.0,4.436728395061728e-05,1.0555346210797627,6,
000004_013_00000001,000004_013_00000001.png,000004_013_00000001.png,000004_013_00000001.png,000004_013_00000001.txt,1080x1920x3,uint8,1080x1920x3,uint8,1080x1920,uint16,0,19999,0.39081404320987656,0.6091859567901234,0.0,0.0,9.98263888888889e-05,1.096899151802063,1,
000004_013_00000081,000004_013_00000081.png,000004_013_00000081.png,000004_013_00000081.png,000004_013_00000081.txt,1080x1920x3,uint8,1080x1920x3,uint8,1080x1920,uint16,0,19999,0.432944637345679,0.567055362654321,0.0,0.0,0.008971836419753087,1.0359047055244446,2,
000004_013_00000241,000004_013_00000241.png,000004_013_00000241.png,000004_013_00000241.png,000004_013_00000241.txt,1080x1920x3,uint8,1080x1920x3,uint8,1080x1920,uint16,0,19999,0.3746788194444444,0.6253211805555555,0.0,0.0,0.0050443672839506175,1.1459272305170696,1,
000004_014_00000001,000004_014_00000001.png,000004_014_00000001.png,000004_014_00000001.png,000004_014_00000001.txt,1080x1920x3,uint8,1080x1920x3,uint8,1080x1920,uint16,0,19999,0.17145640432098766,0.8285435956790124,0.0,0.0,0.00015287422839506173,1.2926987012227376,1,
000004_015_00000163,000004_015_00000163.png,000004_015_00000163.png,000004_015_00000163.png,000004_015_00000163.txt,1080x1920x3,uint8,1080x1920x3,uint8,1080x1920,uint16,0,19999,0.16554880401234567,0.8344511959876543,0.0,0.0,0.00024112654320987653,1.0484767158826191,2,
000004_018_00000341,000004_018_00000341.png,000004_018_00000341.png,000004_018_00000341.png,000004_018_00000341.txt,1080x1920x3,uint8,1080x1920x3,uint8,1080x1920,uint16,0,19998,0.5361304012345679,0.4638695987654321,0.0,0.0,0.0,1.188392182191213,12,
000004_019_00000321,000004_019_00000321.png,000004_019_00000321.png,000004_019_00000321.png,000004_019_00000321.txt,1080x1920x3,uint8,1080x1920x3,uint8,1080x1920,uint16,0,19999,0.13390769675925926,0.8660923032407407,0.0,0.0,0.00012152777777777777,1.7132207949956257,2,
000004_034_00000079,000004_034_00000079.png,000004_034_00000079.png,000004_034_00000079.png,000004_034_00000079.txt,1080x1920x3,uint8,1080x1920x3,uint8,1080x1920,uint16,0,19999,0.24131944444444445,0.7586805555555556,0.0,0.0,6.462191358024691e-05,1.3378687898317974,2,
000004_036_00000082,000004_036_00000082.png,000004_036_00000082.png,000004_036_00000082.png,000004_036_00000082.txt,1080x1920x3,uint8,1080x1920x3,uint8,1080x1920,uint16,0,19999,0.18373456790123457,0.8162654320987655,0.0,0.0,0.00014419367283950618,1.6287123362223308,4,
000004_036_00000244,000004_036_00000244.png,000004_036_00000244.png,000004_036_00000244.png,000004_036_00000244.txt,1080x1920x3,uint8,1080x1920x3,uint8,1080x1920,uint16,0,19999,0.18639178240740742,0.8136082175925926,0.0,0.0,0.0001871141975308642,1.7458490530649822,3,
000004_036_00000325,000004_036_00000325.png,000004_036_00000325.png,000004_036_00000325.png,000004_036_00000325.txt,1080x1920x3,uint8,1080x1920x3,uint8,1080x1920,uint16,0,19999,0.13746238425925925,0.8625376157407407,0.0,0.0,0.0006987847222222222,1.8916226228078206,2,
000005,000005.png,000005.png,000005.png,000005.txt,1080x1920x3,uint8,1080x1920x3,uint8,1080x1920,uint16,0,19999,0.2144748263888889,0.7855251736111111,0.0,0.0,0.21883439429012347,0.2089181492726008,5,
000005_003_00000181,000005_003_00000181.png,000005_003_00000181.png,000005_003_00000181.png,000005_003_00000181.txt,1080x1920x3,uint8,1080x1920x3,uint8,1080x1920,uint16,0,19999,0.34943045910493825,0.6505545910493827,1.4949845679012346e-05,0.0,0.00027391975308641974,2.6467570066452026,6,
000005_004_00000191,000005_004_00000191.png,000005_004_00000191.png,000005_004_00000191.png,000005_004_00000191.txt,1080x1920x3,uint8,1080x1920x3,uint8,1080x1920,uint16,0,19999,0.14494164737654322,0.8550583526234568,0.0,0.0,0.0,1.8070199886957805,3,
000005_004_00000286,000005_004_00000286.png,000005_004_00000286.png,000005_004_00000286.png,000005_004_00000286.txt,1080x1920x3,uint8,1080x1920x3,uint8,1080x1920,uint16,0,19999,0.18194782021604938,0.8180005787037037,5.160108024691358e-05,0.0,1.253858024691358e-05,1.3932578166325886,5,
000005_006_00000001,000005_006_00000001.png,000005_006_00000001.png,000005_006_00000001.png,000005_006_00000001.txt,1080x1920x3,uint8,1080x1920x3,uint8,1080x1920,uint16,0,19999,0.2431322337962963,0.7568677662037037,0.0,0.0,0.0002594521604938272,1.3033809264500935,3,
000005_010_00000001,000005_010_00000001.png,000005_010_00000001.png,000005_010_00000001.png,000005_010_00000001.txt,1080x1920x3,uint8,1080x1920x3,uint8,1080x1920,uint16,0,19999,0.16262779706790123,0.8373456790123457,2.652391975308642e-05,0.0,1.253858024691358e-05,2.3384153048197427,1,
000005_010_00000050,000005_010_00000050.png,000005_010_00000050.png,000005_010_00000050.png,000005_010_00000050.txt,1080x1920x3,uint8,1080x1920x3,uint8,1080x1920,uint16,0,19998,0.18432822145061728,0.8156717785493827,0.0,0.0,4.822530864197531e-07,2.964107116063436,1,
000005_011_00000421,000005_011_00000421.png,000005_011_00000421.png,000005_011_00000421.png,000005_011_00000421.txt,1080x1920x3,uint8,1080x1920x3,uint8,1080x1920,uint16,0,19999,0.1777396797839506,0.8222603202160493,0.0,0.0,0.00010079089506172839,1.9989680449167888,10,
000005_013_00000001,000005_013_00000001.png,000005_013_00000001.png,000005_013_00000001.png,000005_013_00000001.txt,1080x1920x3,uint8,1080x1920x3,uint8,1080x1920,uint16,0,19999,0.18427131558641976,0.8157286844135803,0.0,0.0,2.4112654320987654e-06,3.902294635772705,12,
000005_014_00000292,000005_014_00000292.png,000005_014_00000292.png,000005_014_00000292.png,000005_014_00000292.txt,1080x1920x3,uint8,1080x1920x3,uint8,1080x1920,uint16,0,19994,0.09244261188271605,0.9075573881172839,0.0,0.0,9.403935185185185e-05,1.5651849110921223,6,bbox_cross_image_boundary_line_5
000005_017_00000205,000005_017_00000205.png,000005_017_00000205.png,000005_017_00000205.png,000005_017_00000205.txt,1080x1920x3,uint8,1080x1920x3,uint8,1080x1920,uint16,0,19999,0.587879050925926,0.4121209490740741,0.0,0.0,0.0027097800925925926,1.691232959429423,11,
000005_017_00000307,000005_017_00000307.png,000005_017_00000307.png,000005_017_00000307.png,000005_017_00000307.txt,1080x1920x3,uint8,1080x1920x3,uint8,1080x1920,uint16,0,19999,0.5301085069444444,0.46989149305555555,0.0,0.0,0.0015711805555555555,1.5980263153711955,13,
000005_018_00000405,000005_018_00000405.png,000005_018_00000405.png,000005_018_00000405.png,000005_018_00000405.txt,1080x1920x3,uint8,1080x1920x3,uint8,1080x1920,uint16,0,19999,0.5148630401234567,0.48510079089506175,3.616898148148148e-05,0.0,0.00015769675925925925,1.7251707315444946,5,
000005_019_00000105,000005_019_00000105.png,000005_019_00000105.png,000005_019_00000105.png,000005_019_00000105.txt,1080x1920x3,uint8,1080x1920x3,uint8,1080x1920,uint16,0,19999,0.47605806327160494,0.5239419367283951,0.0,0.0,0.0002445023148148148,1.957196831703186,6,
000005_019_00000209,000005_019_00000209.png,000005_019_00000209.png,000005_019_00000209.png,000005_019_00000209.txt,1080x1920x3,uint8,1080x1920x3,uint8,1080x1920,uint16,0,19999,0.5076601080246913,0.49233989197530864,0.0,0.0,0.0004161844135802469,1.847130576769511,6,
000005_019_00000313,000005_019_00000313.png,000005_019_00000313.png,000005_019_00000313.png,000005_019_00000313.txt,1080x1920x3,uint8,1080x1920x3,uint8,1080x1920,uint16,0,19999,0.5118185763888888,0.48814380787037037,3.7615740740740744e-05,0.0,0.0008140432098765432,1.6076707045237224,8,
000005_024_00000001,000005_024_00000001.png,000005_024_00000001.png,000005_024_00000001.png,000005_024_00000001.txt,1080x1920x3,uint8,1080x1920x3,uint8,1080x1920,uint16,0,19999,0.3572926311728395,0.6427073688271605,0.0,0.0,0.00032021604938271603,1.7996807495752971,8,
000005_026_00000001,000005_026_00000001.png,000005_026_00000001.png,000005_026_00000001.png,000005_026_00000001.txt,1080x1920x3,uint8,1080x1920x3,uint8,1080x1920,uint16,0,19999,0.22120756172839506,0.7787924382716049,0.0,0.0,0.0002517361111111111,2.0969078143437705,5,
000005_027_00000001,000005_027_00000001.png,000005_027_00000001.png,000005_027_00000001.png,000005_027_00000001.txt,1080x1920x3,uint8,1080x1920x3,uint8,1080x1920,uint16,0,19999,0.391304012345679,0.608695987654321,0.0,0.0,0.0003178047839506173,2.6549035708109536,9,
000005_027_00000247,000005_027_00000247.png,000005_027_00000247.png,000005_027_00000247.png,000005_027_00000247.txt,1080x1920x3,uint8,1080x1920x3,uint8,1080x1920,uint16,0,19999,0.39136574074074076,0.6086342592592593,0.0,0.0,0.0026490162037037038,2.7667444149653115,8,
000005_027_00000493,000005_027_00000493.png,000005_027_00000493.png,000005_027_00000493.png,000005_027_00000493.txt,1080x1920x3,uint8,1080x1920x3,uint8,1080x1920,uint16,0,19999,0.4040948109567901,0.5958902391975308,1.4949845679012346e-05,0.0,0.0011024305555555555,2.3202089071273804,9,
000005_028_00000001,000005_028_00000001.png,000005_028_00000001.png,000005_028_00000001.png,000005_028_00000001.txt,1080x1920x3,uint8,1080x1920x3,uint8,1080x1920,uint16,0,19999,0.22374614197530865,0.7762538580246914,0.0,0.0,0.00024739583333333335,2.818058808644613,3,
000005_028_00000163,000005_028_00000163.png,000005_028_00000163.png,000005_028_00000163.png,000005_028_00000163.txt,1080x1920x3,uint8,1080x1920x3,uint8,1080x1920,uint16,0,19999,0.31233217592592594,0.6876572145061728,1.0609567901234568e-05,0.0,9.018132716049383e-05,2.6792064905166626,6,
000005_029_00000191,000005_029_00000191.png,000005_029_00000191.png,000005_029_00000191.png,000005_029_00000191.txt,1080x1920x3,uint8,1080x1920x3,uint8,1080x1920,uint16,0,19999,0.13413917824074073,0.8658608217592593,0.0,0.0,3.713348765432099e-05,1.5806079705556233,7,
000005_032_00000001,000005_032_00000001.png,000005_032_00000001.png,000005_032_00000001.png,000005_032_00000001.txt,1080x1920x3,uint8,1080x1920x3,uint8,1080x1920,uint16,0,19999,0.19981626157407406,0.8001837384259259,0.0,0.0,2.0736882716049384e-05,2.315343976020813,14,
000005_032_00000205,000005_032_00000205.png,000005_032_00000205.png,000005_032_00000205.png,000005_032_00000205.txt,1080x1920x3,uint8,1080x1920x3,uint8,1080x1920,uint16,0,19999,0.30853443287037036,0.6914655671296296,0.0,0.0,0.00018470293209876543,3.022411902745565,13,
000005_036_00000001,000005_036_00000001.png,000005_036_00000001.png,000005_036_00000001.png,000005_036_00000001.txt,1080x1920x3,uint8,1080x1920x3,uint8,1080x1920,uint16,0,19998,0.06645833333333333,0.9335416666666667,0.0,0.0,5.931712962962963e-05,1.0186091860135396,5,
000005_036_00000108,000005_036_00000108.png,000005_036_00000108.png,000005_036_00000108.png,000005_036_00000108.txt,1080x1920x3,uint8,1080x1920x3,uint8,1080x1920,uint16,0,19999,0.06379484953703704,0.9362051504629629,0.0,0.0,3.279320987654321e-05,0.9348025719324747,4,
000005_036_00000215,000005_036_00000215.png,000005_036_00000215.png,000005_036_00000215.png,000005_036_00000215.txt,1080x1920x3,uint8,1080x1920x3,uint8,1080x1920,uint16,0,9050,0.03125289351851852,0.9687471064814814,0.0,0.0,2.2665895061728396e-05,0.883204718430837,4,
000005_036_00000429,000005_036_00000429.png,000005_036_00000429.png,000005_036_00000429.png,000005_036_00000429.txt,1080x1920x3,uint8,1080x1920x3,uint8,1080x1920,uint16,0,9108,0.030694926697530864,0.9693050733024692,0.0,0.0,9.162808641975309e-06,0.8056487838427225,4,
000006_002_00000001,000006_002_00000001.png,000006_002_00000001.png,000006_002_00000001.png,000006_002_00000001.txt,1080x1920x3,uint8,1080x1920x3,uint8,1080x1920,uint16,0,19999,0.3508130787037037,0.6491869212962963,0.0,0.0,0.0034182098765432097,3.083857774734497,11,
000006_002_00000102,000006_002_00000102.png,000006_002_00000102.png,000006_002_00000102.png,000006_002_00000102.txt,1080x1920x3,uint8,1080x1920x3,uint8,1080x1920,uint16,0,19999,0.2073070987654321,0.7926929012345679,0.0,0.0,0.004523533950617284,2.7917843659718833,13,
000006_004_00000104,000006_004_00000104.png,000006_004_00000104.png,000006_004_00000104.png,000006_004_00000104.txt,1080x1920x3,uint8,1080x1920x3,uint8,1080x1920,uint16,0,19999,0.19434413580246915,0.8056558641975309,0.0,0.0,0.0004021990740740741,2.4874823490778604,10,
000006_004_00000207,000006_004_00000207.png,000006_004_00000207.png,000006_004_00000207.png,000006_004_00000207.txt,1080x1920x3,uint8,1080x1920x3,uint8,1080x1920,uint16,0,19999,0.12112654320987655,0.8788734567901234,0.0,0.0,0.00011284722222222222,2.4432557821273804,10,
000006_004_00000413,000006_004_00000413.png,000006_004_00000413.png,000006_004_00000413.png,000006_004_00000413.txt,1080x1920x3,uint8,1080x1920x3,uint8,1080x1920,uint16,0,19999,0.12727141203703704,0.8727285879629629,0.0,0.0,0.00012297453703703702,2.445379058519999,10,
000006_005_00000295,000006_005_00000295.png,000006_005_00000295.png,000006_005_00000295.png,000006_005_00000295.txt,1080x1920x3,uint8,1080x1920x3,uint8,1080x1920,uint16,0,19999,0.06802228009259259,0.9319777199074074,0.0,0.0,0.0010464891975308641,1.4511953790982564,7,
000006_005_00000393,000006_005_00000393.png,000006_005_00000393.png,000006_005_00000393.png,000006_005_00000393.txt,1080x1920x3,uint8,1080x1920x3,uint8,1080x1920,uint16,0,19999,0.08930796682098766,0.9106920331790124,0.0,0.0,0.0017211612654320987,1.4942653576533,7,
000006_007_00000211,000006_007_00000211.png,000006_007_00000211.png,000006_007_00000211.png,000006_007_00000211.txt,1080x1920x3,uint8,1080x1920x3,uint8,1080x1920,uint16,0,19990,0.29218171296296297,0.7078182870370371,0.0,0.0,0.0002941743827160494,1.9293299913406372,2,
000006_007_00000421,000006_007_00000421.png,000006_007_00000421.png,000006_007_00000421.png,000006_007_00000421.txt,1080x1920x3,uint8,1080x1920x3,uint8,1080x1920,uint16,0,19999,0.26590904706790125,0.7340523726851852,3.8580246913580246e-05,0.0,0.00023919753086419754,2.054162859916687,1,
000006_008_00000001,000006_008_00000001.png,000006_008_00000001.png,000006_008_00000001.png,000006_008_00000001.txt,1080x1920x3,uint8,1080x1920x3,uint8,1080x1920,uint16,0,19999,0.17124324845679012,0.8287080439814815,4.870756172839506e-05,0.0,0.00018470293209876543,1.2652475436528523,5,
000006_008_00000307,000006_008_00000307.png,000006_008_00000307.png,000006_008_00000307.png,000006_008_00000307.txt,1080x1920x3,uint8,1080x1920x3,uint8,1080x1920,uint16,0,19999,0.14819926697530864,0.8518007330246914,0.0,0.0,0.0007740162037037037,1.2134545246760051,2,
000006_009_00000089,000006_009_00000089.png,000006_009_00000089.png,000006_009_00000089.png,000006_009_00000089.txt,1080x1920x3,uint8,1080x1920x3,uint8,1080x1920,uint16,0,19999,0.17976224922839507,0.820237750771605,0.0,0.0,0.0001707175925925926,1.2366933822631836,3,
000006_010_00000292,000006_010_00000292.png,000006_010_00000292.png,000006_010_00000292.png,000006_010_00000292.txt,1080x1920x3,uint8,1080x1920x3,uint8,1080x1920,uint16,0,19999,0.25577064043209874,0.7442293595679013,0.0,0.0,0.0,3.144242207209269,5,
000006_010_00000389,000006_010_00000389.png,000006_010_00000389.png,000006_010_00000389.png,000006_010_00000389.txt,1080x1920x3,uint8,1080x1920x3,uint8,1080x1920,uint16,0,19999,0.2540625,0.7459375,0.0,0.0,0.00017023533950617285,1.9403889576594036,6,
000006_011_00000307,000006_011_00000307.png,000006_011_00000307.png,000006_011_00000307.png,000006_011_00000307.txt,1080x1920x3,uint8,1080x1920x3,uint8,1080x1920,uint16,0,19999,0.25820167824074075,0.7417983217592593,0.0,0.0,0.00267602237654321,3.7442750136057534,7,
000006_011_00000409,000006_011_00000409.png,000006_011_00000409.png,000006_011_00000409.png,000006_011_00000409.txt,1080x1920x3,uint8,1080x1920x3,uint8,1080x1920,uint16,0,19999,0.2544352816358025,0.7455647183641976,0.0,0.0,0.0019068287037037038,3.7263017495473227,11,
000006_012_00000001,000006_012_00000001.png,000006_012_00000001.png,000006_012_00000001.png,000006_012_00000001.txt,1080x1920x3,uint8,1080x1920x3,uint8,1080x1920,uint16,0,19999,0.385853587962963,0.6141411072530865,5.304783950617284e-06,0.0,0.00037229938271604937,2.0567798217137656,13,
000006_013_00000001,000006_013_00000001.png,000006_013_00000001.png,000006_013_00000001.png,000006_013_00000001.txt,1080x1920x3,uint8,1080x1920x3,uint8,1080x1920,uint16,0,19999,0.4906751543209876,0.5093248456790124,0.0,0.0,0.0001769868827160494,2.5291245381037393,8,
000006_014_00000409,000006_014_00000409.png,000006_014_00000409.png,000006_014_00000409.png,000006_014_00000409.txt,1080x1920x3,uint8,1080x1920x3,uint8,1080x1920,uint16,0,19999,0.6528559027777778,0.3471440972222222,0.0,0.0,0.00011284722222222222,3.477808713912964,15,
000006_015_00000329,000006_015_00000329.png,000006_015_00000329.png,000006_015_00000329.png,000006_015_00000329.txt,1080x1920x3,uint8,1080x1920x3,uint8,1080x1920,uint16,0,19999,0.4720066550925926,0.5279933449074075,0.0,0.0,9.500385802469136e-05,2.1089760065078735,11,
000007_004_00000433,000007_004_00000433.png,000007_004_00000433.png,000007_004_00000433.png,000007_004_00000433.txt,1080x1920x3,uint8,1080x1920x3,uint8,1080x1920,uint16,0,19999,0.16363956404320987,0.8363604359567901,0.0,0.0,0.0,1.7571775913238525,2,
000007_007_00000038,000007_007_00000038.png,000007_007_00000038.png,000007_007_00000038.png,000007_007_00000038.txt,1080x1920x3,uint8,1080x1920x3,uint8,1080x1920,uint16,0,19999,0.423070987654321,0.5769290123456791,0.0,0.0,9.645061728395062e-06,1.1545405785242717,4,
000007_011_00000501,000007_011_00000501.png,000007_011_00000501.png,000007_011_00000501.png,000007_011_00000501.txt,1080x1920x3,uint8,1080x1920x3,uint8,1080x1920,uint16,0,19999,0.554212962962963,0.44578703703703704,0.0,0.0,0.000833815586419753,1.3492254813512166,6,
000007_015_00000209,000007_015_00000209.png,000007_015_00000209.png,000007_015_00000209.png,000007_015_00000209.txt,1080x1920x3,uint8,1080x1920x3,uint8,1080x1920,uint16,0,19999,0.2768306327160494,0.7231693672839506,0.0,0.0,4.2920524691358025e-05,1.26076873143514,1,
000007_015_00000313,000007_015_00000313.png,000007_015_00000313.png,000007_015_00000313.png,000007_015_00000313.txt,1080x1920x3,uint8,1080x1920x3,uint8,1080x1920,uint16,0,19999,0.3112596450617284,0.6887403549382716,0.0,0.0,3.375771604938272e-06,1.3411004940668743,4,
00000008,00000008.jpg,00000008.jpg,00000008.jpg,00000008.txt,360x640x3,uint8,360x640x3,uint8,360x640x3,uint8,0,255,0.7288671875,0.0,0.2711328125,0.0,0.18028645833333334,0.0,9,"depth_is_jpeg;depth_dtype_uint8;depth_not_single_channel_shape_(360, 640, 3)"
000008_003_00000001,000008_003_00000001.png,000008_003_00000001.png,000008_003_00000001.png,000008_003_00000001.txt,1080x1920x3,uint8,1080x1920x3,uint8,1080x1920,uint16,0,19999,0.5781090856481481,0.42189091435185183,0.0,0.0,3.3275462962962965e-05,2.2286831537882485,5,
000008_003_00000235,000008_003_00000235.png,000008_003_00000235.png,000008_003_00000235.png,000008_003_00000235.txt,1080x1920x3,uint8,1080x1920x3,uint8,1080x1920,uint16,0,19999,0.3070949074074074,0.6929050925925926,0.0,0.0,4.774305555555556e-05,1.9541258017222087,13,
000008_003_00000352,000008_003_00000352.png,000008_003_00000352.png,000008_003_00000352.png,000008_003_00000352.txt,1080x1920x3,uint8,1080x1920x3,uint8,1080x1920,uint16,0,19999,0.2225588348765432,0.7774411651234568,0.0,0.0,9.307484567901234e-05,1.841110110282898,14,
000008_003_00000469,000008_003_00000469.png,000008_003_00000469.png,000008_003_00000469.png,000008_003_00000469.txt,1080x1920x3,uint8,1080x1920x3,uint8,1080x1920,uint16,0,19999,0.332157600308642,0.6678423996913581,0.0,0.0,8.342978395061729e-05,1.7401578426361084,11,
000008_004_00000001,000008_004_00000001.png,000008_004_00000001.png,000008_004_00000001.png,000008_004_00000001.txt,1080x1920x3,uint8,1080x1920x3,uint8,1080x1920,uint16,0,19999,0.37247685185185186,0.6275231481481481,0.0,0.0,2.9899691358024692e-05,1.644803524017334,13,
000008_004_00000167,000008_004_00000167.png,000008_004_00000167.png,000008_004_00000167.png,000008_004_00000167.txt,1080x1920x3,uint8,1080x1920x3,uint8,1080x1920,uint16,0,19999,0.36955439814814817,0.6304456018518518,0.0,0.0,4.677854938271605e-05,1.8711789846420288,7,
000008_004_00000665,000008_004_00000665.png,000008_004_00000665.png,000008_004_00000665.png,000008_004_00000665.txt,1080x1920x3,uint8,1080x1920x3,uint8,1080x1920,uint16,0,19999,0.12368055555555556,0.8763073881172839,1.2056327160493826e-05,0.0,0.0001234567901234568,1.721992055575053,14,
000008_005_00000167,000008_005_00000167.png,000008_005_00000167.png,000008_005_00000167.png,000008_005_00000167.txt,1080x1920x3,uint8,1080x1920x3,uint8,1080x1920,uint16,0,19999,0.19238425925925925,0.8076157407407407,0.0,0.0,2.4112654320987654e-06,1.7952186266581218,2,
000008_005_00000333,000008_005_00000333.png,000008_005_00000333.png,000008_005_00000333.png,000008_005_00000333.txt,1080x1920x3,uint8,1080x1920x3,uint8,1080x1920,uint16,0,19999,0.28217496141975307,0.7178250385802469,0.0,0.0,1.253858024691358e-05,1.7931651671727498,2,
000008_005_00000665,000008_005_00000665.png,000008_005_00000665.png,000008_005_00000665.png,000008_005_00000665.txt,1080x1920x3,uint8,1080x1920x3,uint8,1080x1920,uint16,0,19999,0.4136361882716049,0.586363811728395,0.0,0.0,1.9290123456790124e-06,2.063069701194763,1,
000008_007_00000868,000008_007_00000868.png,000008_007_00000868.png,000008_007_00000868.png,000008_007_00000868.txt,1080x1920x3,uint8,1080x1920x3,uint8,1080x1920,uint16,0,19999,0.3766295331790123,0.6233704668209876,0.0,0.0,2.8935185185185184e-06,1.3608500560124714,3,
000008_012_00000001,000008_012_00000001.png,000008_012_00000001.png,000008_012_00000001.png,000008_012_00000001.txt,1080x1920x3,uint8,1080x1920x3,uint8,1080x1920,uint16,0,19999,0.39597849151234565,0.6040215084876543,0.0,0.0,9.789737654320988e-05,2.672681967417399,4,bbox_cross_image_boundary_line_4
000008_012_00000151,000008_012_00000151.png,000008_012_00000151.png,000008_012_00000151.png,000008_012_00000151.txt,1080x1920x3,uint8,1080x1920x3,uint8,1080x1920,uint16,0,19999,0.2813888888888889,0.7186111111111111,0.0,0.0,4.340277777777778e-06,2.025292237599691,7,
000008_013_00000195,000008_013_00000195.png,000008_013_00000195.png,000008_013_00000195.png,000008_013_00000195.txt,1080x1920x3,uint8,1080x1920x3,uint8,1080x1920,uint16,0,19999,0.28021894290123456,0.7197810570987654,0.0,0.0,1.4467592592592592e-06,2.1362985372543335,3,
000008_017_00000001,000008_017_00000001.png,000008_017_00000001.png,000008_017_00000001.png,000008_017_00000001.txt,1080x1920x3,uint8,1080x1920x3,uint8,1080x1920,uint16,0,19999,0.021631462191358024,0.978368537808642,0.0,0.0,0.0,0.8198611338933309,5,
000008_021_00000415,000008_021_00000415.png,000008_021_00000415.png,000008_021_00000415.png,000008_021_00000415.txt,1080x1920x3,uint8,1080x1920x3,uint8,1080x1920,uint16,0,19999,0.2226094714506173,0.7770370370370371,0.000353491512345679,0.0,0.00028308256172839507,1.1259629130363464,6,
000008_032_00000001,000008_032_00000001.png,000008_032_00000001.png,000008_032_00000001.png,000008_032_00000001.txt,1080x1920x3,uint8,1080x1920x3,uint8,1080x1920,uint16,0,19999,0.33892650462962964,0.6610706018518518,2.8935185185185184e-06,0.0,9.789737654320988e-05,2.1278616984685264,1,
000008_033_00000001,000008_033_00000001.png,000008_033_00000001.png,000008_033_00000001.png,000008_033_00000001.txt,1080x1920x3,uint8,1080x1920x3,uint8,1080x1920,uint16,0,19999,0.07914158950617284,0.9208584104938271,0.0,0.0,3.134645061728395e-05,1.7380050818125408,4,
000008_033_00000076,000008_033_00000076.png,000008_033_00000076.png,000008_033_00000076.png,000008_033_00000076.txt,1080x1920x3,uint8,1080x1920x3,uint8,1080x1920,uint16,0,19999,0.08435715663580247,0.9156428433641975,0.0,0.0,4.340277777777778e-05,1.892711877822876,4,
000008_035_00000001,000008_035_00000001.png,000008_035_00000001.png,000008_035_00000001.png,000008_035_00000001.txt,1080x1920x3,uint8,1080x1920x3,uint8,1080x1920,uint16,0,19999,0.42453366126543207,0.5753732638888889,9.307484567901234e-05,0.0,1.4467592592592592e-06,2.1163580417633057,1,
000008_035_00000108,000008_035_00000108.png,000008_035_00000108.png,000008_035_00000108.png,000008_035_00000108.txt,1080x1920x3,uint8,1080x1920x3,uint8,1080x1920,uint16,0,19999,0.4728645833333333,0.5271325231481482,2.8935185185185184e-06,0.0,0.0001470871913580247,2.0894403060277305,1,
000008_035_00000429,000008_035_00000429.png,000008_035_00000429.png,000008_035_00000429.png,000008_035_00000429.txt,1080x1920x3,uint8,1080x1920x3,uint8,1080x1920,uint16,0,19999,0.2889385609567901,0.7110093557098766,5.208333333333334e-05,0.0,0.0004325810185185185,2.6244126160939536,2,
000008_037_00000453,000008_037_00000453.png,000008_037_00000453.png,000008_037_00000453.png,000008_037_00000453.txt,1080x1920x3,uint8,1080x1920x3,uint8,1080x1920,uint16,0,19999,0.470059799382716,0.5299054783950617,3.472222222222222e-05,0.0,0.002236207561728395,2.0019107262293496,1,
000008_039_00000214,000008_039_00000214.png,000008_039_00000214.png,000008_039_00000214.png,000008_039_00000214.txt,1080x1920x3,uint8,1080x1920x3,uint8,1080x1920,uint16,0,19999,0.22808207947530865,0.7719179205246913,0.0,0.0,0.00010368441358024692,2.028645157814026,4,
000008_040_00000304,000008_040_00000304.png,000008_040_00000304.png,000008_040_00000304.png,000008_040_00000304.txt,1080x1920x3,uint8,1080x1920x3,uint8,1080x1920,uint16,0,19999,0.48266444830246913,0.5173355516975309,0.0,0.0,0.0,2.2348501682281494,2,
000008_042_00000273,000008_042_00000273.png,000008_042_00000273.png,000008_042_00000273.png,000008_042_00000273.txt,1080x1920x3,uint8,1080x1920x3,uint8,1080x1920,uint16,0,19999,0.32441792052469137,0.6755820794753087,0.0,0.0,0.0,2.449637691179911,3,
000008_043_00000001,000008_043_00000001.png,000008_043_00000001.png,000008_043_00000001.png,000008_043_00000001.txt,1080x1920x3,uint8,1080x1920x3,uint8,1080x1920,uint16,0,19999,0.36334249614197534,0.6366575038580247,0.0,0.0,3.809799382716049e-05,1.1389200687408447,6,
000008_045_00000001,000008_045_00000001.png,000008_045_00000001.png,000008_045_00000001.png,000008_045_00000001.txt,1080x1920x3,uint8,1080x1920x3,uint8,1080x1920,uint16,0,19999,0.03775752314814815,0.9622424768518518,0.0,0.0,1.4467592592592592e-06,0.8140599330266317,4,
000008_045_00000157,000008_045_00000157.png,000008_045_00000157.png,000008_045_00000157.png,000008_045_00000157.txt,1080x1920x3,uint8,1080x1920x3,uint8,1080x1920,uint16,0,17131,0.01613667052469136,0.9838633294753086,0.0,0.0,2.8935185185185184e-06,0.601522962252299,5,
000008_046_00000157,000008_046_00000157.png,000008_046_00000157.png,000008_046_00000157.png,000008_046_00000157.txt,1080x1920x3,uint8,1080x1920x3,uint8,1080x1920,uint16,0,19999,0.08409239969135802,0.9159076003086419,0.0,0.0,0.0,0.7500057816505432,2,
000008_047_00000001,000008_047_00000001.png,000008_047_00000001.png,000008_047_00000001.png,000008_047_00000001.txt,1080x1920x3,uint8,1080x1920x3,uint8,1080x1920,uint16,0,19999,0.0635595100308642,0.9364404899691358,0.0,0.0,0.00011284722222222222,1.2703179915746052,3,
000008_047_00000112,000008_047_00000112.png,000008_047_00000112.png,000008_047_00000112.png,000008_047_00000112.txt,1080x1920x3,uint8,1080x1920x3,uint8,1080x1920,uint16,0,19999,0.06422694830246914,0.9357730516975309,0.0,0.0,2.4112654320987653e-05,1.4440866311391194,3,
000008_047_00000149,000008_047_00000149.png,000008_047_00000149.png,000008_047_00000149.png,000008_047_00000149.txt,1080x1920x3,uint8,1080x1920x3,uint8,1080x1920,uint16,0,19999,0.07185908564814815,0.9281360918209877,4.822530864197531e-06,0.0,2.9417438271604938e-05,1.4760194619496663,3,
000008_048_00000361,000008_048_00000361.png,000008_048_00000361.png,000008_048_00000361.png,000008_048_00000361.txt,1080x1920x3,uint8,1080x1920x3,uint8,1080x1920,uint16,0,19999,0.10903935185185185,0.8909606481481481,0.0,0.0,4.870756172839506e-05,0.8953960736592611,6,
000009_008_00000241,000009_008_00000241.png,000009_008_00000241.png,000009_008_00000241.png,000009_008_00000241.txt,1080x1920x3,uint8,1080x1920x3,uint8,1080x1920,uint16,0,19999,0.09587528935185186,0.9041247106481481,0.0,0.0,0.00019193672839506174,2.2454790274302163,10,
000009_011_00000087,000009_011_00000087.png,000009_011_00000087.png,000009_011_00000087.png,000009_011_00000087.txt,1080x1920x3,uint8,1080x1920x3,uint8,1080x1920,uint16,0,19999,0.5790190972222222,0.4209809027777778,0.0,0.0,0.0,2.97878889242808,29,
000009_012_00000083,000009_012_00000083.png,000009_012_00000083.png,000009_012_00000083.png,000009_012_00000083.txt,1080x1920x3,uint8,1080x1920x3,uint8,1080x1920,uint16,0,16470,0.06859375,0.93140625,0.0,0.0,1.0609567901234568e-05,2.4737821022669473,15,
000009_020_00000325,000009_020_00000325.png,000009_020_00000325.png,000009_020_00000325.png,000009_020_00000325.txt,1080x1920x3,uint8,1080x1920x3,uint8,1080x1920,uint16,0,19999,0.06872829861111111,0.9312717013888889,0.0,0.0,0.0,3.1490959326426187,7,
000009_022_00000247,000009_022_00000247.png,000009_022_00000247.png,000009_022_00000247.png,000009_022_00000247.txt,1080x1920x3,uint8,1080x1920x3,uint8,1080x1920,uint16,0,19999,0.443247974537037,0.556752025462963,0.0,0.0,1.736111111111111e-05,2.738851229349772,13,
000009_032_00000141,000009_032_00000141.png,000009_032_00000141.png,000009_032_00000141.png,000009_032_00000141.txt,1080x1920x3,uint8,1080x1920x3,uint8,1080x1920,uint16,0,19999,0.5277107445987654,0.47228925540123456,0.0,0.0,0.001025270061728395,0.8491165041923523,6,
000009_033_00000250,000009_033_00000250.png,000009_033_00000250.png,000009_033_00000250.png,000009_033_00000250.txt,1080x1920x3,uint8,1080x1920x3,uint8,1080x1920,uint16,0,19999,0.6105922067901235,0.38940779320987656,0.0,0.0,7.523148148148149e-05,1.4152706662813823,5,
000009_033_00000333,000009_033_00000333.png,000009_033_00000333.png,000009_033_00000333.png,000009_033_00000333.txt,1080x1920x3,uint8,1080x1920x3,uint8,1080x1920,uint16,0,19999,0.5982465277777778,0.40175347222222224,0.0,0.0,1.398533950617284e-05,1.3298893968264263,7,
000009_034_00000179,000009_034_00000179.png,000009_034_00000179.png,000009_034_00000179.png,000009_034_00000179.txt,1080x1920x3,uint8,1080x1920x3,uint8,1080x1920,uint16,0,19999,0.5673861882716049,0.4326138117283951,0.0,0.0,0.0011694637345679012,1.1960686842600505,8,
000009_034_00000268,000009_034_00000268.png,000009_034_00000268.png,000009_034_00000268.png,000009_034_00000268.txt,1080x1920x3,uint8,1080x1920x3,uint8,1080x1920,uint16,0,19999,0.6189400077160494,0.3810599922839506,0.0,0.0,2.8935185185185184e-06,1.2640567223230998,7,
000009_036_00000051,000009_036_00000051.png,000009_036_00000051.png,000009_036_00000051.png,000009_036_00000051.txt,1080x1920x3,uint8,1080x1920x3,uint8,1080x1920,uint16,0,19999,0.4800250771604938,0.5199749228395062,0.0,0.0,0.0012876157407407406,0.7069531182448069,9,
000009_038_00000026,000009_038_00000026.png,000009_038_00000026.png,000009_038_00000026.png,000009_038_00000026.txt,1080x1920x3,uint8,1080x1920x3,uint8,1080x1920,uint16,0,19999,0.4991367669753086,0.5008632330246914,0.0,0.0,0.00035011574074074074,0.916579524676005,7,
000009_038_00000076,000009_038_00000076.png,000009_038_00000076.png,000009_038_00000076.png,000009_038_00000076.txt,1080x1920x3,uint8,1080x1920x3,uint8,1080x1920,uint16,0,19999,0.5485083912037036,0.4514916087962963,0.0,0.0,0.0005107060185185185,0.9134172598520914,7,
000009_040_00000101,000009_040_00000101.png,000009_040_00000101.png,000009_040_00000101.png,000009_040_00000101.txt,1080x1920x3,uint8,1080x1920x3,uint8,1080x1920,uint16,0,19999,0.46261188271604936,0.5373244598765432,6.36574074074074e-05,0.0,0.00028211805555555553,1.1555275917053223,12,
000010_006_00000185,000010_006_00000185.png,000010_006_00000185.png,000010_006_00000185.png,000010_006_00000185.txt,1080x1920x3,uint8,1080x1920x3,uint8,1080x1920,uint16,0,19999,0.17587962962962964,0.8241203703703703,0.0,0.0,0.0,3.3239362239837646,9,
000010_006_00000369,000010_006_00000369.png,000010_006_00000369.png,000010_006_00000369.png,000010_006_00000369.txt,1080x1920x3,uint8,1080x1920x3,uint8,1080x1920,uint16,0,19999,0.12567660108024692,0.8743233989197531,0.0,0.0,0.0,2.1623318195343018,8,
000010_008_00000102,000010_008_00000102.png,000010_008_00000102.png,000010_008_00000102.png,000010_008_00000102.txt,1080x1920x3,uint8,1080x1920x3,uint8,1080x1920,uint16,0,19999,0.24370032793209875,0.7562996720679013,0.0,0.0,1.8807870370370372e-05,2.253487706184387,17,
000010_008_00000203,000010_008_00000203.png,000010_008_00000203.png,000010_008_00000203.png,000010_008_00000203.txt,1080x1920x3,uint8,1080x1920x3,uint8,1080x1920,uint16,0,19999,0.12590036651234568,0.8740996334876543,0.0,0.0,2.4112654320987654e-06,2.315012534459432,13,
000010_015_00000237,000010_015_00000237.png,000010_015_00000237.png,000010_015_00000237.png,000010_015_00000237.txt,1080x1920x3,uint8,1080x1920x3,uint8,1080x1920,uint16,0,19999,0.23739535108024692,0.7624353780864197,0.00016927083333333334,0.0,0.0,2.5666222969690957,3,
000010_016_00000189,000010_016_00000189.png,000010_016_00000189.png,000010_016_00000189.png,000010_016_00000189.txt,1080x1920x3,uint8,1080x1920x3,uint8,1080x1920,uint16,0,19999,0.23522328317901234,0.7647217399691358,5.497685185185185e-05,0.0,0.0,2.7576588789621987,2,
000010_016_00000283,000010_016_00000283.png,000010_016_00000283.png,000010_016_00000283.png,000010_016_00000283.txt,1080x1920x3,uint8,1080x1920x3,uint8,1080x1920,uint16,0,19999,0.3299590084876543,0.669936824845679,0.00010416666666666667,0.0,0.00013406635802469137,2.281246781349182,6,
000011_001_00000001,000011_001_00000001.png,000011_001_00000001.png,000011_001_00000001.png,000011_001_00000001.txt,1080x1920x3,uint8,1080x1920x3,uint8,1080x1920,uint16,0,19999,0.4533887924382716,0.5465316358024691,7.957175925925927e-05,0.0,0.0007590663580246914,1.777340829372406,3,
000011_002_00000001,000011_002_00000001.png,000011_002_00000001.png,000011_002_00000001.png,000011_002_00000001.txt,1080x1920x3,uint8,1080x1920x3,uint8,1080x1920,uint16,0,19999,0.21276089891975308,0.7872391010802469,0.0,0.0,3.375771604938272e-06,2.350620150566101,3,
000011_002_00000085,000011_002_00000085.png,000011_002_00000085.png,000011_002_00000085.png,000011_002_00000085.txt,1080x1920x3,uint8,1080x1920x3,uint8,1080x1920,uint16,0,19999,0.145522762345679,0.854477237654321,0.0,0.0,3.7615740740740744e-05,2.441566069920858,5,
000011_003_00000001,000011_003_00000001.png,000011_003_00000001.png,000011_003_00000001.png,000011_003_00000001.txt,1080x1920x3,uint8,1080x1920x3,uint8,1080x1920,uint16,0,6446,0.08966001157407408,0.9103399884259259,0.0,0.0,0.0004214891975308642,2.480395793914795,1,
000011_003_00000286,000011_003_00000286.png,000011_003_00000286.png,000011_003_00000286.png,000011_003_00000286.txt,1080x1920x3,uint8,1080x1920x3,uint8,1080x1920,uint16,0,4267,0.09599295910493827,0.9040070408950617,0.0,0.0,0.0005536265432098766,2.509843091169993,2,
000011_003_00000381,000011_003_00000381.png,000011_003_00000381.png,000011_003_00000381.png,000011_003_00000381.txt,1080x1920x3,uint8,1080x1920x3,uint8,1080x1920,uint16,0,6500,0.09661265432098766,0.9033873456790124,0.0,0.0,3.279320987654321e-05,2.58107058207194,2,
000011_004_00000086,000011_004_00000086.png,000011_004_00000086.png,000011_004_00000086.png,000011_004_00000086.txt,1080x1920x3,uint8,1080x1920x3,uint8,1080x1920,uint16,0,2255,0.09208478009259259,0.9079152199074074,0.0,0.0,0.0058198302469135805,3.776638706525167,2,
000011_006_00000001,000011_006_00000001.png,000011_006_00000001.png,000011_006_00000001.png,000011_006_00000001.txt,1080x1920x3,uint8,1080x1920x3,uint8,1080x1920,uint16,0,14524,0.46554060570987654,0.5334587191358025,0.0010006751543209878,0.0,0.011957465277777777,2.0384130477905273,4,
000011_006_00000256,000011_006_00000256.png,000011_006_00000256.png,000011_006_00000256.png,000011_006_00000256.txt,1080x1920x3,uint8,1080x1920x3,uint8,1080x1920,uint16,0,15908,0.396826774691358,0.603158275462963,1.4949845679012346e-05,0.0,0.014205729166666667,1.9614615440368652,6,
000011_008_00000001,000011_008_00000001.png,000011_008_00000001.png,000011_008_00000001.png,000011_008_00000001.txt,1080x1920x3,uint8,1080x1920x3,uint8,1080x1920,uint16,0,9234,0.13224778163580247,0.8677522183641976,0.0,0.0,2.36304012345679e-05,1.3587084809939067,5,bbox_cross_image_boundary_line_1
000011_008_00000083,000011_008_00000083.png,000011_008_00000083.png,000011_008_00000083.png,000011_008_00000083.txt,1080x1920x3,uint8,1080x1920x3,uint8,1080x1920,uint16,0,7946,0.13151765046296296,0.8684823495370371,0.0,0.0,0.0,1.4964512983957927,7,bbox_cross_image_boundary_line_3;bbox_cross_image_boundary_line_5
000011_012_00000280,000011_012_00000280.png,000011_012_00000280.png,000011_012_00000280.png,000011_012_00000280.txt,1080x1920x3,uint8,1080x1920x3,uint8,1080x1920,uint16,0,19999,0.15116319444444445,0.8488368055555555,0.0,0.0,0.0031804591049382717,3.3843233585357666,2,
000011_015_00000244,000011_015_00000244.png,000011_015_00000244.png,000011_015_00000244.png,000011_015_00000244.txt,1080x1920x3,uint8,1080x1920x3,uint8,1080x1920,uint16,0,19998,0.03952739197530864,0.9604726080246914,0.0,0.0,9.645061728395062e-06,1.0290898482004802,1,
000011_017_00000253,000011_017_00000253.png,000011_017_00000253.png,000011_017_00000253.png,000011_017_00000253.txt,1080x1920x3,uint8,1080x1920x3,uint8,1080x1920,uint16,0,12099,0.2848543595679012,0.7151456404320987,0.0,0.0,0.001160300925925926,3.572243094444275,2,
000011_018_00000337,000011_018_00000337.png,000011_018_00000337.png,000011_018_00000337.png,000011_018_00000337.txt,1080x1920x3,uint8,1080x1920x3,uint8,1080x1920,uint16,0,4936,0.1252613811728395,0.8747386188271605,0.0,0.0,0.0,2.8686105410257974,2,
000011_019_00000165,000011_019_00000165.png,000011_019_00000165.png,000011_019_00000165.png,000011_019_00000165.txt,1080x1920x3,uint8,1080x1920x3,uint8,1080x1920,uint16,0,19999,0.2974228395061728,0.7025771604938271,0.0,0.0,0.0,1.1730253497759502,6,
000011_020_00000179,000011_020_00000179.png,000011_020_00000179.png,000011_020_00000179.png,000011_020_00000179.txt,1080x1920x3,uint8,1080x1920x3,uint8,1080x1920,uint16,0,19999,0.3040345293209877,0.6959654706790124,0.0,0.0,2.218364197530864e-05,2.3177324533462524,21,
000011_027_00000001,000011_027_00000001.png,000011_027_00000001.png,000011_027_00000001.png,000011_027_00000001.txt,1080x1920x3,uint8,1080x1920x3,uint8,1080x1920,uint16,0,18780,0.11882040895061728,0.8811795910493827,0.0,0.0,8.680555555555556e-06,3.408239404360453,2,
000011_039_00000247,000011_039_00000247.png,000011_039_00000247.png,000011_039_00000247.png,000011_039_00000247.txt,1080x1920x3,uint8,1080x1920x3,uint8,1080x1920,uint16,0,18904,0.2538792438271605,0.7460826581790123,3.809799382716049e-05,0.0,3.18287037037037e-05,3.0728381872177124,2,
000012_003_00000226,000012_003_00000226.png,000012_003_00000226.png,000012_003_00000226.png,000012_003_00000226.txt,1080x1920x3,uint8,1080x1920x3,uint8,1080x1920,uint16,0,19999,0.40823929398148145,0.5917607060185185,0.0,0.0,0.0023644868827160494,1.7146511872609456,3,
000012_003_00000301,000012_003_00000301.png,000012_003_00000301.png,000012_003_00000301.png,000012_003_00000301.txt,1080x1920x3,uint8,1080x1920x3,uint8,1080x1920,uint16,0,19999,0.40826003086419754,0.5917399691358025,0.0,0.0,7.233796296296296e-05,1.3180500864982605,3,
000012_004_00000083,000012_004_00000083.png,000012_004_00000083.png,000012_004_00000083.png,000012_004_00000083.txt,1080x1920x3,uint8,1080x1920x3,uint8,1080x1920,uint16,0,19999,0.39490210262345676,0.6049397183641976,0.00015817901234567902,0.0,0.00011284722222222222,2.2368948459625244,5,
000012_004_00000329,000012_004_00000329.png,000012_004_00000329.png,000012_004_00000329.png,000012_004_00000329.txt,1080x1920x3,uint8,1080x1920x3,uint8,1080x1920,uint16,0,19999,0.34448640046296297,0.6555063657407407,7.2337962962962966e-06,0.0,9.886188271604939e-05,2.4478954474131265,4,
000012_005_00000001,000012_005_00000001.png,000012_005_00000001.png,000012_005_00000001.png,000012_005_00000001.txt,1080x1920x3,uint8,1080x1920x3,uint8,1080x1920,uint16,0,19999,0.19090277777777778,0.8090972222222222,0.0,0.0,5.304783950617284e-06,1.5268145402272542,2,
000012_008_00000163,000012_008_00000163.png,000012_008_00000163.png,000012_008_00000163.png,000012_008_00000163.txt,1080x1920x3,uint8,1080x1920x3,uint8,1080x1920,uint16,0,19999,0.3008748070987654,0.6991251929012345,0.0,0.0,2.3148148148148147e-05,2.722808361053467,15,
000012_009_00000163,000012_009_00000163.png,000012_009_00000163.png,000012_009_00000163.png,000012_009_00000163.txt,1080x1920x3,uint8,1080x1920x3,uint8,1080x1920,uint16,0,19999,0.3217042824074074,0.6782957175925926,0.0,0.0,3.2310956790123456e-05,2.7780330578486123,12,
000012_009_00000244,000012_009_00000244.png,000012_009_00000244.png,000012_009_00000244.png,000012_009_00000244.txt,1080x1920x3,uint8,1080x1920x3,uint8,1080x1920,uint16,0,19999,0.31138744212962965,0.6886125578703703,0.0,0.0,0.00013503086419753085,2.7257664601008096,15,
000012_009_00000325,000012_009_00000325.png,000012_009_00000325.png,000012_009_00000325.png,000012_009_00000325.txt,1080x1920x3,uint8,1080x1920x3,uint8,1080x1920,uint16,0,19999,0.3064183063271605,0.6935816936728395,0.0,0.0,0.00016348379629629628,2.7154432932535806,17,
000012_010_00000001,000012_010_00000001.png,000012_010_00000001.png,000012_010_00000001.png,000012_010_00000001.txt,1080x1920x3,uint8,1080x1920x3,uint8,1080x1920,uint16,0,19999,0.03681954089506173,0.9631804591049383,0.0,0.0,8.198302469135803e-06,1.0424189964930217,2,
000012_010_00000223,000012_010_00000223.png,000012_010_00000223.png,000012_010_00000223.png,000012_010_00000223.txt,1080x1920x3,uint8,1080x1920x3,uint8,1080x1920,uint16,0,19999,0.11456163194444445,0.8854383680555555,0.0,0.0,9.645061728395062e-07,1.194660524527232,1,
000012_010_00000297,000012_010_00000297.png,000012_010_00000297.png,000012_010_00000297.png,000012_010_00000297.txt,1080x1920x3,uint8,1080x1920x3,uint8,1080x1920,uint16,0,19999,0.12016444830246914,0.8798355516975309,0.0,0.0,1.9290123456790124e-06,1.1732118129730225,3,
000012_014_00000184,000012_014_00000184.png,000012_014_00000184.png,000012_014_00000184.png,000012_014_00000184.txt,1080x1920x3,uint8,1080x1920x3,uint8,1080x1920,uint16,0,19999,0.3735103202160494,0.6264896797839506,0.0,0.0,0.0,2.036271890004476,4,
000012_015_00000253,000012_015_00000253.png,000012_015_00000253.png,000012_015_00000253.png,000012_015_00000253.txt,1080x1920x3,uint8,1080x1920x3,uint8,1080x1920,uint16,0,19999,0.637479263117284,0.3625207368827161,0.0,0.0,1.6878858024691356e-05,1.8945154349009197,1,
000012_019_00000076,000012_019_00000076.png,000012_019_00000076.png,000012_019_00000076.png,000012_019_00000076.txt,1080x1920x3,uint8,1080x1920x3,uint8,1080x1920,uint16,0,13434,0.17335407021604937,0.8266459297839506,0.0,0.0,4.822530864197531e-06,1.547922134399414,6,
000012_019_00000151,000012_019_00000151.png,000012_019_00000151.png,000012_019_00000151.png,000012_019_00000151.txt,1080x1920x3,uint8,1080x1920x3,uint8,1080x1920,uint16,0,13167,0.1822998649691358,0.8177001350308643,0.0,0.0,0.0,1.7272312641143799,6,
000012_020_00000365,000012_020_00000365.png,000012_020_00000365.png,000012_020_00000365.png,000012_020_00000365.txt,1080x1920x3,uint8,1080x1920x3,uint8,1080x1920,uint16,0,19999,0.19242283950617284,0.8075771604938271,0.0,0.0,0.003185763888888889,1.1229944825172424,1,
000012_022_00000090,000012_022_00000090.png,000012_022_00000090.png,000012_022_00000090.png,000012_022_00000090.txt,1080x1920x3,uint8,1080x1920x3,uint8,1080x1920,uint16,0,19999,0.4286067708333333,0.5713932291666667,0.0,0.0,0.0,1.489662726720174,2,
000012_023_00000238,000012_023_00000238.png,000012_023_00000238.png,000012_023_00000238.png,000012_023_00000238.txt,1080x1920x3,uint8,1080x1920x3,uint8,1080x1920,uint16,0,19999,0.15736979166666668,0.8426302083333334,0.0,0.0,2.5559413580246914e-05,2.568241079648336,1,
000012_024_00000253,000012_024_00000253.png,000012_024_00000253.png,000012_024_00000253.png,000012_024_00000253.txt,1080x1920x3,uint8,1080x1920x3,uint8,1080x1920,uint16,0,19999,0.159164737654321,0.840835262345679,0.0,0.0,0.0003356481481481481,2.429877440134684,4,
000012_025_00000313,000012_025_00000313.png,000012_025_00000313.png,000012_025_00000313.png,000012_025_00000313.txt,1080x1920x3,uint8,1080x1920x3,uint8,1080x1920,uint16,0,19999,0.3087027391975309,0.6912972608024691,0.0,0.0,0.00011911651234567901,2.863661209742228,11,
000012_028_00000250,000012_028_00000250.png,000012_028_00000250.png,000012_028_00000250.png,000012_028_00000250.txt,1080x1920x3,uint8,1080x1920x3,uint8,1080x1920,uint16,0,19999,0.5239858217592592,0.4760108024691358,3.375771604938272e-06,0.0,6.26929012345679e-06,1.4528799851735432,2,
000012_028_00000333,000012_028_00000333.png,000012_028_00000333.png,000012_028_00000333.png,000012_028_00000333.txt,1080x1920x3,uint8,1080x1920x3,uint8,1080x1920,uint16,0,19999,0.5283695023148148,0.4713440393518519,0.00028645833333333333,0.0,4.340277777777778e-06,1.4633674224217732,2,
000012_031_00000001,000012_031_00000001.png,000012_031_00000001.png,000012_031_00000001.png,000012_031_00000001.txt,1080x1920x3,uint8,1080x1920x3,uint8,1080x1920,uint16,0,19999,0.39098524305555554,0.6090147569444444,0.0,0.0,1.253858024691358e-05,1.4286348819732666,10,
000012_034_00000321,000012_034_00000321.png,000012_034_00000321.png,000012_034_00000321.png,000012_034_00000321.txt,1080x1920x3,uint8,1080x1920x3,uint8,1080x1920,uint16,0,19999,0.40544029706790125,0.5945597029320988,0.0,0.0,4.822530864197531e-07,2.1653513511021933,4,
000012_035_00000244,000012_035_00000244.png,000012_035_00000244.png,000012_035_00000244.png,000012_035_00000244.txt,1080x1920x3,uint8,1080x1920x3,uint8,1080x1920,uint16,0,19999,0.587406925154321,0.41259307484567903,0.0,0.0,0.0,2.0565445025761924,2,
000013_001_00000001,000013_001_00000001.png,000013_001_00000001.png,000013_001_00000001.png,000013_001_00000001.txt,1080x1920x3,uint8,1080x1920x3,uint8,1080x1920,uint16,0,19999,0.4310103202160494,0.5689896797839507,0.0,0.0,5.594135802469136e-05,2.4110973676045737,4,
000013_001_00000071,000013_001_00000071.png,000013_001_00000071.png,000013_001_00000071.png,000013_001_00000071.txt,1080x1920x3,uint8,1080x1920x3,uint8,1080x1920,uint16,0,19999,0.4111549961419753,0.5888450038580247,0.0,0.0,8.101851851851852e-05,2.32717498143514,4,
000013_001_00000281,000013_001_00000281.png,000013_001_00000281.png,000013_001_00000281.png,000013_001_00000281.txt,1080x1920x3,uint8,1080x1920x3,uint8,1080x1920,uint16,0,19999,0.4750192901234568,0.5249807098765432,0.0,0.0,0.00026041666666666666,2.1483214696248374,5,
000013_001_suppl_00000354,000013_001_suppl_00000354.png,000013_001_suppl_00000354.png,000013_001_suppl_00000354.png,000013_001_suppl_00000354.txt,1080x1920x3,uint8,1080x1920x3,uint8,1080x1920,uint16,0,19999,0.4644164737654321,0.535583526234568,0.0,0.0,0.00033130787037037037,2.102934638659159,5,
000013_002_00000001,000013_002_00000001.png,000013_002_00000001.png,000013_002_00000001.png,000013_002_00000001.txt,1080x1920x3,uint8,1080x1920x3,uint8,1080x1920,uint16,0,19999,0.5025453317901235,0.49745466820987655,0.0,0.0,0.00014756944444444445,2.3533963759740195,3,
000013_002_00000281,000013_002_00000281.png,000013_002_00000281.png,000013_002_00000281.png,000013_002_00000281.txt,1080x1920x3,uint8,1080x1920x3,uint8,1080x1920,uint16,0,19999,0.5024816743827161,0.49751832561728393,0.0,0.0,5.304783950617284e-06,2.8041210174560547,4,
000013_004_00000159,000013_004_00000159.png,000013_004_00000159.png,000013_004_00000159.png,000013_004_00000159.txt,1080x1920x3,uint8,1080x1920x3,uint8,1080x1920,uint16,0,19999,0.319858699845679,0.680141300154321,0.0,0.0,4.822530864197531e-07,2.805103898048401,3,
000013_004_00000238,000013_004_00000238.png,000013_004_00000238.png,000013_004_00000238.png,000013_004_00000238.txt,1080x1920x3,uint8,1080x1920x3,uint8,1080x1920,uint16,0,19999,0.32922743055555553,0.6707725694444444,0.0,0.0,4.822530864197531e-07,2.5897019704182944,2,
000013_010_00000232,000013_010_00000232.png,000013_010_00000232.png,000013_010_00000232.png,000013_010_00000232.txt,1080x1920x3,uint8,1080x1920x3,uint8,1080x1920,uint16,0,19999,0.08785831404320987,0.9121416859567901,0.0,0.0,0.0,1.9893563191095989,5,
000013_011_00000076,000013_011_00000076.png,000013_011_00000076.png,000013_011_00000076.png,000013_011_00000076.txt,1080x1920x3,uint8,1080x1920x3,uint8,1080x1920,uint16,0,19999,0.08520302854938272,0.9147969714506173,0.0,0.0,0.0,1.3322299321492512,3,
000013_015_suppl_00000384,000013_015_suppl_00000384.png,000013_015_suppl_00000384.png,000013_015_suppl_00000384.png,000013_015_suppl_00000384.txt,1080x1920x3,uint8,1080x1920x3,uint8,1080x1920,uint16,0,19989,0.18325038580246913,0.8167496141975309,0.0,0.0,2.218364197530864e-05,2.1866463820139566,4,
000013_016_00000001,000013_016_00000001.png,000013_016_00000001.png,000013_016_00000001.png,000013_016_00000001.txt,1080x1920x3,uint8,1080x1920x3,uint8,1080x1920,uint16,0,19999,0.18803819444444445,0.8119618055555555,0.0,0.0,7.71604938271605e-06,2.082024852434794,2,
000013_016_suppl_00000381,000013_016_suppl_00000381.png,000013_016_suppl_00000381.png,000013_016_suppl_00000381.png,000013_016_suppl_00000381.txt,1080x1920x3,uint8,1080x1920x3,uint8,1080x1920,uint16,0,19998,0.13009596836419754,0.8699040316358024,0.0,0.0,0.000546875,1.9661432107289631,2,
000013_017_00000001,000013_017_00000001.png,000013_017_00000001.png,000013_017_00000001.png,000013_017_00000001.txt,1080x1920x3,uint8,1080x1920x3,uint8,1080x1920,uint16,0,15388,0.05216531635802469,0.9478346836419753,0.0,0.0,0.0,1.1372128923734028,2,
000013_017_00000063,000013_017_00000063.png,000013_017_00000063.png,000013_017_00000063.png,000013_017_00000063.txt,1080x1920x3,uint8,1080x1920x3,uint8,1080x1920,uint16,0,7764,0.05330777391975309,0.946692226080247,0.0,0.0,1.9290123456790124e-06,1.226270278294881,4,
000013_017_00000125,000013_017_00000125.png,000013_017_00000125.png,000013_017_00000125.png,000013_017_00000125.txt,1080x1920x3,uint8,1080x1920x3,uint8,1080x1920,uint16,0,19429,0.055323109567901235,0.9446768904320988,0.0,0.0,4.822530864197531e-07,1.2368319233258565,3,
000013_017_00000187,000013_017_00000187.png,000013_017_00000187.png,000013_017_00000187.png,000013_017_00000187.txt,1080x1920x3,uint8,1080x1920x3,uint8,1080x1920,uint16,0,15519,0.05757619598765432,0.9424238040123457,0.0,0.0,1.1574074074074073e-05,1.415568749109904,4,
000013_021_00000083,000013_021_00000083.png,000013_021_00000083.png,000013_021_00000083.png,000013_021_00000083.txt,1080x1920x3,uint8,1080x1920x3,uint8,1080x1920,uint16,0,19999,0.04933400848765432,0.9506659915123457,0.0,0.0,0.00011574074074074075,1.2919283509254456,8,
000013_023_00000001,000013_023_00000001.png,000013_023_00000001.png,000013_023_00000001.png,000013_023_00000001.txt,1080x1920x3,uint8,1080x1920x3,uint8,1080x1920,uint16,0,19702,0.05971064814814815,0.9402893518518518,0.0,0.0,3.520447530864198e-05,0.761421670516332,3,
000013_023_00000075,000013_023_00000075.png,000013_023_00000075.png,000013_023_00000075.png,000013_023_00000075.txt,1080x1920x3,uint8,1080x1920x3,uint8,1080x1920,uint16,0,15303,0.015282118055555556,0.9847178819444444,0.0,0.0,3.858024691358025e-06,0.8866618474324545,3,
000013_023_00000223,000013_023_00000223.png,000013_023_00000223.png,000013_023_00000223.png,000013_023_00000223.txt,1080x1920x3,uint8,1080x1920x3,uint8,1080x1920,uint16,0,19999,0.09643470293209877,0.9035652970679012,0.0,0.0,6.26929012345679e-06,1.019593636194865,3,
000013_025_00000001,000013_025_00000001.png,000013_025_00000001.png,000013_025_00000001.png,000013_025_00000001.txt,1080x1920x3,uint8,1080x1920x3,uint8,1080x1920,uint16,0,19999,0.1348775077160494,0.8651224922839507,0.0,0.0,0.0,0.9666058818499247,3,
000013_025_00000285,000013_025_00000285.png,000013_025_00000285.png,000013_025_00000285.png,000013_025_00000285.txt,1080x1920x3,uint8,1080x1920x3,uint8,1080x1920,uint16,0,19999,0.1792920524691358,0.8206626157407407,4.533179012345679e-05,0.0,0.0,0.9138371149698893,5,
000013_030_00000001,000013_030_00000001.png,000013_030_00000001.png,000013_030_00000001.png,000013_030_00000001.txt,1080x1920x3,uint8,1080x1920x3,uint8,1080x1920,uint16,0,19999,0.04904996141975309,0.950950038580247,0.0,0.0,2.36304012345679e-05,2.645745595296224,2,
000013_030_00000063,000013_030_00000063.png,000013_030_00000063.png,000013_030_00000063.png,000013_030_00000063.txt,1080x1920x3,uint8,1080x1920x3,uint8,1080x1920,uint16,0,19999,0.2267554012345679,0.7732445987654321,0.0,0.0,2.7006172839506174e-05,1.5744068225224812,2,
000013_030_00000187,000013_030_00000187.png,000013_030_00000187.png,000013_030_00000187.png,000013_030_00000187.txt,1080x1920x3,uint8,1080x1920x3,uint8,1080x1920,uint16,0,19972,0.03854070216049383,0.9614592978395061,0.0,0.0,6.558641975308642e-05,2.530346234639486,2,
000013_033_00000001,000013_033_00000001.png,000013_033_00000001.png,000013_033_00000001.png,000013_033_00000001.txt,1080x1920x3,uint8,1080x1920x3,uint8,1080x1920,uint16,0,19999,0.1220630787037037,0.8779369212962963,0.0,0.0,0.0,2.4697434504826865,4,
000013_034_00000001,000013_034_00000001.png,000013_034_00000001.png,000013_034_00000001.png,000013_034_00000001.txt,1080x1920x3,uint8,1080x1920x3,uint8,1080x1920,uint16,0,19999,0.5605251736111111,0.4394748263888889,0.0,0.0,2.8935185185185184e-06,1.5362403790156047,5,
000013_034_00000069,000013_034_00000069.png,000013_034_00000069.png,000013_034_00000069.png,000013_034_00000069.txt,1080x1920x3,uint8,1080x1920x3,uint8,1080x1920,uint16,0,19999,0.38777247299382717,0.6122275270061729,0.0,0.0,3.858024691358025e-06,1.5021573305130005,5,
000013_034_00000137,000013_034_00000137.png,000013_034_00000137.png,000013_034_00000137.png,000013_034_00000137.txt,1080x1920x3,uint8,1080x1920x3,uint8,1080x1920,uint16,0,19999,0.2747651427469136,0.7252348572530865,0.0,0.0,2.36304012345679e-05,1.479047695795695,3,
000013_034_00000205,000013_034_00000205.png,000013_034_00000205.png,000013_034_00000205.png,000013_034_00000205.txt,1080x1920x3,uint8,1080x1920x3,uint8,1080x1920,uint16,0,19999,0.0977854938271605,0.9022145061728395,0.0,0.0,6.076388888888889e-05,1.5165611902872722,2,
000013_034_00000273,000013_034_00000273.png,000013_034_00000273.png,000013_034_00000273.png,000013_034_00000273.txt,1080x1920x3,uint8,1080x1920x3,uint8,1080x1920,uint16,0,19999,0.14009934413580247,0.8599006558641975,0.0,0.0,3.375771604938272e-06,1.6084683736165364,2,
000013_036_00000208,000013_036_00000208.png,000013_036_00000208.png,000013_036_00000208.png,000013_036_00000208.txt,1080x1920x3,uint8,1080x1920x3,uint8,1080x1920,uint16,0,19999,0.3257257908950617,0.6742742091049383,0.0,0.0,2.8935185185185184e-06,1.918448766072591,2,
000013_039_00000063,000013_039_00000063.png,000013_039_00000063.png,000013_039_00000063.png,000013_039_00000063.txt,1080x1920x3,uint8,1080x1920x3,uint8,1080x1920,uint16,0,19999,0.5136699459876544,0.4863300540123457,0.0,0.0,2.507716049382716e-05,2.24069090684255,6,
000013_039_00000187,000013_039_00000187.png,000013_039_00000187.png,000013_039_00000187.png,000013_039_00000187.txt,1080x1920x3,uint8,1080x1920x3,uint8,1080x1920,uint16,0,19999,0.2968913966049383,0.7031086033950618,0.0,0.0,4.484953703703704e-05,1.8281774123509724,7,
000013_040_00000001,000013_040_00000001.png,000013_040_00000001.png,000013_040_00000001.png,000013_040_00000001.txt,1080x1920x3,uint8,1080x1920x3,uint8,1080x1920,uint16,0,19999,0.3083473186728395,0.6916526813271605,0.0,0.0,1.3020833333333334e-05,1.2445045709609985,3,
000013_040_suppl_00000167,000013_040_suppl_00000167.png,000013_040_suppl_00000167.png,000013_040_suppl_00000167.png,000013_040_suppl_00000167.txt,1080x1920x3,uint8,1080x1920x3,uint8,1080x1920,uint16,0,19999,0.36112895447530863,0.6388710455246913,0.0,0.0,0.0,1.4506066640218098,5,
000013_040_suppl_00000333,000013_040_suppl_00000333.png,000013_040_suppl_00000333.png,000013_040_suppl_00000333.png,000013_040_suppl_00000333.txt,1080x1920x3,uint8,1080x1920x3,uint8,1080x1920,uint16,0,19999,0.24469810956790122,0.7553018904320987,0.0,0.0,0.0,1.6825289726257324,5,
000013_044_00000001,000013_044_00000001.png,000013_044_00000001.png,000013_044_00000001.png,000013_044_00000001.txt,1080x1920x3,uint8,1080x1920x3,uint8,1080x1920,uint16,0,19999,0.44548707561728396,0.554512924382716,0.0,0.0,7.2337962962962966e-06,1.8025212287902832,8,
000013_045_00000343,000013_045_00000343.png,000013_045_00000343.png,000013_045_00000343.png,000013_045_00000343.txt,1080x1920x3,uint8,1080x1920x3,uint8,1080x1920,uint16,0,19999,0.05642264660493827,0.9435773533950618,0.0,0.0,4.822530864197531e-07,1.3289287288983662,2,
000013_045_00000457,000013_045_00000457.png,000013_045_00000457.png,000013_045_00000457.png,000013_045_00000457.txt,1080x1920x3,uint8,1080x1920x3,uint8,1080x1920,uint16,0,19999,0.20444685570987653,0.7955531442901235,0.0,0.0,4.822530864197531e-07,1.431406577428182,7,
000013_045_suppl_00000571,000013_045_suppl_00000571.png,000013_045_suppl_00000571.png,000013_045_suppl_00000571.png,000013_045_suppl_00000571.txt,1080x1920x3,uint8,1080x1920x3,uint8,1080x1920,uint16,0,19999,0.14096884645061727,0.8590311535493828,0.0,0.0,3.134645061728395e-05,1.780806024869283,9,
000013_046_00000001,000013_046_00000001.png,000013_046_00000001.png,000013_046_00000001.png,000013_046_00000001.txt,1080x1920x3,uint8,1080x1920x3,uint8,1080x1920,uint16,0,19999,0.24428096064814814,0.7557190393518518,0.0,0.0,1.4949845679012346e-05,2.5045283238093057,4,
000013_046_00000135,000013_046_00000135.png,000013_046_00000135.png,000013_046_00000135.png,000013_046_00000135.txt,1080x1920x3,uint8,1080x1920x3,uint8,1080x1920,uint16,0,19999,0.23342930169753087,0.7665706983024692,0.0,0.0,4.822530864197531e-06,2.3237650791803994,6,
000013_046_00000202,000013_046_00000202.png,000013_046_00000202.png,000013_046_00000202.png,000013_046_00000202.txt,1080x1920x3,uint8,1080x1920x3,uint8,1080x1920,uint16,0,19999,0.2098659336419753,0.7901340663580247,0.0,0.0,5.787037037037037e-06,2.3206326961517334,4,
000013_047_00000223,000013_047_00000223.png,000013_047_00000223.png,000013_047_00000223.png,000013_047_00000223.txt,1080x1920x3,uint8,1080x1920x3,uint8,1080x1920,uint16,0,19999,0.3617582947530864,0.6382417052469136,0.0,0.0,3.2310956790123456e-05,1.421147108078003,6,
000013_048_00000001,000013_048_00000001.png,000013_048_00000001.png,000013_048_00000001.png,000013_048_00000001.txt,1080x1920x3,uint8,1080x1920x3,uint8,1080x1920,uint16,0,19999,0.6636863425925926,0.33631365740740743,0.0,0.0,1.398533950617284e-05,2.846605896949768,3,
000013_048_00000072,000013_048_00000072.png,000013_048_00000072.png,000013_048_00000072.png,000013_048_00000072.txt,1080x1920x3,uint8,1080x1920x3,uint8,1080x1920,uint16,0,19999,0.6957740162037037,0.3042259837962963,0.0,0.0,6.896219135802469e-05,2.4850990772247314,3,
000013_048_suppl_00000180,000013_048_suppl_00000180.png,000013_048_suppl_00000180.png,000013_048_suppl_00000180.png,000013_048_suppl_00000180.txt,1080x1920x3,uint8,1080x1920x3,uint8,1080x1920,uint16,0,19999,0.5707547260802469,0.4292452739197531,0.0,0.0,0.0002493248456790123,3.370534658432007,4,
000013_048_suppl_00000359,000013_048_suppl_00000359.png,000013_048_suppl_00000359.png,000013_048_suppl_00000359.png,000013_048_suppl_00000359.txt,1080x1920x3,uint8,1080x1920x3,uint8,1080x1920,uint16,0,19999,0.6300718557098766,0.36992814429012344,0.0,0.0,0.00010706018518518519,1.9892991185188293,4,
000013_052_00000065,000013_052_00000065.png,000013_052_00000065.png,000013_052_00000065.png,000013_052_00000065.txt,1080x1920x3,uint8,1080x1920x3,uint8,1080x1920,uint16,0,19999,0.07987991898148149,0.9201200810185185,0.0,0.0,1.2056327160493826e-05,3.654707749684652,3,
000013_052_00000193,000013_052_00000193.png,000013_052_00000193.png,000013_052_00000193.png,000013_052_00000193.txt,1080x1920x3,uint8,1080x1920x3,uint8,1080x1920,uint16,0,19999,0.09597704475308642,0.9040229552469136,0.0,0.0,1.253858024691358e-05,3.576918443044027,1,
000013_052_suppl_00000162,000013_052_suppl_00000162.png,000013_052_suppl_00000162.png,000013_052_suppl_00000162.png,000013_052_suppl_00000162.txt,1080x1920x3,uint8,1080x1920x3,uint8,1080x1920,uint16,0,15849,0.04916087962962963,0.9508391203703703,0.0,0.0,5.787037037037037e-05,3.6369531949361167,3,
000013_052_suppl_00000323,000013_052_suppl_00000323.png,000013_052_suppl_00000323.png,000013_052_suppl_00000323.png,000013_052_suppl_00000323.txt,1080x1920x3,uint8,1080x1920x3,uint8,1080x1920,uint16,0,19999,0.1992529899691358,0.8007470100308642,0.0,0.0,6.896219135802469e-05,3.252285877863566,1,
000013_053_suppl_00000179,000013_053_suppl_00000179.png,000013_053_suppl_00000179.png,000013_053_suppl_00000179.png,000013_053_suppl_00000179.txt,1080x1920x3,uint8,1080x1920x3,uint8,1080x1920,uint16,0,19999,0.10075761959876543,0.8992423804012346,0.0,0.0,0.0,2.9901678562164307,6,
000013_055_00000001,000013_055_00000001.png,000013_055_00000001.png,000013_055_00000001.png,000013_055_00000001.txt,1080x1920x3,uint8,1080x1920x3,uint8,1080x1920,uint16,0,19999,0.5475188078703703,0.4524811921296296,0.0,0.0,0.0013618827160493828,1.8270888328552246,2,
000013_055_00000241,000013_055_00000241.png,000013_055_00000241.png,000013_055_00000241.png,000013_055_00000241.txt,1080x1920x3,uint8,1080x1920x3,uint8,1080x1920,uint16,0,19999,0.5459157986111111,0.4540842013888889,0.0,0.0,4.1956018518518515e-05,1.9342444737752278,5,
000013_055_suppl_00000300,000013_055_suppl_00000300.png,000013_055_suppl_00000300.png,000013_055_suppl_00000300.png,000013_055_suppl_00000300.txt,1080x1920x3,uint8,1080x1920x3,uint8,1080x1920,uint16,0,19999,0.49820987654320986,0.5017901234567901,0.0,0.0,0.0002136381172839506,1.9129501183827717,2,
000013_056_00000071,000013_056_00000071.png,000013_056_00000071.png,000013_056_00000071.png,000013_056_00000071.txt,1080x1920x3,uint8,1080x1920x3,uint8,1080x1920,uint16,0,19999,0.30485098379629627,0.6951490162037037,0.0,0.0,1.1574074074074073e-05,1.5652604500452678,7,
000013_056_00000281,000013_056_00000281.png,000013_056_00000281.png,000013_056_00000281.png,000013_056_00000281.txt,1080x1920x3,uint8,1080x1920x3,uint8,1080x1920,uint16,0,19999,0.38144386574074074,0.6185517939814815,4.340277777777778e-06,0.0,0.0,1.5875591437021892,11,
000014_002_00000067,000014_002_00000067.png,000014_002_00000067.png,000014_002_00000067.png,000014_002_00000067.txt,1080x1920x3,uint8,1080x1920x3,uint8,1080x1920,uint16,0,19999,0.14201871141975309,0.8579812885802469,0.0,0.0,0.00025028935185185186,2.973454475402832,14,
000014_002_suppl_00000167,000014_002_suppl_00000167.png,000014_002_suppl_00000167.png,000014_002_suppl_00000167.png,000014_002_suppl_00000167.txt,1080x1920x3,uint8,1080x1920x3,uint8,1080x1920,uint16,0,19999,0.16969618055555555,0.8303038194444444,0.0,0.0,0.00013695987654320987,3.185194452603658,9,
000014_011_00000060,000014_011_00000060.png,000014_011_00000060.png,000014_011_00000060.png,000014_011_00000060.txt,1080x1920x3,uint8,1080x1920x3,uint8,1080x1920,uint16,0,19999,0.09455102237654321,0.9054489776234568,0.0,0.0,0.0002044753086419753,1.4498977462450664,1,
000014_012_00000217,000014_012_00000217.png,000014_012_00000217.png,000014_012_00000217.png,000014_012_00000217.txt,1080x1920x3,uint8,1080x1920x3,uint8,1080x1920,uint16,0,19999,0.09175154320987654,0.9082484567901234,0.0,0.0,0.0001326195987654321,1.6038342118263245,4,
000014_014_00000072,000014_014_00000072.png,000014_014_00000072.png,000014_014_00000072.png,000014_014_00000072.txt,1080x1920x3,uint8,1080x1920x3,uint8,1080x1920,uint16,0,18175,0.0571117862654321,0.9428882137345679,0.0,0.0,8.005401234567901e-05,0.7605719566345215,2,
000014_014_suppl_00000356,000014_014_suppl_00000356.png,000014_014_suppl_00000356.png,000014_014_suppl_00000356.png,000014_014_suppl_00000356.txt,1080x1920x3,uint8,1080x1920x3,uint8,1080x1920,uint16,0,14478,0.09489438657407408,0.9051056134259259,0.0,0.0,0.0019203317901234568,1.1528436938921611,2,
000014_015_00000285,000014_015_00000285.png,000014_015_00000285.png,000014_015_00000285.png,000014_015_00000285.txt,1080x1920x3,uint8,1080x1920x3,uint8,1080x1920,uint16,0,19999,0.035481770833333336,0.9645182291666666,0.0,0.0,0.0,2.727060834566752,2,
000014_016_00000001,000014_016_00000001.png,000014_016_00000001.png,000014_016_00000001.png,000014_016_00000001.txt,1080x1920x3,uint8,1080x1920x3,uint8,1080x1920,uint16,0,19999,0.24134259259259258,0.7586574074074074,0.0,0.0,7.330246913580247e-05,1.5229295094807942,1,
000014_016_suppl_00000354,000014_016_suppl_00000354.png,000014_016_suppl_00000354.png,000014_016_suppl_00000354.png,000014_016_suppl_00000354.txt,1080x1920x3,uint8,1080x1920x3,uint8,1080x1920,uint16,0,19999,0.23516975308641974,0.7648302469135803,0.0,0.0,0.00011477623456790124,1.345154345035553,2,
000014_018_00000143,000014_018_00000143.png,000014_018_00000143.png,000014_018_00000143.png,000014_018_00000143.txt,1080x1920x3,uint8,1080x1920x3,uint8,1080x1920,uint16,0,19999,0.44479359567901233,0.5552064043209877,0.0,0.0,0.03140673225308642,0.7957156499226888,2,
000014_020_suppl_00000370,000014_020_suppl_00000370.png,000014_020_suppl_00000370.png,000014_020_suppl_00000370.png,000014_020_suppl_00000370.txt,1080x1920x3,uint8,1080x1920x3,uint8,1080x1920,uint16,0,19999,0.4584331597222222,0.5415668402777778,0.0,0.0,9.837962962962963e-05,1.80932613213857,1,
000014_022_00000069,000014_022_00000069.png,000014_022_00000069.png,000014_022_00000069.png,000014_022_00000069.txt,1080x1920x3,uint8,1080x1920x3,uint8,1080x1920,uint16,0,19999,0.42258728780864196,0.577412712191358,0.0,0.0,0.0007195216049382716,2.509828289349874,8,
000014_022_suppl_00000340,000014_022_suppl_00000340.png,000014_022_suppl_00000340.png,000014_022_suppl_00000340.png,000014_022_suppl_00000340.txt,1080x1920x3,uint8,1080x1920x3,uint8,1080x1920,uint16,0,19999,0.6723572530864198,0.32764274691358025,0.0,0.0,8.921682098765432e-05,2.5077404975891113,4,
000014_023_00000208,000014_023_00000208.png,000014_023_00000208.png,000014_023_00000208.png,000014_023_00000208.txt,1080x1920x3,uint8,1080x1920x3,uint8,1080x1920,uint16,0,19999,0.13568287037037038,0.8643171296296296,0.0,0.0,3.375771604938272e-06,1.5746984084447224,4,
000014_023_00000277,000014_023_00000277.png,000014_023_00000277.png,000014_023_00000277.png,000014_023_00000277.txt,1080x1920x3,uint8,1080x1920x3,uint8,1080x1920,uint16,0,19999,0.08974585262345679,0.9102541473765432,0.0,0.0,0.0,1.4848906993865967,2,
000014_023_suppl_00000174,000014_023_suppl_00000174.png,000014_023_suppl_00000174.png,000014_023_suppl_00000174.png,000014_023_suppl_00000174.txt,1080x1920x3,uint8,1080x1920x3,uint8,1080x1920,uint16,0,19999,0.08446566358024692,0.9155343364197531,0.0,0.0,2.4112654320987653e-05,1.3797524372736614,2,
000014_023_suppl_00000346,000014_023_suppl_00000346.png,000014_023_suppl_00000346.png,000014_023_suppl_00000346.png,000014_023_suppl_00000346.txt,1080x1920x3,uint8,1080x1920x3,uint8,1080x1920,uint16,0,19999,0.12699122299382717,0.8730087770061729,0.0,0.0,2.4112654320987654e-06,1.4855317672093709,4,
000014_024_00000071,000014_024_00000071.png,000014_024_00000071.png,000014_024_00000071.png,000014_024_00000071.txt,1080x1920x3,uint8,1080x1920x3,uint8,1080x1920,uint16,0,12394,0.04837094907407408,0.951629050925926,0.0,0.0,1.4467592592592592e-06,2.5845579306284585,1,
000014_025_00000184,000014_025_00000184.png,000014_025_00000184.png,000014_025_00000184.png,000014_025_00000184.txt,1080x1920x3,uint8,1080x1920x3,uint8,1080x1920,uint16,0,19999,0.16404272762345679,0.8359572723765432,0.0,0.0,0.0002594521604938272,1.6271938880284627,4,
000014_025_suppl_00000308,000014_025_suppl_00000308.png,000014_025_suppl_00000308.png,000014_025_suppl_00000308.png,000014_025_suppl_00000308.txt,1080x1920x3,uint8,1080x1920x3,uint8,1080x1920,uint16,0,19999,0.21051408179012346,0.7894859182098766,0.0,0.0,1.109182098765432e-05,1.6315740744272869,4,
000014_026_00000064,000014_026_00000064.png,000014_026_00000064.png,000014_026_00000064.png,000014_026_00000064.txt,1080x1920x3,uint8,1080x1920x3,uint8,1080x1920,uint16,0,19998,0.05727092978395062,0.9427290702160493,0.0,0.0,7.18557098765432e-05,1.7504262924194336,5,
000014_026_00000127,000014_026_00000127.png,000014_026_00000127.png,000014_026_00000127.png,000014_026_00000127.txt,1080x1920x3,uint8,1080x1920x3,uint8,1080x1920,uint16,0,19999,0.060259452160493825,0.9397405478395062,0.0,0.0,0.005752314814814815,2.473339398701986,9,
000014_026_00000190,000014_026_00000190.png,000014_026_00000190.png,000014_026_00000190.png,000014_026_00000190.txt,1080x1920x3,uint8,1080x1920x3,uint8,1080x1920,uint16,0,19999,0.0618798225308642,0.9381201774691358,0.0,0.0,0.004389949845679013,2.6836464405059814,7,
000014_026_suppl_00000160,000014_026_suppl_00000160.png,000014_026_suppl_00000160.png,000014_026_suppl_00000160.png,000014_026_suppl_00000160.txt,1080x1920x3,uint8,1080x1920x3,uint8,1080x1920,uint16,0,19999,0.05955005787037037,0.9404499421296296,0.0,0.0,0.004539448302469135,2.4208224217096963,7,
000014_032_00000068,000014_032_00000068.png,000014_032_00000068.png,000014_032_00000068.png,000014_032_00000068.txt,1080x1920x3,uint8,1080x1920x3,uint8,1080x1920,uint16,0,19999,0.3299754050925926,0.6700245949074074,0.0,0.0,0.007514949845679012,1.4192946354548137,1,
000014_035_00000199,000014_035_00000199.png,000014_035_00000199.png,000014_035_00000199.png,000014_035_00000199.txt,1080x1920x3,uint8,1080x1920x3,uint8,1080x1920,uint16,0,19958,0.08649594907407407,0.9135040509259259,0.0,0.0,0.0,1.3910844127337139,3,
000014_037_00000271,000014_037_00000271.png,000014_037_00000271.png,000014_037_00000271.png,000014_037_00000271.txt,1080x1920x3,uint8,1080x1920x3,uint8,1080x1920,uint16,0,19990,0.37350983796296294,0.626490162037037,0.0,0.0,2.845293209876543e-05,1.6766341924667358,7,
000014_037_suppl_00000451,000014_037_suppl_00000451.png,000014_037_suppl_00000451.png,000014_037_suppl_00000451.png,000014_037_suppl_00000451.txt,1080x1920x3,uint8,1080x1920x3,uint8,1080x1920,uint16,0,19999,0.316400462962963,0.683599537037037,0.0,0.0,7.860725308641976e-05,1.2706433137257893,4,
000014_045_suppl_00000390,000014_045_suppl_00000390.png,000014_045_suppl_00000390.png,000014_045_suppl_00000390.png,000014_045_suppl_00000390.txt,1080x1920x3,uint8,1080x1920x3,uint8,1080x1920,uint16,0,19999,0.44135706018518517,0.5586429398148148,0.0,0.0,1.398533950617284e-05,1.2657886346181233,8,
000014_047_00000139,000014_047_00000139.png,000014_047_00000139.png,000014_047_00000139.png,000014_047_00000139.txt,1080x1920x3,uint8,1080x1920x3,uint8,1080x1920,uint16,0,19999,0.39210744598765435,0.6078925540123457,0.0,0.0,9.741512345679012e-05,2.1432522932688394,8,
000014_047_00000208,000014_047_00000208.png,000014_047_00000208.png,000014_047_00000208.png,000014_047_00000208.txt,1080x1920x3,uint8,1080x1920x3,uint8,1080x1920,uint16,0,19999,0.5065465856481481,0.49345341435185186,0.0,0.0,0.002482156635802469,2.4266043106714883,5,
000014_047_suppl_00000349,000014_047_suppl_00000349.png,000014_047_suppl_00000349.png,000014_047_suppl_00000349.png,000014_047_suppl_00000349.txt,1080x1920x3,uint8,1080x1920x3,uint8,1080x1920,uint16,0,19999,0.27211275077160496,0.7278872492283951,0.0,0.0,3.520447530864198e-05,2.1740297079086304,3,
000014_049_suppl_00000180,000014_049_suppl_00000180.png,000014_049_suppl_00000180.png,000014_049_suppl_00000180.png,000014_049_suppl_00000180.txt,1080x1920x3,uint8,1080x1920x3,uint8,1080x1920,uint16,0,19999,0.3103375771604938,0.6896624228395062,0.0,0.0,4.0027006172839503e-05,1.9464972416559856,3,
000014_050_00000001,000014_050_00000001.png,000014_050_00000001.png,000014_050_00000001.png,000014_050_00000001.txt,1080x1920x3,uint8,1080x1920x3,uint8,1080x1920,uint16,0,19999,0.41834876543209876,0.5816512345679012,0.0,0.0,0.00010754243827160494,1.391126235326131,10,
000014_050_00000137,000014_050_00000137.png,000014_050_00000137.png,000014_050_00000137.png,000014_050_00000137.txt,1080x1920x3,uint8,1080x1920x3,uint8,1080x1920,uint16,0,19999,0.3659100115740741,0.6340899884259259,0.0,0.0,9.596836419753087e-05,1.3958555261294048,3,
000014_050_00000273,000014_050_00000273.png,000014_050_00000273.png,000014_050_00000273.png,000014_050_00000273.txt,1080x1920x3,uint8,1080x1920x3,uint8,1080x1920,uint16,0,19999,0.41507185570987654,0.5849281442901234,0.0,0.0,0.0003076774691358025,1.497814416885376,6,
000014_050_suppl_00000172,000014_050_suppl_00000172.png,000014_050_suppl_00000172.png,000014_050_suppl_00000172.png,000014_050_suppl_00000172.txt,1080x1920x3,uint8,1080x1920x3,uint8,1080x1920,uint16,0,19999,0.34088975694444446,0.6591102430555555,0.0,0.0,0.00041039737654320987,1.4252665042877197,3,
000014_051_suppl_00000171,000014_051_suppl_00000171.png,000014_051_suppl_00000171.png,000014_051_suppl_00000171.png,000014_051_suppl_00000171.txt,1080x1920x3,uint8,1080x1920x3,uint8,1080x1920,uint16,0,19999,0.4109399112654321,0.5890600887345679,0.0,0.0,0.0005217978395061729,1.458174506823222,5,
000014_051_suppl_00000341,000014_051_suppl_00000341.png,000014_051_suppl_00000341.png,000014_051_suppl_00000341.png,000014_051_suppl_00000341.txt,1080x1920x3,uint8,1080x1920x3,uint8,1080x1920,uint16,0,19999,0.4518137538580247,0.5481862461419753,0.0,0.0,0.004189332561728395,1.5990540981292725,4,
000014_052_00000001,000014_052_00000001.png,000014_052_00000001.png,000014_052_00000001.png,000014_052_00000001.txt,1080x1920x3,uint8,1080x1920x3,uint8,1080x1920,uint16,0,19999,0.2633699845679012,0.7366300154320987,0.0,0.0,0.0002097800925925926,1.7906822363535564,4,
000014_052_00000131,000014_052_00000131.png,000014_052_00000131.png,000014_052_00000131.png,000014_052_00000131.txt,1080x1920x3,uint8,1080x1920x3,uint8,1080x1920,uint16,0,19999,0.20081404320987653,0.7991859567901235,0.0,0.0,0.0017399691358024692,1.8328057527542114,4,
000014_052_00000196,000014_052_00000196.png,000014_052_00000196.png,000014_052_00000196.png,000014_052_00000196.txt,1080x1920x3,uint8,1080x1920x3,uint8,1080x1920,uint16,0,19999,0.143774112654321,0.8562258873456791,0.0,0.0,0.0003988233024691358,1.4854719440142314,4,
000014_052_00000261,000014_052_00000261.png,000014_052_00000261.png,000014_052_00000261.png,000014_052_00000261.txt,1080x1920x3,uint8,1080x1920x3,uint8,1080x1920,uint16,0,19999,0.10506751543209876,0.8949324845679012,0.0,0.0,0.0009495563271604938,1.4997228582700093,4,
000014_052_suppl_00000164,000014_052_suppl_00000164.png,000014_052_suppl_00000164.png,000014_052_suppl_00000164.png,000014_052_suppl_00000164.txt,1080x1920x3,uint8,1080x1920x3,uint8,1080x1920,uint16,0,19999,0.15536313657407408,0.8446368634259259,0.0,0.0,0.0014072145061728395,1.5605903069178264,5,
000014_053_suppl_00000165,000014_053_suppl_00000165.png,000014_053_suppl_00000165.png,000014_053_suppl_00000165.png,000014_053_suppl_00000165.txt,1080x1920x3,uint8,1080x1920x3,uint8,1080x1920,uint16,0,19999,0.3248871527777778,0.6751128472222222,0.0,0.0,2.7006172839506174e-05,3.171705881754557,12,
000014_060_00000001,000014_060_00000001.png,000014_060_00000001.png,000014_060_00000001.png,000014_060_00000001.txt,1080x1920x3,uint8,1080x1920x3,uint8,1080x1920,uint16,0,19999,0.07571903935185186,0.9242809606481481,0.0,0.0,0.0,1.2115422288576763,5,
000014_060_00000205,000014_060_00000205.png,000014_060_00000205.png,000014_060_00000205.png,000014_060_00000205.txt,1080x1920x3,uint8,1080x1920x3,uint8,1080x1920,uint16,0,19999,0.04450424382716049,0.9554957561728395,0.0,0.0,3.279320987654321e-05,0.9601481954256693,4,
000014_062_00000001,000014_062_00000001.png,000014_062_00000001.png,000014_062_00000001.png,000014_062_00000001.txt,1080x1920x3,uint8,1080x1920x3,uint8,1080x1920,uint16,0,19999,0.16177613811728395,0.838223861882716,0.0,0.0,2.797067901234568e-05,1.5313782294591267,7,
000014_062_suppl_00000174,000014_062_suppl_00000174.png,000014_062_suppl_00000174.png,000014_062_suppl_00000174.png,000014_062_suppl_00000174.txt,1080x1920x3,uint8,1080x1920x3,uint8,1080x1920,uint16,0,19999,0.04486014660493827,0.9551398533950617,0.0,0.0,0.0,0.9583925008773804,5,
000014_064_00000001,000014_064_00000001.png,000014_064_00000001.png,000014_064_00000001.png,000014_064_00000001.txt,1080x1920x3,uint8,1080x1920x3,uint8,1080x1920,uint16,0,19992,0.056126060956790125,0.9438739390432099,0.0,0.0,0.00018229166666666667,1.5366068681081135,2,
000014_064_00000135,000014_064_00000135.png,000014_064_00000135.png,000014_064_00000135.png,000014_064_00000135.txt,1080x1920x3,uint8,1080x1920x3,uint8,1080x1920,uint16,0,19999,0.06412519290123457,0.9358748070987655,0.0,0.0,2.7006172839506174e-05,2.043044924736023,2,
000014_069_suppl_00000350,000014_069_suppl_00000350.png,000014_069_suppl_00000350.png,000014_069_suppl_00000350.png,000014_069_suppl_00000350.txt,1080x1920x3,uint8,1080x1920x3,uint8,1080x1920,uint16,0,19999,0.16943479938271605,0.830565200617284,0.0,0.0,0.0,1.277161459128062,1,
000015_004_00000090,000015_004_00000090.png,000015_004_00000090.png,000015_004_00000090.png,000015_004_00000090.txt,1080x1920x3,uint8,1080x1920x3,uint8,1080x1920,uint16,0,19999,0.15215856481481482,0.8478414351851852,0.0,0.0,0.0,1.8541798988978069,3,
000015_004_00000179,000015_004_00000179.png,000015_004_00000179.png,000015_004_00000179.png,000015_004_00000179.txt,1080x1920x3,uint8,1080x1920x3,uint8,1080x1920,uint16,0,19999,0.1331375385802469,0.8668624614197531,0.0,0.0,0.0009423225308641975,1.822719931602478,4,
000015_004_00000268,000015_004_00000268.png,000015_004_00000268.png,000015_004_00000268.png,000015_004_00000268.txt,1080x1920x3,uint8,1080x1920x3,uint8,1080x1920,uint16,0,19999,0.1348683449074074,0.8651316550925926,0.0,0.0,0.0011554783950617285,1.6857571204503377,3,
000015_004_suppl_00000223,000015_004_suppl_00000223.png,000015_004_suppl_00000223.png,000015_004_suppl_00000223.png,000015_004_suppl_00000223.txt,1080x1920x3,uint8,1080x1920x3,uint8,1080x1920,uint16,0,19999,0.13293113425925926,0.8670688657407407,0.0,0.0,8.198302469135803e-06,1.8209503491719563,3,
000015_008_00000001,000015_008_00000001.png,000015_008_00000001.png,000015_008_00000001.png,000015_008_00000001.txt,1080x1920x3,uint8,1080x1920x3,uint8,1080x1920,uint16,0,19999,0.12425684799382716,0.8757431520061728,0.0,0.0,0.010797164351851851,1.1813275218009949,2,
000015_009_00000001,000015_009_00000001.png,000015_009_00000001.png,000015_009_00000001.png,000015_009_00000001.txt,1080x1920x3,uint8,1080x1920x3,uint8,1080x1920,uint16,0,19999,0.059261670524691355,0.9407383294753087,0.0,0.0,0.0,1.2160757382710774,3,
000016,000016.png,000016.png,000016.png,000016.txt,1080x1920x3,uint8,1080x1920x3,uint8,1080x1920,uint16,0,19999,0.06293306327160494,0.937066936728395,0.0,0.0,0.0788208912037037,0.25823624432086945,7,
000016_001_00000001,000016_001_00000001.png,000016_001_00000001.png,000016_001_00000001.png,000016_001_00000001.txt,1080x1920x3,uint8,1080x1920x3,uint8,1080x1920,uint16,0,19999,0.02193528163580247,0.9780647183641975,0.0,0.0,0.0,1.6138956546783447,1,
000016_001_00000068,000016_001_00000068.png,000016_001_00000068.png,000016_001_00000068.png,000016_001_00000068.txt,1080x1920x3,uint8,1080x1920x3,uint8,1080x1920,uint16,0,19999,0.02263069058641975,0.9773693094135802,0.0,0.0,4.822530864197531e-07,1.4095897674560547,1,
000016_001_00000202,000016_001_00000202.png,000016_001_00000202.png,000016_001_00000202.png,000016_001_00000202.txt,1080x1920x3,uint8,1080x1920x3,uint8,1080x1920,uint16,0,19997,0.03111159336419753,0.9688884066358024,0.0,0.0,4.822530864197531e-07,1.6775190035502117,1,
000016_001_00000269,000016_001_00000269.png,000016_001_00000269.png,000016_001_00000269.png,000016_001_00000269.txt,1080x1920x3,uint8,1080x1920x3,uint8,1080x1920,uint16,0,19998,0.06362364969135803,0.936376350308642,0.0,0.0,3.375771604938272e-06,1.6700780789057414,1,
000016_003_suppl_00000166,000016_003_suppl_00000166.png,000016_003_suppl_00000166.png,000016_003_suppl_00000166.png,000016_003_suppl_00000166.txt,1080x1920x3,uint8,1080x1920x3,uint8,1080x1920,uint16,0,19999,0.25643952546296295,0.743560474537037,0.0,0.0,4.340277777777778e-06,3.209230661392212,1,
000016_006_00000001,000016_006_00000001.png,000016_006_00000001.png,000016_006_00000001.png,000016_006_00000001.txt,1080x1920x3,uint8,1080x1920x3,uint8,1080x1920,uint16,0,19999,0.26741512345679014,0.7325848765432099,0.0,0.0,3.858024691358025e-06,2.0834639072418213,4,
000016_006_00000253,000016_006_00000253.png,000016_006_00000253.png,000016_006_00000253.png,000016_006_00000253.txt,1080x1920x3,uint8,1080x1920x3,uint8,1080x1920,uint16,0,19999,0.25518663194444446,0.7448133680555555,0.0,0.0,1.9290123456790124e-06,1.9821697473526,4,
000016_008_00000133,000016_008_00000133.png,000016_008_00000133.png,000016_008_00000133.png,000016_008_00000133.txt,1080x1920x3,uint8,1080x1920x3,uint8,1080x1920,uint16,0,19999,0.4211062885802469,0.5788937114197531,0.0,0.0,3.375771604938272e-06,2.954556941986084,4,
000016_008_00000265,000016_008_00000265.png,000016_008_00000265.png,000016_008_00000265.png,000016_008_00000265.txt,1080x1920x3,uint8,1080x1920x3,uint8,1080x1920,uint16,0,19999,0.2690668402777778,0.7309331597222222,0.0,0.0,3.375771604938272e-06,2.127256910006205,4,
000016_008_suppl_00000331,000016_008_suppl_00000331.png,000016_008_suppl_00000331.png,000016_008_suppl_00000331.png,000016_008_suppl_00000331.txt,1080x1920x3,uint8,1080x1920x3,uint8,1080x1920,uint16,0,19999,0.26276909722222225,0.7372309027777778,0.0,0.0,9.645061728395062e-07,1.981500466664632,4,
000016_009_00000001,000016_009_00000001.png,000016_009_00000001.png,000016_009_00000001.png,000016_009_00000001.txt,1080x1920x3,uint8,1080x1920x3,uint8,1080x1920,uint16,0,19999,0.7068561921296296,0.29314380787037037,0.0,0.0,7.860725308641976e-05,1.9084182182947795,2,
000016_015_00000129,000016_015_00000129.png,000016_015_00000129.png,000016_015_00000129.png,000016_015_00000129.txt,1080x1920x3,uint8,1080x1920x3,uint8,1080x1920,uint16,0,19999,0.2048244598765432,0.7951755401234568,0.0,0.0,9.645061728395062e-06,2.778628428777059,2,
000016_016_00000065,000016_016_00000065.png,000016_016_00000065.png,000016_016_00000065.png,000016_016_00000065.txt,1080x1920x3,uint8,1080x1920x3,uint8,1080x1920,uint16,0,16053,0.047857831790123456,0.9521421682098765,0.0,0.0,7.233796296296296e-05,2.714261770248413,2,
000016_016_00000129,000016_016_00000129.png,000016_016_00000129.png,000016_016_00000129.png,000016_016_00000129.txt,1080x1920x3,uint8,1080x1920x3,uint8,1080x1920,uint16,0,9210,0.045564236111111114,0.9544357638888888,0.0,0.0,7.089120370370371e-05,2.7335313161214194,2,
000016_016_00000257,000016_016_00000257.png,000016_016_00000257.png,000016_016_00000257.png,000016_016_00000257.txt,1080x1920x3,uint8,1080x1920x3,uint8,1080x1920,uint16,0,18853,0.04933786651234568,0.9506621334876543,0.0,0.0,6.896219135802469e-05,2.889115492502848,1,
000016_016_suppl_00000324,000016_016_suppl_00000324.png,000016_016_suppl_00000324.png,000016_016_suppl_00000324.png,000016_016_suppl_00000324.txt,1080x1920x3,uint8,1080x1920x3,uint8,1080x1920,uint16,0,18696,0.047688560956790124,0.9523114390432099,0.0,0.0,0.0,2.8429548740386963,1,
000016_021_00000001,000016_021_00000001.png,000016_021_00000001.png,000016_021_00000001.png,000016_021_00000001.txt,1080x1920x3,uint8,1080x1920x3,uint8,1080x1920,uint16,0,19999,0.42770158179012346,0.5722680362654321,3.0381944444444444e-05,0.0,2.025462962962963e-05,2.2586828470230103,6,
000016_021_00000125,000016_021_00000125.png,000016_021_00000125.png,000016_021_00000125.png,000016_021_00000125.txt,1080x1920x3,uint8,1080x1920x3,uint8,1080x1920,uint16,0,19999,0.48496190200617284,0.5149869791666667,5.111882716049383e-05,0.0,0.0,2.380926489830017,4,
000016_021_00000249,000016_021_00000249.png,000016_021_00000249.png,000016_021_00000249.png,000016_021_00000249.txt,1080x1920x3,uint8,1080x1920x3,uint8,1080x1920,uint16,0,19999,0.4942341820987654,0.5042317708333334,0.0015340470679012345,0.0,1.4467592592592593e-05,2.4086731672286987,4,
000016_021_suppl_00000156,000016_021_suppl_00000156.png,000016_021_suppl_00000156.png,000016_021_suppl_00000156.png,000016_021_suppl_00000156.txt,1080x1920x3,uint8,1080x1920x3,uint8,1080x1920,uint16,0,19999,0.5050983796296297,0.49460889274691355,0.0002927276234567901,0.0,5.497685185185185e-05,2.5073948303858438,5,
000016_021_suppl_00000310,000016_021_suppl_00000310.png,000016_021_suppl_00000310.png,000016_021_suppl_00000310.png,000016_021_suppl_00000310.txt,1080x1920x3,uint8,1080x1920x3,uint8,1080x1920,uint16,0,19999,0.4819810956790124,0.5158188657407408,0.0022000385802469135,0.0,8.198302469135803e-05,2.388719121615092,4,
000016_023_00000001,000016_023_00000001.png,000016_023_00000001.png,000016_023_00000001.png,000016_023_00000001.txt,1080x1920x3,uint8,1080x1920x3,uint8,1080x1920,uint16,0,19999,0.39513213734567904,0.604867862654321,0.0,0.0,2.4112654320987654e-06,1.9067920843760173,4,
000016_023_00000143,000016_023_00000143.png,000016_023_00000143.png,000016_023_00000143.png,000016_023_00000143.txt,1080x1920x3,uint8,1080x1920x3,uint8,1080x1920,uint16,0,19999,0.23235146604938273,0.7676485339506173,0.0,0.0,0.0,1.9397013584772747,6,
000016_024_suppl_00000180,000016_024_suppl_00000180.png,000016_024_suppl_00000180.png,000016_024_suppl_00000180.png,000016_024_suppl_00000180.txt,1080x1920x3,uint8,1080x1920x3,uint8,1080x1920,uint16,0,19999,0.1143629436728395,0.8856370563271605,0.0,0.0,2.025462962962963e-05,2.0050996939341226,6,
000016_027_00000001,000016_027_00000001.png,000016_027_00000001.png,000016_027_00000001.png,000016_027_00000001.txt,1080x1920x3,uint8,1080x1920x3,uint8,1080x1920,uint16,0,19999,0.16979890046296298,0.830201099537037,0.0,0.0,1.4467592592592592e-06,0.9718910654385885,27,
000016_027_00000281,000016_027_00000281.png,000016_027_00000281.png,000016_027_00000281.png,000016_027_00000281.txt,1080x1920x3,uint8,1080x1920x3,uint8,1080x1920,uint16,0,19999,0.17374469521604938,0.8262553047839506,0.0,0.0,1.1574074074074073e-05,1.1419753034909566,26,
000016_028_00000257,000016_028_00000257.png,000016_028_00000257.png,000016_028_00000257.png,000016_028_00000257.txt,1080x1920x3,uint8,1080x1920x3,uint8,1080x1920,uint16,0,19999,0.609663387345679,0.390336612654321,0.0,0.0,0.0,2.2264345486958823,3,
000016_030_00000069,000016_030_00000069.png,000016_030_00000069.png,000016_030_00000069.png,000016_030_00000069.txt,1080x1920x3,uint8,1080x1920x3,uint8,1080x1920,uint16,0,19999,0.48018132716049383,0.5198186728395062,0.0,0.0,6.26929012345679e-05,3.1948180198669434,4,
000016_033_00000208,000016_033_00000208.png,000016_033_00000208.png,000016_033_00000208.png,000016_033_00000208.txt,1080x1920x3,uint8,1080x1920x3,uint8,1080x1920,uint16,0,19999,0.15795331790123457,0.8420466820987654,0.0,0.0,0.0,1.7164463996887207,1,
000016_034_00000067,000016_034_00000067.png,000016_034_00000067.png,000016_034_00000067.png,000016_034_00000067.txt,1080x1920x3,uint8,1080x1920x3,uint8,1080x1920,uint16,0,19999,0.19783564814814814,0.8021643518518519,0.0,0.0,3.858024691358025e-06,1.666178305943807,7,
000016_034_00000199,000016_034_00000199.png,000016_034_00000199.png,000016_034_00000199.png,000016_034_00000199.txt,1080x1920x3,uint8,1080x1920x3,uint8,1080x1920,uint16,0,14662,0.05526427469135802,0.944735725308642,0.0,0.0,0.0005536265432098766,1.4982760747273762,8,bbox_cross_image_boundary_line_1
000016_034_00000265,000016_034_00000265.png,000016_034_00000265.png,000016_034_00000265.png,000016_034_00000265.txt,1080x1920x3,uint8,1080x1920x3,uint8,1080x1920,uint16,0,15512,0.05611496913580247,0.9438850308641975,0.0,0.0,0.0006770833333333334,1.633431037267049,9,
000016_034_suppl_00000330,000016_034_suppl_00000330.png,000016_034_suppl_00000330.png,000016_034_suppl_00000330.png,000016_034_suppl_00000330.txt,1080x1920x3,uint8,1080x1920x3,uint8,1080x1920,uint16,0,15940,0.05155815972222222,0.9484418402777778,0.0,0.0,3.0381944444444444e-05,1.539314826329549,8,
000016_036_suppl_00000363,000016_036_suppl_00000363.png,000016_036_suppl_00000363.png,000016_036_suppl_00000363.png,000016_036_suppl_00000363.txt,1080x1920x3,uint8,1080x1920x3,uint8,1080x1920,uint16,0,19999,0.5094000771604938,0.49059992283950615,0.0,0.0,5.111882716049383e-05,2.6088075637817383,1,
000016_039_00000190,000016_039_00000190.png,000016_039_00000190.png,000016_039_00000190.png,000016_039_00000190.txt,1080x1920x3,uint8,1080x1920x3,uint8,1080x1920,uint16,0,19999,0.11809365354938271,0.8819063464506173,0.0,0.0,9.645061728395062e-06,1.6898897488911946,3,
000016_039_suppl_00000160,000016_039_suppl_00000160.png,000016_039_suppl_00000160.png,000016_039_suppl_00000160.png,000016_039_suppl_00000160.txt,1080x1920x3,uint8,1080x1920x3,uint8,1080x1920,uint16,0,19999,0.11413194444444444,0.8858680555555556,0.0,0.0,3.90625e-05,1.6872000694274902,3,
000016_042_00000261,000016_042_00000261.png,000016_042_00000261.png,000016_042_00000261.png,000016_042_00000261.txt,1080x1920x3,uint8,1080x1920x3,uint8,1080x1920,uint16,0,19999,0.1147265625,0.8852734375,0.0,0.0,4.822530864197531e-06,2.242714802424113,3,
000016_042_suppl_00000164,000016_042_suppl_00000164.png,000016_042_suppl_00000164.png,000016_042_suppl_00000164.png,000016_042_suppl_00000164.txt,1080x1920x3,uint8,1080x1920x3,uint8,1080x1920,uint16,0,19960,0.1126244212962963,0.8873755787037036,0.0,0.0,6.896219135802469e-05,2.0524327754974365,3,
000016_043_00000117,000016_043_00000117.png,000016_043_00000117.png,000016_043_00000117.png,000016_043_00000117.txt,1080x1920x3,uint8,1080x1920x3,uint8,1080x1920,uint16,0,19999,0.14179012345679012,0.8582098765432099,0.0,0.0,0.0,1.03271088997523,13,
000016_043_suppl_00000147,000016_043_suppl_00000147.png,000016_043_suppl_00000147.png,000016_043_suppl_00000147.png,000016_043_suppl_00000147.txt,1080x1920x3,uint8,1080x1920x3,uint8,1080x1920,uint16,0,19999,0.145874324845679,0.854125675154321,0.0,0.0,0.0,1.3061760663986206,17,
000016_043_suppl_00000292,000016_043_suppl_00000292.png,000016_043_suppl_00000292.png,000016_043_suppl_00000292.png,000016_043_suppl_00000292.txt,1080x1920x3,uint8,1080x1920x3,uint8,1080x1920,uint16,0,19999,0.13991512345679014,0.8600848765432099,0.0,0.0,2.797067901234568e-05,0.8353722890218099,24,
000016_044_00000085,000016_044_00000085.png,000016_044_00000085.png,000016_044_00000085.png,000016_044_00000085.txt,1080x1920x3,uint8,1080x1920x3,uint8,1080x1920,uint16,0,19999,0.1458858989197531,0.8541141010802469,0.0,0.0,0.0,0.9932522972424825,11,
000016_044_00000127,000016_044_00000127.png,000016_044_00000127.png,000016_044_00000127.png,000016_044_00000127.txt,1080x1920x3,uint8,1080x1920x3,uint8,1080x1920,uint16,0,19999,0.14190345293209877,0.8580965470679013,0.0,0.0,0.0,1.0902523597081502,10,
000016_044_00000169,000016_044_00000169.png,000016_044_00000169.png,000016_044_00000169.png,000016_044_00000169.txt,1080x1920x3,uint8,1080x1920x3,uint8,1080x1920,uint16,0,19999,0.1368696952160494,0.8631303047839506,0.0,0.0,0.0,0.9639165004094442,19,
000017_010_00000143,000017_010_00000143.png,000017_010_00000143.png,000017_010_00000143.png,000017_010_00000143.txt,1080x1920x3,uint8,1080x1920x3,uint8,1080x1920,uint16,0,19999,0.2726441936728395,0.7273558063271605,0.0,0.0,2.1219135802469135e-05,1.2573678493499756,3,
000017_011_00000297,000017_011_00000297.png,000017_011_00000297.png,000017_011_00000297.png,000017_011_00000297.txt,1080x1920x3,uint8,1080x1920x3,uint8,1080x1920,uint16,0,19999,0.3075733024691358,0.6924266975308642,0.0,0.0,6.317515432098766e-05,1.0111159284909566,14,
000017_012_00000135,000017_012_00000135.png,000017_012_00000135.png,000017_012_00000135.png,000017_012_00000135.txt,1080x1920x3,uint8,1080x1920x3,uint8,1080x1920,uint16,0,19999,0.6511005015432099,0.34889081790123455,8.680555555555556e-06,0.0,0.00010561342592592592,2.6777324279149375,3,
000017_012_00000202,000017_012_00000202.png,000017_012_00000202.png,000017_012_00000202.png,000017_012_00000202.txt,1080x1920x3,uint8,1080x1920x3,uint8,1080x1920,uint16,0,19999,0.27240547839506174,0.7275945216049383,0.0,0.0,0.0001297260802469136,2.5356407165527344,3,
000017_012_suppl_00000335,000017_012_suppl_00000335.png,000017_012_suppl_00000335.png,000017_012_suppl_00000335.png,000017_012_suppl_00000335.txt,1080x1920x3,uint8,1080x1920x3,uint8,1080x1920,uint16,0,19999,0.4189380787037037,0.5810619212962963,0.0,0.0,6.510416666666667e-05,3.401339371999105,3,
000017_015_00000001,000017_015_00000001.png,000017_015_00000001.png,000017_015_00000001.png,000017_015_00000001.txt,1080x1920x3,uint8,1080x1920x3,uint8,1080x1920,uint16,0,19999,0.38767216435185187,0.6123278356481482,0.0,0.0,0.00013937114197530863,1.3262365261713664,11,
000017_015_suppl_00000162,000017_015_suppl_00000162.png,000017_015_suppl_00000162.png,000017_015_suppl_00000162.png,000017_015_suppl_00000162.txt,1080x1920x3,uint8,1080x1920x3,uint8,1080x1920,uint16,0,19999,0.2951610725308642,0.7048389274691358,0.0,0.0,0.00014419367283950618,1.3906333446502686,6,
000017_018_suppl_00000233,000017_018_suppl_00000233.png,000017_018_suppl_00000233.png,000017_018_suppl_00000233.png,000017_018_suppl_00000233.txt,1080x1920x3,uint8,1080x1920x3,uint8,1080x1920,uint16,0,19999,0.29706693672839507,0.702933063271605,0.0,0.0,0.0003235918209876543,1.7174257437388103,4,
000017_020_00000001,000017_020_00000001.png,000017_020_00000001.png,000017_020_00000001.png,000017_020_00000001.txt,1080x1920x3,uint8,1080x1920x3,uint8,1080x1920,uint16,0,19999,0.5029918981481482,0.49700810185185185,0.0,0.0,4.822530864197531e-07,1.4886928002039592,3,
000017_020_00000214,000017_020_00000214.png,000017_020_00000214.png,000017_020_00000214.png,000017_020_00000214.txt,1080x1920x3,uint8,1080x1920x3,uint8,1080x1920,uint16,0,19999,0.43095100308641976,0.5690489969135802,0.0,0.0,0.0,1.5089046160380046,3,
000017_020_suppl_00000179,000017_020_suppl_00000179.png,000017_020_suppl_00000179.png,000017_020_suppl_00000179.png,000017_020_suppl_00000179.txt,1080x1920x3,uint8,1080x1920x3,uint8,1080x1920,uint16,0,19999,0.44821180555555556,0.5517881944444445,0.0,0.0,3.375771604938272e-06,1.4901539882024128,3,
000017_020_suppl_00000356,000017_020_suppl_00000356.png,000017_020_suppl_00000356.png,000017_020_suppl_00000356.png,000017_020_suppl_00000356.txt,1080x1920x3,uint8,1080x1920x3,uint8,1080x1920,uint16,0,19999,0.4657865547839506,0.5342134452160494,0.0,0.0,9.645061728395062e-07,1.5570977528889973,4,
000017_021_00000001,000017_021_00000001.png,000017_021_00000001.png,000017_021_00000001.png,000017_021_00000001.txt,1080x1920x3,uint8,1080x1920x3,uint8,1080x1920,uint16,0,19999,0.49765046296296295,0.502349537037037,0.0,0.0,3.375771604938272e-06,1.1398768822352092,7,
000017_021_00000265,000017_021_00000265.png,000017_021_00000265.png,000017_021_00000265.png,000017_021_00000265.txt,1080x1920x3,uint8,1080x1920x3,uint8,1080x1920,uint16,0,19999,0.5246846064814815,0.47531539351851854,0.0,0.0,1.9772376543209878e-05,1.4106426636377971,18,
000017_021_suppl_00000166,000017_021_suppl_00000166.png,000017_021_suppl_00000166.png,000017_021_suppl_00000166.png,000017_021_suppl_00000166.txt,1080x1920x3,uint8,1080x1920x3,uint8,1080x1920,uint16,0,19999,0.4630613425925926,0.5369386574074074,0.0,0.0,2.170138888888889e-05,1.004077931245168,10,
000017_021_suppl_00000331,000017_021_suppl_00000331.png,000017_021_suppl_00000331.png,000017_021_suppl_00000331.png,000017_021_suppl_00000331.txt,1080x1920x3,uint8,1080x1920x3,uint8,1080x1920,uint16,0,19999,0.49628520447530866,0.5037147955246913,0.0,0.0,9.162808641975309e-06,1.2168907324473064,18,
000018_001_00000155,000018_001_00000155.png,000018_001_00000155.png,000018_001_00000155.png,000018_001_00000155.txt,1080x1920x3,uint8,1080x1920x3,uint8,1080x1920,uint16,0,19999,0.46979793595679015,0.5302020640432099,0.0,0.0,4.050925925925926e-05,2.088861584663391,1,
000018_001_00000232,000018_001_00000232.png,000018_001_00000232.png,000018_001_00000232.png,000018_001_00000232.txt,1080x1920x3,uint8,1080x1920x3,uint8,1080x1920,uint16,0,19999,0.23374373070987653,0.7662562692901235,0.0,0.0,0.01285011574074074,2.975348432858785,3,
000018_003_suppl_00000173,000018_003_suppl_00000173.png,000018_003_suppl_00000173.png,000018_003_suppl_00000173.png,000018_003_suppl_00000173.txt,1080x1920x3,uint8,1080x1920x3,uint8,1080x1920,uint16,0,19999,0.4306274112654321,0.5693725887345679,0.0,0.0,0.008046875,3.023796240488688,2,
000018_004_00000155,000018_004_00000155.png,000018_004_00000155.png,000018_004_00000155.png,000018_004_00000155.txt,1080x1920x3,uint8,1080x1920x3,uint8,1080x1920,uint16,0,19999,0.323563850308642,0.676436149691358,0.0,0.0,5.304783950617284e-06,2.8030343850453696,3,
000018_004_00000232,000018_004_00000232.png,000018_004_00000232.png,000018_004_00000232.png,000018_004_00000232.txt,1080x1920x3,uint8,1080x1920x3,uint8,1080x1920,uint16,0,19999,0.4687475887345679,0.5312524112654321,0.0,0.0,8.198302469135803e-06,2.9193125565846763,3,
000018_006_00000063,000018_006_00000063.png,000018_006_00000063.png,000018_006_00000063.png,000018_006_00000063.txt,1080x1920x3,uint8,1080x1920x3,uint8,1080x1920,uint16,0,19999,0.33751832561728395,0.6624816743827161,0.0,0.0,0.0014240933641975308,1.727723479270935,5,
000018_006_00000187,000018_006_00000187.png,000018_006_00000187.png,000018_006_00000187.png,000018_006_00000187.txt,1080x1920x3,uint8,1080x1920x3,uint8,1080x1920,uint16,0,19999,0.3076900077160494,0.6923099922839506,0.0,0.0,0.0018745177469135803,1.724387526512146,3,
000018_007_00000001,000018_007_00000001.png,000018_007_00000001.png,000018_007_00000001.png,000018_007_00000001.txt,1080x1920x3,uint8,1080x1920x3,uint8,1080x1920,uint16,0,19999,0.3258439429012346,0.6741560570987655,0.0,0.0,0.0004267939814814815,2.1981558402379355,2,
000018_007_00000139,000018_007_00000139.png,000018_007_00000139.png,000018_007_00000139.png,000018_007_00000139.txt,1080x1920x3,uint8,1080x1920x3,uint8,1080x1920,uint16,0,19999,0.34151572145061726,0.6584842785493827,0.0,0.0,0.0003737461419753086,2.2467415730158486,2,
000018_007_00000208,000018_007_00000208.png,000018_007_00000208.png,000018_007_00000208.png,000018_007_00000208.txt,1080x1920x3,uint8,1080x1920x3,uint8,1080x1920,uint16,0,19999,0.3350959683641975,0.6649040316358025,0.0,0.0,4.436728395061728e-05,2.2284464836120605,2,
000018_007_00000277,000018_007_00000277.png,000018_007_00000277.png,000018_007_00000277.png,000018_007_00000277.txt,1080x1920x3,uint8,1080x1920x3,uint8,1080x1920,uint16,0,19999,0.3314795524691358,0.6685204475308641,0.0,0.0,0.0002917631172839506,2.2098668813705444,2,
000018_008_00000001,000018_008_00000001.png,000018_008_00000001.png,000018_008_00000001.png,000018_008_00000001.txt,1080x1920x3,uint8,1080x1920x3,uint8,1080x1920,uint16,0,19999,0.48235532407407405,0.5176446759259259,0.0,0.0,2.1219135802469135e-05,1.4404919147491455,4,
000018_008_00000261,000018_008_00000261.png,000018_008_00000261.png,000018_008_00000261.png,000018_008_00000261.txt,1080x1920x3,uint8,1080x1920x3,uint8,1080x1920,uint16,0,19999,0.5684794560185186,0.4315205439814815,0.0,0.0,0.0,1.6170305808385212,4,
000019_003_00000139,000019_003_00000139.png,000019_003_00000139.png,000019_003_00000139.png,000019_003_00000139.txt,1080x1920x3,uint8,1080x1920x3,uint8,1080x1920,uint16,0,19999,0.35920283564814814,0.6407971643518519,0.0,0.0,0.0,1.86622816324234,2,
000019_005_00000001,000019_005_00000001.png,000019_005_00000001.png,000019_005_00000001.png,000019_005_00000001.txt,1080x1920x3,uint8,1080x1920x3,uint8,1080x1920,uint16,0,19999,0.5218359375,0.4781640625,0.0,0.0,0.0025771604938271604,1.6633018255233765,2,
000019_005_00000066,000019_005_00000066.png,000019_005_00000066.png,000019_005_00000066.png,000019_005_00000066.txt,1080x1920x3,uint8,1080x1920x3,uint8,1080x1920,uint16,0,19999,0.46119550540123455,0.5388044945987654,0.0,0.0,0.001839795524691358,1.778009295463562,2,
000019_005_00000196,000019_005_00000196.png,000019_005_00000196.png,000019_005_00000196.png,000019_005_00000196.txt,1080x1920x3,uint8,1080x1920x3,uint8,1080x1920,uint16,0,19999,0.4822284915123457,0.5177715084876543,0.0,0.0,2.218364197530864e-05,2.103646477063497,4,
000019_009_00000141,000019_009_00000141.png,000019_009_00000141.png,000019_009_00000141.png,000019_009_00000141.txt,1080x1920x3,uint8,1080x1920x3,uint8,1080x1920,uint16,0,19999,0.20057050540123456,0.7994294945987654,0.0,0.0,0.00025559413580246914,2.0516942739486694,2,
000019_014_00000001,000019_014_00000001.png,000019_014_00000001.png,000019_014_00000001.png,000019_014_00000001.txt,1080x1920x3,uint8,1080x1920x3,uint8,1080x1920,uint16,0,19999,0.17963011188271605,0.820369888117284,0.0,0.0,0.005934606481481482,1.6829163233439128,1,
000019_015_00000001,000019_015_00000001.png,000019_015_00000001.png,000019_015_00000001.png,000019_015_00000001.txt,1080x1920x3,uint8,1080x1920x3,uint8,1080x1920,uint16,0,19988,0.10217255015432099,0.897827449845679,0.0,0.0,0.00021170910493827162,3.924039920171102,2,
000019_016_00000052,000019_016_00000052.png,000019_016_00000052.png,000019_016_00000052.png,000019_016_00000052.txt,1080x1920x3,uint8,1080x1920x3,uint8,1080x1920,uint16,0,19999,0.4645056905864198,0.5354943094135802,0.0,0.0,5.304783950617284e-06,1.8782918453216553,3,
000019_016_00000154,000019_016_00000154.png,000019_016_00000154.png,000019_016_00000154.png,000019_016_00000154.txt,1080x1920x3,uint8,1080x1920x3,uint8,1080x1920,uint16,0,19999,0.6740813078703703,0.32591869212962965,0.0,0.0,6.124614197530864e-05,2.2020569245020547,6,
000019_017_00000001,000019_017_00000001.png,000019_017_00000001.png,000019_017_00000001.png,000019_017_00000001.txt,1080x1920x3,uint8,1080x1920x3,uint8,1080x1920,uint16,0,19999,0.23899064429012346,0.7610093557098765,0.0,0.0,6.751543209876544e-06,1.7563262581825256,1,
000019_018_00000001,000019_018_00000001.png,000019_018_00000001.png,000019_018_00000001.png,000019_018_00000001.txt,1080x1920x3,uint8,1080x1920x3,uint8,1080x1920,uint16,0,17953,0.0775462962962963,0.9224537037037037,0.0,0.0,4.340277777777778e-06,1.8314531246821086,2,
000019_018_00000049,000019_018_00000049.png,000019_018_00000049.png,000019_018_00000049.png,000019_018_00000049.txt,1080x1920x3,uint8,1080x1920x3,uint8,1080x1920,uint16,0,19997,0.050045814043209874,0.9499541859567902,0.0,0.0,6.317515432098766e-05,1.570703148841858,2,
000019_018_00000145,000019_018_00000145.png,000019_018_00000145.png,000019_018_00000145.png,000019_018_00000145.txt,1080x1920x3,uint8,1080x1920x3,uint8,1080x1920,uint16,0,18773,0.09147762345679013,0.9085223765432099,0.0,0.0,1.0609567901234568e-05,1.9475147724151611,2,
000019_019_00000225,000019_019_00000225.png,000019_019_00000225.png,000019_019_00000225.png,000019_019_00000225.txt,1080x1920x3,uint8,1080x1920x3,uint8,1080x1920,uint16,0,7345,0.027041859567901234,0.9729581404320987,0.0,0.0,0.0,1.4429198900858562,3,
000019_027_00000141,000019_027_00000141.png,000019_027_00000141.png,000019_027_00000141.png,000019_027_00000141.txt,1080x1920x3,uint8,1080x1920x3,uint8,1080x1920,uint16,0,19999,0.05678867669753086,0.9432113233024692,0.0,0.0,2.4112654320987653e-05,3.683971563975016,1,
000019_028_00000273,000019_028_00000273.png,000019_028_00000273.png,000019_028_00000273.png,000019_028_00000273.txt,1080x1920x3,uint8,1080x1920x3,uint8,1080x1920,uint16,0,19999,0.21790075231481482,0.7820992476851852,0.0,0.0,0.0001282793209876543,3.6557318369547525,1,
000019_029_00000205,000019_029_00000205.png,000019_029_00000205.png,000019_029_00000205.png,000019_029_00000205.txt,1080x1920x3,uint8,1080x1920x3,uint8,1080x1920,uint16,0,19999,0.09539737654320987,0.9046026234567901,0.0,0.0,0.00014660493827160494,4.129494587580363,1,
000019_030_00000001,000019_030_00000001.png,000019_030_00000001.png,000019_030_00000001.png,000019_030_00000001.txt,1080x1920x3,uint8,1080x1920x3,uint8,1080x1920,uint16,0,19999,0.26505208333333335,0.7349479166666667,0.0,0.0,5.497685185185185e-05,2.089888413747152,7,
000019_030_00000072,000019_030_00000072.png,000019_030_00000072.png,000019_030_00000072.png,000019_030_00000072.txt,1080x1920x3,uint8,1080x1920x3,uint8,1080x1920,uint16,0,19999,0.2302560763888889,0.7697439236111111,0.0,0.0,0.00016927083333333334,2.17093296845754,6,
000019_030_00000285,000019_030_00000285.png,000019_030_00000285.png,000019_030_00000285.png,000019_030_00000285.txt,1080x1920x3,uint8,1080x1920x3,uint8,1080x1920,uint16,0,19999,0.21085551697530863,0.7891444830246913,0.0,0.0,0.0001808449074074074,2.1878710190455117,9,
000019_038_00000205,000019_038_00000205.png,000019_038_00000205.png,000019_038_00000205.png,000019_038_00000205.txt,1080x1920x3,uint8,1080x1920x3,uint8,1080x1920,uint16,0,19999,0.2878370949074074,0.7121629050925926,0.0,0.0,1.3020833333333334e-05,2.6848607858022056,11,
000019_039_00000277,000019_039_00000277.png,000019_039_00000277.png,000019_039_00000277.png,000019_039_00000277.txt,1080x1920x3,uint8,1080x1920x3,uint8,1080x1920,uint16,0,19999,0.4964337384259259,0.503566261574074,0.0,0.0,0.0012741126543209876,2.5595887502034507,1,
000019_040_00000208,000019_040_00000208.png,000019_040_00000208.png,000019_040_00000208.png,000019_040_00000208.txt,1080x1920x3,uint8,1080x1920x3,uint8,1080x1920,uint16,0,19999,0.06314429012345679,0.9368557098765432,0.0,0.0,0.0005767746913580247,1.8835149606068928,2,
000019_041_00000141,000019_041_00000141.png,000019_041_00000141.png,000019_041_00000141.png,000019_041_00000141.txt,1080x1920x3,uint8,1080x1920x3,uint8,1080x1920,uint16,0,19999,0.05564429012345679,0.9443557098765432,0.0,0.0,0.0005280671296296296,1.9551669160525005,10,
000019_044_00000001,000019_044_00000001.png,000019_044_00000001.png,000019_044_00000001.png,000019_044_00000001.txt,1080x1920x3,uint8,1080x1920x3,uint8,1080x1920,uint16,0,19999,0.18156635802469137,0.8184230324074074,1.0609567901234568e-05,0.0,0.0009968171296296296,1.0628558993339539,5,
000019_045_00000145,000019_045_00000145.png,000019_045_00000145.png,000019_045_00000145.png,000019_045_00000145.txt,1080x1920x3,uint8,1080x1920x3,uint8,1080x1920,uint16,0,19999,0.17941309799382715,0.8205869020061728,0.0,0.0,0.0210913387345679,1.016748348871867,6,
000020_002_00000123,000020_002_00000123.png,000020_002_00000123.png,000020_002_00000123.png,000020_002_00000123.txt,1080x1920x3,uint8,1080x1920x3,uint8,1080x1920,uint16,0,19999,0.2552112268518518,0.7447887731481482,0.0,0.0,7.619598765432098e-05,1.4355767567952473,11,
000020_003_00000253,000020_003_00000253.png,000020_003_00000253.png,000020_003_00000253.png,000020_003_00000253.txt,1080x1920x3,uint8,1080x1920x3,uint8,1080x1920,uint16,0,19999,0.14751109182098765,0.8524889081790124,0.0,0.0,1.0609567901234568e-05,1.5127379099527996,5,
000020_010_00000001,000020_010_00000001.png,000020_010_00000001.png,000020_010_00000001.png,000020_010_00000001.txt,1080x1920x3,uint8,1080x1920x3,uint8,1080x1920,uint16,0,19999,0.7250950038580247,0.27490499614197533,0.0,0.0,0.0,1.6777973969777424,12,
000020_010_00000023,000020_010_00000023.png,000020_010_00000023.png,000020_010_00000023.png,000020_010_00000023.txt,1080x1920x3,uint8,1080x1920x3,uint8,1080x1920,uint16,0,19999,0.8182508680555556,0.18174913194444445,0.0,0.0,6.99266975308642e-05,2.3309812545776367,14,
000020_010_00000045,000020_010_00000045.png,000020_010_00000045.png,000020_010_00000045.png,000020_010_00000045.txt,1080x1920x3,uint8,1080x1920x3,uint8,1080x1920,uint16,0,19999,0.619311824845679,0.38068817515432096,0.0,0.0,4.822530864197531e-07,1.5710493326187134,8,
000020_010_00000089,000020_010_00000089.png,000020_010_00000089.png,000020_010_00000089.png,000020_010_00000089.txt,1080x1920x3,uint8,1080x1920x3,uint8,1080x1920,uint16,0,19999,0.6417038001543209,0.358296199845679,0.0,0.0,4.0027006172839503e-05,1.6412136157353718,8,
000020_011_00000076,000020_011_00000076.png,000020_011_00000076.png,000020_011_00000076.png,000020_011_00000076.txt,1080x1920x3,uint8,1080x1920x3,uint8,1080x1920,uint16,0,19999,0.10392264660493827,0.8960773533950618,0.0,0.0,0.00011959876543209877,1.0517775813738506,6,
000020_011_00000151,000020_011_00000151.png,000020_011_00000151.png,000020_011_00000151.png,000020_011_00000151.txt,1080x1920x3,uint8,1080x1920x3,uint8,1080x1920,uint16,0,19999,0.1628732638888889,0.8371267361111111,0.0,0.0,3.616898148148148e-05,1.2172199885050456,7,
000020_014_00000001,000020_014_00000001.png,000020_014_00000001.png,000020_014_00000001.png,000020_014_00000001.txt,1080x1920x3,uint8,1080x1920x3,uint8,1080x1920,uint16,0,19999,0.3274763695987654,0.6725236304012345,0.0,0.0,8.680555555555556e-06,2.645359436670939,6,
000020_014_00000129,000020_014_00000129.png,000020_014_00000129.png,000020_014_00000129.png,000020_014_00000129.txt,1080x1920x3,uint8,1080x1920x3,uint8,1080x1920,uint16,0,19999,0.3086892361111111,0.6913107638888889,0.0,0.0,9.645061728395062e-07,2.496609409650167,7,
000020_014_00000193,000020_014_00000193.png,000020_014_00000193.png,000020_014_00000193.png,000020_014_00000193.txt,1080x1920x3,uint8,1080x1920x3,uint8,1080x1920,uint16,0,19999,0.2659461805555556,0.7340340470679012,1.9772376543209878e-05,0.0,3.375771604938272e-06,2.010327617327372,7,
000020_015_00000064,000020_015_00000064.png,000020_015_00000064.png,000020_015_00000064.png,000020_015_00000064.txt,1080x1920x3,uint8,1080x1920x3,uint8,1080x1920,uint16,0,19999,0.3281597222222222,0.6718402777777778,0.0,0.0,0.0,2.0640673637390137,2,
000020_015_00000127,000020_015_00000127.png,000020_015_00000127.png,000020_015_00000127.png,000020_015_00000127.txt,1080x1920x3,uint8,1080x1920x3,uint8,1080x1920,uint16,0,19999,0.31624951774691357,0.6837504822530864,0.0,0.0,4.822530864197531e-07,2.052782893180847,2,
000020_015_00000253,000020_015_00000253.png,000020_015_00000253.png,000020_015_00000253.png,000020_015_00000253.txt,1080x1920x3,uint8,1080x1920x3,uint8,1080x1920,uint16,0,19999,0.43125530478395063,0.5687446952160494,0.0,0.0,0.0,1.844727635383606,2,
000020_018_00000093,000020_018_00000093.png,000020_018_00000093.png,000020_018_00000093.png,000020_018_00000093.txt,1080x1920x3,uint8,1080x1920x3,uint8,1080x1920,uint16,0,19999,0.7373635223765432,0.26263647762345677,0.0,0.0,4.822530864197531e-07,2.0481313864390054,5,
000021_001_00000133,000021_001_00000133.png,000021_001_00000133.png,000021_001_00000133.png,000021_001_00000133.txt,1080x1920x3,uint8,1080x1920x3,uint8,1080x1920,uint16,0,19999,0.5216975308641976,0.4783024691358025,0.0,0.0,0.0050101273148148145,3.8611982663472495,2,
000021_001_00000199,000021_001_00000199.png,000021_001_00000199.png,000021_001_00000199.png,000021_001_00000199.txt,1080x1920x3,uint8,1080x1920x3,uint8,1080x1920,uint16,0,19999,0.49474006558641975,0.5052599344135802,0.0,0.0,0.0003949652777777778,3.1382333437601724,6,
000021_001_00000265,000021_001_00000265.png,000021_001_00000265.png,000021_001_00000265.png,000021_001_00000265.txt,1080x1920x3,uint8,1080x1920x3,uint8,1080x1920,uint16,0,19999,0.4504070216049383,0.5495929783950617,0.0,0.0,0.0006168016975308642,3.030630191167196,8,
000021_003_00000001,000021_003_00000001.png,000021_003_00000001.png,000021_003_00000001.png,000021_003_00000001.txt,1080x1920x3,uint8,1080x1920x3,uint8,1080x1920,uint16,0,19999,0.47499180169753086,0.5250081983024691,0.0,0.0,0.0018369020061728394,2.52150297164917,7,
000021_003_00000091,000021_003_00000091.png,000021_003_00000091.png,000021_003_00000091.png,000021_003_00000091.txt,1080x1920x3,uint8,1080x1920x3,uint8,1080x1920,uint16,0,19999,0.46901716820987654,0.5309828317901235,0.0,0.0,0.001509934413580247,2.533367156982422,3,
000021_004_00000065,000021_004_00000065.png,000021_004_00000065.png,000021_004_00000065.png,000021_004_00000065.txt,1080x1920x3,uint8,1080x1920x3,uint8,1080x1920,uint16,0,19999,0.6243783757716049,0.37562162422839507,0.0,0.0,0.0013488618827160494,3.693436543146769,7,
000021_004_00000129,000021_004_00000129.png,000021_004_00000129.png,000021_004_00000129.png,000021_004_00000129.txt,1080x1920x3,uint8,1080x1920x3,uint8,1080x1920,uint16,0,19999,0.6119097222222222,0.38809027777777777,0.0,0.0,1.3020833333333334e-05,3.9137049516042075,5,
000021_004_00000193,000021_004_00000193.png,000021_004_00000193.png,000021_004_00000193.png,000021_004_00000193.txt,1080x1920x3,uint8,1080x1920x3,uint8,1080x1920,uint16,0,19999,0.5657851080246914,0.43421489197530866,0.0,0.0,0.0004094328703703704,3.249504486719767,5,
000021_006_00000208,000021_006_00000208.png,000021_006_00000208.png,000021_006_00000208.png,000021_006_00000208.txt,1080x1920x3,uint8,1080x1920x3,uint8,1080x1920,uint16,0,19999,0.3597048611111111,0.6402951388888889,0.0,0.0,0.001086033950617284,1.645230491956075,12,
000021_007_00000137,000021_007_00000137.png,000021_007_00000137.png,000021_007_00000137.png,000021_007_00000137.txt,1080x1920x3,uint8,1080x1920x3,uint8,1080x1920,uint16,0,19999,0.5707807677469136,0.42921923225308645,0.0,0.0,0.0006963734567901234,1.5538220008214314,12,
000021_014_00000066,000021_014_00000066.png,000021_014_00000066.png,000021_014_00000066.png,000021_014_00000066.txt,1080x1920x3,uint8,1080x1920x3,uint8,1080x1920,uint16,0,19999,0.4019921875,0.5980078125,0.0,0.0,0.0,2.8903771241505942,5,
000021_014_00000131,000021_014_00000131.png,000021_014_00000131.png,000021_014_00000131.png,000021_014_00000131.txt,1080x1920x3,uint8,1080x1920x3,uint8,1080x1920,uint16,0,19999,0.4694868827160494,0.5305131172839506,0.0,0.0,0.02683304398148148,2.960171381632487,7,
000021_014_00000261,000021_014_00000261.png,000021_014_00000261.png,000021_014_00000261.png,000021_014_00000261.txt,1080x1920x3,uint8,1080x1920x3,uint8,1080x1920,uint16,0,19999,0.5164882330246914,0.4835117669753086,0.0,0.0,0.04198543595679012,3.6019431749979653,9,
000021_015_00000001,000021_015_00000001.png,000021_015_00000001.png,000021_015_00000001.png,000021_015_00000001.txt,1080x1920x3,uint8,1080x1920x3,uint8,1080x1920,uint16,0,19999,0.734306037808642,0.26569396219135805,0.0,0.0,0.0016440007716049382,3.343634923299154,6,
000021_020_00000131,000021_020_00000131.png,000021_020_00000131.png,000021_020_00000131.png,000021_020_00000131.txt,1080x1920x3,uint8,1080x1920x3,uint8,1080x1920,uint16,0,19999,0.4312842399691358,0.5687008101851851,1.4949845679012346e-05,0.0,0.0010788001543209876,1.9781127373377483,3,
000021_021_00000028,000021_021_00000028.png,000021_021_00000028.png,000021_021_00000028.png,000021_021_00000028.txt,1080x1920x3,uint8,1080x1920x3,uint8,1080x1920,uint16,0,19999,0.4116782407407407,0.5883217592592592,0.0,0.0,0.0,2.409701625506083,10,
000021_021_00000109,000021_021_00000109.png,000021_021_00000109.png,000021_021_00000109.png,000021_021_00000109.txt,1080x1920x3,uint8,1080x1920x3,uint8,1080x1920,uint16,0,19999,0.2564072145061728,0.7435927854938271,0.0,0.0,1.4949845679012346e-05,3.1402286688486734,6,
000021_024_00000085,000021_024_00000085.png,000021_024_00000085.png,000021_024_00000085.png,000021_024_00000085.txt,1080x1920x3,uint8,1080x1920x3,uint8,1080x1920,uint16,0,19999,0.590078125,0.409921875,0.0,0.0,0.00020592206790123456,2.517735322316488,4,
00000022,00000022.jpg,00000022.jpg,00000022.jpg,00000022.txt,360x640x3,uint8,360x640x3,uint8,360x640x3,uint8,0,255,0.7300434027777778,0.0,0.2699565972222222,0.0,0.1802951388888889,0.0,8,"depth_is_jpeg;depth_dtype_uint8;depth_not_single_channel_shape_(360, 640, 3)"
000022_006_00000001,000022_006_00000001.png,000022_006_00000001.png,000022_006_00000001.png,000022_006_00000001.txt,1080x1920x3,uint8,1080x1920x3,uint8,1080x1920,uint16,0,19999,0.24415171682098766,0.7558482831790123,0.0,0.0,1.9772376543209878e-05,1.0287750760714214,4,
000022_008_00000001,000022_008_00000001.png,000022_008_00000001.png,000022_008_00000001.png,000022_008_00000001.txt,1080x1920x3,uint8,1080x1920x3,uint8,1080x1920,uint16,0,19999,0.23791377314814816,0.7620862268518519,0.0,0.0,0.0,1.0084394415219624,4,
000022_014_00000068,000022_014_00000068.png,000022_014_00000068.png,000022_014_00000068.png,000022_014_00000068.txt,1080x1920x3,uint8,1080x1920x3,uint8,1080x1920,uint16,0,19999,0.32111448688271604,0.678885513117284,0.0,0.0,1.9290123456790124e-06,1.5302793979644775,10,
000022_014_00000269,000022_014_00000269.png,000022_014_00000269.png,000022_014_00000269.png,000022_014_00000269.txt,1080x1920x3,uint8,1080x1920x3,uint8,1080x1920,uint16,0,19999,0.34838975694444446,0.6516102430555556,0.0,0.0,4.822530864197531e-07,1.5354626774787903,8,
000022_018_00000001,000022_018_00000001.png,000022_018_00000001.png,000022_018_00000001.png,000022_018_00000001.txt,1080x1920x3,uint8,1080x1920x3,uint8,1080x1920,uint16,0,19999,0.10764081790123457,0.8923591820987654,0.0,0.0,9.645061728395062e-06,1.0767789085706074,2,
000023_001_00000001,000023_001_00000001.png,000023_001_00000001.png,000023_001_00000001.png,000023_001_00000001.txt,1080x1920x3,uint8,1080x1920x3,uint8,1080x1920,uint16,0,19999,0.4961400462962963,0.5038599537037037,0.0,0.0,2.0736882716049384e-05,1.5040509700775146,3,
000023_001_00000082,000023_001_00000082.png,000023_001_00000082.png,000023_001_00000082.png,000023_001_00000082.txt,1080x1920x3,uint8,1080x1920x3,uint8,1080x1920,uint16,0,19999,0.5162528935185186,0.4837471064814815,0.0,0.0,8.680555555555556e-06,1.4030893445014954,3,
000023_001_00000325,000023_001_00000325.png,000023_001_00000325.png,000023_001_00000325.png,000023_001_00000325.txt,1080x1920x3,uint8,1080x1920x3,uint8,1080x1920,uint16,0,19999,0.6431886574074074,0.3568113425925926,0.0,0.0,1.1574074074074073e-05,1.1189425786336262,3,
000023_002_00000001,000023_002_00000001.png,000023_002_00000001.png,000023_002_00000001.png,000023_002_00000001.txt,1080x1920x3,uint8,1080x1920x3,uint8,1080x1920,uint16,0,19999,0.21024498456790122,0.7897550154320988,0.0,0.0,8.005401234567901e-05,2.4590075413386026,4,
000023_002_00000072,000023_002_00000072.png,000023_002_00000072.png,000023_002_00000072.png,000023_002_00000072.txt,1080x1920x3,uint8,1080x1920x3,uint8,1080x1920,uint16,0,19999,0.25385609567901235,0.7461439043209876,0.0,0.0,3.279320987654321e-05,2.461179335912069,3,
000023_002_00000285,000023_002_00000285.png,000023_002_00000285.png,000023_002_00000285.png,000023_002_00000285.txt,1080x1920x3,uint8,1080x1920x3,uint8,1080x1920,uint16,0,19999,0.23457561728395063,0.7654243827160494,0.0,0.0,0.00010127314814814815,2.1634674072265625,2,
000023_003_00000341,000023_003_00000341.png,000023_003_00000341.png,000023_003_00000341.png,000023_003_00000341.txt,1080x1920x3,uint8,1080x1920x3,uint8,1080x1920,uint16,0,19999,0.22867573302469135,0.7713242669753086,0.0,0.0,6.799768518518518e-05,1.58279287815094,4,
000023_005_00000070,000023_005_00000070.png,000023_005_00000070.png,000023_005_00000070.png,000023_005_00000070.txt,1080x1920x3,uint8,1080x1920x3,uint8,1080x1920,uint16,0,19999,0.26927131558641976,0.7307286844135803,0.0,0.0,5.738811728395062e-05,1.1390972137451172,7,
000023_005_00000139,000023_005_00000139.png,000023_005_00000139.png,000023_005_00000139.png,000023_005_00000139.txt,1080x1920x3,uint8,1080x1920x3,uint8,1080x1920,uint16,0,19999,0.3721995563271605,0.6278004436728395,0.0,0.0,5.208333333333334e-05,1.4634995857874553,5,
000023_008_00000068,000023_008_00000068.png,000023_008_00000068.png,000023_008_00000068.png,000023_008_00000068.txt,1080x1920x3,uint8,1080x1920x3,uint8,1080x1920,uint16,0,19999,0.3366049382716049,0.663395061728395,0.0,0.0,2.1219135802469135e-05,2.122441530227661,3,
000023_008_00000202,000023_008_00000202.png,000023_008_00000202.png,000023_008_00000202.png,000023_008_00000202.txt,1080x1920x3,uint8,1080x1920x3,uint8,1080x1920,uint16,0,19999,0.41046875,0.58953125,0.0,0.0,5.304783950617284e-05,2.3554739157358804,5,
000023_008_00000269,000023_008_00000269.png,000023_008_00000269.png,000023_008_00000269.png,000023_008_00000269.txt,1080x1920x3,uint8,1080x1920x3,uint8,1080x1920,uint16,0,19999,0.3466666666666667,0.6533333333333333,0.0,0.0,3.08641975308642e-05,2.1327129205067954,4,
000023_009_00000217,000023_009_00000217.png,000023_009_00000217.png,000023_009_00000217.png,000023_009_00000217.txt,1080x1920x3,uint8,1080x1920x3,uint8,1080x1920,uint16,0,19999,0.7186439043209877,0.2813560956790123,0.0,0.0,5.787037037037037e-06,2.2633107900619507,3,
000023_012_00000085,000023_012_00000085.png,000023_012_00000085.png,000023_012_00000085.png,000023_012_00000085.txt,1080x1920x3,uint8,1080x1920x3,uint8,1080x1920,uint16,0,19999,0.25440875771604937,0.7455912422839506,0.0,0.0,4.2920524691358025e-05,2.417506535847982,4,
000023_012_00000169,000023_012_00000169.png,000023_012_00000169.png,000023_012_00000169.png,000023_012_00000169.txt,1080x1920x3,uint8,1080x1920x3,uint8,1080x1920,uint16,0,19999,0.162445987654321,0.837554012345679,0.0,0.0,0.0001335841049382716,2.3979249795277915,4,
00000025,00000025.jpg,00000025.jpg,00000025.jpg,00000025.txt,360x640x3,uint8,360x640x3,uint8,360x640x3,uint8,0,255,0.7293836805555556,0.0,0.2706163194444444,0.0,0.18030381944444446,0.0,9,"depth_is_jpeg;depth_dtype_uint8;depth_not_single_channel_shape_(360, 640, 3)"
000027,000027.png,000027.png,000027.png,000027.txt,1080x1920x3,uint8,1080x1920x3,uint8,1080x1920,uint16,0,19999,0.2571416859567901,0.7428583140432099,0.0,0.0,0.14197675540123456,0.2330012172460556,12,
000029,000029.png,000029.png,000029.png,000029.txt,1080x1920x3,uint8,1080x1920x3,uint8,1080x1920,uint16,0,19999,0.3820616319444444,0.6179383680555556,0.0,0.0,0.1016893325617284,0.24401202301184335,9,bbox_cross_image_boundary_line_8;bbox_cross_image_boundary_line_9
00000031,00000031.jpg,00000031.jpg,00000031.jpg,00000031.txt,360x640x3,uint8,360x640x3,uint8,360x640x3,uint8,0,255,0.7208029513888888,0.0,0.2791970486111111,0.0,0.18026475694444444,0.0,8,"depth_is_jpeg;depth_dtype_uint8;depth_not_single_channel_shape_(360, 640, 3)"
000031,000031.png,000031.png,000031.png,000031.txt,1080x1920x3,uint8,1080x1920x3,uint8,1080x1920,uint16,0,19999,0.488500675154321,0.5114993248456791,0.0,0.0,0.05095486111111111,0.2518823941548665,14,
000032,000032.png,000032.png,000032.png,000032.txt,1080x1920x3,uint8,1080x1920x3,uint8,1080x1920,uint16,0,19999,0.43722849151234566,0.5627715084876543,0.0,0.0,0.07831838348765433,0.2511008232831955,31,
000032_003_00000001,000032_003_00000001.png,000032_003_00000001.png,000032_003_00000001.png,000032_003_00000001.txt,1080x1920x3,uint8,1080x1920x3,uint8,1080x1920,uint16,0,19999,0.40022135416666665,0.5997786458333333,0.0,0.0,0.00014226466049382716,2.2920926411946616,5,
000032_003_00000066,000032_003_00000066.png,000032_003_00000066.png,000032_003_00000066.png,000032_003_00000066.txt,1080x1920x3,uint8,1080x1920x3,uint8,1080x1920,uint16,0,19999,0.3893475115740741,0.610625,2.7488425925925926e-05,0.0,0.00012008101851851852,2.4562223752339682,5,
000032_003_00000131,000032_003_00000131.png,000032_003_00000131.png,000032_003_00000131.png,000032_003_00000131.txt,1080x1920x3,uint8,1080x1920x3,uint8,1080x1920,uint16,0,19999,0.3788773148148148,0.6211226851851852,0.0,0.0,2.845293209876543e-05,2.5075623989105225,4,
000032_027_00000013,000032_027_00000013.png,000032_027_00000013.png,000032_027_00000013.png,000032_027_00000013.txt,1080x1920x3,uint8,1080x1920x3,uint8,1080x1920,uint16,0,19999,0.5495539158950618,0.45044608410493825,0.0,0.0,0.000392554012345679,1.5072884956995647,6,
000032_027_00000037,000032_027_00000037.png,000032_027_00000037.png,000032_027_00000037.png,000032_027_00000037.txt,1080x1920x3,uint8,1080x1920x3,uint8,1080x1920,uint16,0,19999,0.2073948688271605,0.7926051311728395,0.0,0.0,5.9799382716049385e-05,1.329635739326477,8,
000032_028_00000009,000032_028_00000009.png,000032_028_00000009.png,000032_028_00000009.png,000032_028_00000009.txt,1080x1920x3,uint8,1080x1920x3,uint8,1080x1920,uint16,0,19999,0.319350887345679,0.680649112654321,0.0,0.0,0.0001490162037037037,0.9121598601341248,8,
000032_028_00000017,000032_028_00000017.png,000032_028_00000017.png,000032_028_00000017.png,000032_028_00000017.txt,1080x1920x3,uint8,1080x1920x3,uint8,1080x1920,uint16,0,19999,0.34834683641975306,0.6516531635802469,0.0,0.0,9.98263888888889e-05,0.8676594694455465,6,
000032_029_00000001,000032_029_00000001.png,000032_029_00000001.png,000032_029_00000001.png,000032_029_00000001.txt,1080x1920x3,uint8,1080x1920x3,uint8,1080x1920,uint16,0,19999,0.34881413966049385,0.6511858603395062,0.0,0.0,0.0007137345679012345,0.907133162021637,8,
00000033,00000033.jpg,00000033.jpg,00000033.jpg,00000033.txt,360x640x3,uint8,360x640x3,uint8,360x640x3,uint8,0,255,0.7322612847222222,0.0,0.26773871527777776,0.0,0.18029947916666667,0.0,7,"depth_is_jpeg;depth_dtype_uint8;depth_not_single_channel_shape_(360, 640, 3)"
00000034,00000034.jpg,00000034.jpg,00000034.jpg,00000034.txt,360x640x3,uint8,360x640x3,uint8,360x640x3,uint8,0,255,0.7284375,0.0,0.2715625,0.0,0.1802907986111111,0.0,9,"depth_is_jpeg;depth_dtype_uint8;depth_not_single_channel_shape_(360, 640, 3)"
000034,000034.png,000034.png,000034.png,000034.txt,1080x1920x3,uint8,1080x1920x3,uint8,1080x1920,uint16,0,19999,0.4195679012345679,0.5804320987654321,0.0,0.0,0.14618489583333333,0.23073270420233408,33,
00000036,00000036.jpg,00000036.jpg,00000036.jpg,00000036.txt,360x640x3,uint8,360x640x3,uint8,360x640x3,uint8,0,255,0.7331770833333333,0.0,0.2668229166666667,0.0,0.1803125,0.0,8,"depth_is_jpeg;depth_dtype_uint8;depth_not_single_channel_shape_(360, 640, 3)"
000037,000037.png,000037.png,000037.png,000037.txt,1080x1920x3,uint8,1080x1920x3,uint8,1080x1920,uint16,0,19999,0.4260103202160494,0.5739896797839507,0.0,0.0,0.1007204861111111,0.2408143679300944,21,
00000038,00000038.jpg,00000038.jpg,00000038.jpg,00000038.txt,360x640x3,uint8,360x640x3,uint8,360x640x3,uint8,0,255,0.7310763888888889,0.0,0.2689236111111111,0.0,0.1802951388888889,0.0,9,"depth_is_jpeg;depth_dtype_uint8;depth_not_single_channel_shape_(360, 640, 3)"
000040,000040.png,000040.png,000040.png,000040.txt,1080x1920x3,uint8,1080x1920x3,uint8,1080x1920,uint16,0,19999,0.4375014467592593,0.5624985532407407,0.0,0.0,0.13540123456790124,0.23314267893632254,25,
000042,000042.png,000042.png,000042.png,000042.txt,1080x1920x3,uint8,1080x1920x3,uint8,1080x1920,uint16,0,19999,0.3798148148148148,0.6201851851851852,0.0,0.0,0.1147410300925926,0.24101209143797556,44,bbox_cross_image_boundary_line_28
000043,000043.png,000043.png,000043.png,000043.txt,1080x1920x3,uint8,1080x1920x3,uint8,1080x1920,uint16,0,19999,0.3334837962962963,0.6665162037037037,0.0,0.0,0.1186574074074074,0.23754886786142984,31,
00000043,00000043.jpg,00000043.jpg,00000043.jpg,00000043.txt,360x640x3,uint8,360x640x3,uint8,360x640x3,uint8,0,255,0.7410503472222222,0.0,0.25894965277777776,0.0,0.1802907986111111,0.0,9,"depth_is_jpeg;depth_dtype_uint8;depth_not_single_channel_shape_(360, 640, 3)"
00000045,00000045.jpg,00000045.jpg,00000045.jpg,00000045.txt,360x640x3,uint8,360x640x3,uint8,360x640x3,uint8,0,255,0.7427864583333333,0.0,0.25721354166666666,0.0,0.18030815972222222,0.0,9,"depth_is_jpeg;depth_dtype_uint8;depth_not_single_channel_shape_(360, 640, 3)"
000045,000045.png,000045.png,000045.png,000045.txt,1080x1920x3,uint8,1080x1920x3,uint8,1080x1920,uint16,0,19999,0.4468369020061728,0.5531630979938271,0.0,0.0,0.11192804783950618,0.23950167496999106,39,bbox_cross_image_boundary_line_23
00000047,00000047.jpg,00000047.jpg,00000047.jpg,00000047.txt,360x640x3,uint8,360x640x3,uint8,360x640x3,uint8,0,255,0.7188151041666667,0.0,0.28118489583333334,0.0,0.1802907986111111,0.0,8,"depth_is_jpeg;depth_dtype_uint8;depth_not_single_channel_shape_(360, 640, 3)"
00000049,00000049.jpg,00000049.jpg,00000049.jpg,00000049.txt,360x640x3,uint8,360x640x3,uint8,360x640x3,uint8,0,255,0.7394053819444445,0.0,0.26059461805555556,0.0,0.18030381944444446,0.0,8,"depth_is_jpeg;depth_dtype_uint8;depth_not_single_channel_shape_(360, 640, 3)"
00000050,00000050.jpg,00000050.jpg,00000050.jpg,00000050.txt,360x640x3,uint8,360x640x3,uint8,360x640x3,uint8,0,255,0.7379644097222222,0.0,0.2620355902777778,0.0,0.1802951388888889,0.0,8,"depth_is_jpeg;depth_dtype_uint8;depth_not_single_channel_shape_(360, 640, 3)"
000050,000050.png,000050.png,000050.png,000050.txt,1080x1920x3,uint8,1080x1920x3,uint8,1080x1920,uint16,0,19999,0.4048828125,0.5951171875,0.0,0.0,0.17537471064814814,0.22317290306091309,37,label_invalid_xywh_line_27;label_invalid_xywh_line_37
000051,000051.png,000051.png,000051.png,000051.txt,1080x1920x3,uint8,1080x1920x3,uint8,1080x1920,uint16,0,19999,0.34307484567901236,0.6569251543209876,0.0,0.0,0.08432195216049383,0.24428079525629678,38,
00000052,00000052.jpg,00000052.jpg,00000052.jpg,00000052.txt,360x640x3,uint8,360x640x3,uint8,360x640x3,uint8,0,255,0.7267621527777778,0.0,0.2732378472222222,0.0,0.1802777777777778,0.0,8,"depth_is_jpeg;depth_dtype_uint8;depth_not_single_channel_shape_(360, 640, 3)"
00000054,00000054.jpg,00000054.jpg,00000054.jpg,00000054.txt,360x640x3,uint8,360x640x3,uint8,360x640x3,uint8,0,255,0.7303862847222222,0.0,0.2696137152777778,0.0,0.1802907986111111,0.0,8,"depth_is_jpeg;depth_dtype_uint8;depth_not_single_channel_shape_(360, 640, 3)"
00000056,00000056.jpg,00000056.jpg,00000056.jpg,00000056.txt,360x640x3,uint8,360x640x3,uint8,360x640x3,uint8,0,255,0.7319097222222222,0.0,0.2680902777777778,0.0,0.18029947916666667,0.0,6,"depth_is_jpeg;depth_dtype_uint8;depth_not_single_channel_shape_(360, 640, 3)"
000056,000056.png,000056.png,000056.png,000056.txt,1080x1920x3,uint8,1080x1920x3,uint8,1080x1920,uint16,0,19999,0.46466483410493825,0.5353351658950617,0.0,0.0,0.04873842592592593,0.25646991034348804,15,
00000057,00000057.jpg,00000057.jpg,00000057.jpg,00000057.txt,360x640x3,uint8,360x640x3,uint8,360x640x3,uint8,0,255,0.7314887152777778,0.0,0.26851128472222224,0.0,0.18028645833333334,0.0,6,"depth_is_jpeg;depth_dtype_uint8;depth_not_single_channel_shape_(360, 640, 3)"
00000063,00000063.jpg,00000063.jpg,00000063.jpg,00000063.txt,360x640x3,uint8,360x640x3,uint8,360x640x3,uint8,0,255,0.7267491319444445,0.0,0.27325086805555554,0.0,0.18028211805555555,0.0,6,"depth_is_jpeg;depth_dtype_uint8;depth_not_single_channel_shape_(360, 640, 3)"
000066,000066.png,000066.png,000066.png,000066.txt,1080x1920x3,uint8,1080x1920x3,uint8,1080x1920,uint16,0,19999,0.5448630401234568,0.45513695987654323,0.0,0.0,0.17875385802469135,0.2617576519648234,6,
00000068,00000068.jpg,00000068.jpg,00000068.jpg,00000068.txt,360x640x3,uint8,360x640x3,uint8,360x640x3,uint8,0,255,0.724140625,0.0,0.275859375,0.0,0.1802951388888889,0.0,7,"depth_is_jpeg;depth_dtype_uint8;depth_not_single_channel_shape_(360, 640, 3)"
000070,000070.png,000070.png,000070.png,000070.txt,1080x1920x3,uint8,1080x1920x3,uint8,1080x1920,uint16,0,19999,0.5428057484567901,0.45719425154320986,0.0,0.0,0.20124903549382717,0.2090438554684321,4,
00000072,00000072.jpg,00000072.jpg,00000072.jpg,00000072.txt,360x640x3,uint8,360x640x3,uint8,360x640x3,uint8,0,255,0.7306814236111111,0.0,0.2693185763888889,0.0,0.1802951388888889,0.0,6,"depth_is_jpeg;depth_dtype_uint8;depth_not_single_channel_shape_(360, 640, 3)"
000078,000078.png,000078.png,000078.png,000078.txt,1080x1920x3,uint8,1080x1920x3,uint8,1080x1920,uint16,0,19999,0.5822853973765432,0.4177146026234568,0.0,0.0,0.1648755787037037,0.23122620582580566,13,
000081,000081.png,000081.png,000081.png,000081.txt,1080x1920x3,uint8,1080x1920x3,uint8,1080x1920,uint16,0,19999,0.5629489776234567,0.4370510223765432,0.0,0.0,0.1419897762345679,0.22744309405485788,8,
00000084,00000084.jpg,00000084.jpg,00000084.jpg,00000084.txt,360x640x3,uint8,360x640x3,uint8,360x640x3,uint8,0,255,0.7308637152777778,0.0,0.26913628472222223,0.0,0.18030381944444446,0.0,6,"depth_is_jpeg;depth_dtype_uint8;depth_not_single_channel_shape_(360, 640, 3)"
00000090,00000090.jpg,00000090.jpg,00000090.jpg,00000090.txt,360x640x3,uint8,360x640x3,uint8,360x640x3,uint8,0,255,0.7320138888888889,0.0,0.2679861111111111,0.0,0.1802951388888889,0.0,6,"depth_is_jpeg;depth_dtype_uint8;depth_not_single_channel_shape_(360, 640, 3)"
00000093,00000093.jpg,00000093.jpg,00000093.jpg,00000093.txt,360x640x3,uint8,360x640x3,uint8,360x640x3,uint8,0,255,0.7352170138888889,0.0,0.2647829861111111,0.0,0.18030815972222222,0.0,6,"depth_is_jpeg;depth_dtype_uint8;depth_not_single_channel_shape_(360, 640, 3)"
00000095,00000095.jpg,00000095.jpg,00000095.jpg,00000095.txt,360x640x3,uint8,360x640x3,uint8,360x640x3,uint8,0,255,0.7322612847222222,0.0,0.26773871527777776,0.0,0.18030381944444446,0.0,6,"depth_is_jpeg;depth_dtype_uint8;depth_not_single_channel_shape_(360, 640, 3)"
000097,000097.png,000097.png,000097.png,000097.txt,1080x1920x3,uint8,1080x1920x3,uint8,1080x1920,uint16,0,19999,0.417133487654321,0.582866512345679,0.0,0.0,0.2216382137345679,0.21180555721124014,5,
00000098,00000098.jpg,00000098.jpg,00000098.jpg,00000098.txt,360x640x3,uint8,360x640x3,uint8,360x640x3,uint8,0,255,0.7213671875,0.0,0.2786328125,0.0,0.18029947916666667,0.0,6,"depth_is_jpeg;depth_dtype_uint8;depth_not_single_channel_shape_(360, 640, 3)"
00000104,00000104.jpg,00000104.jpg,00000104.jpg,00000104.txt,360x640x3,uint8,360x640x3,uint8,360x640x3,uint8,0,255,0.7294357638888889,0.0,0.27056423611111113,0.0,0.18029947916666667,0.0,7,"depth_is_jpeg;depth_dtype_uint8;depth_not_single_channel_shape_(360, 640, 3)"
000105,000105.png,000105.png,000105.png,000105.txt,1080x1920x3,uint8,1080x1920x3,uint8,1080x1920,uint16,0,19999,0.2667100694444444,0.7332899305555556,0.0,0.0,0.0354248649691358,0.25286876658598584,1,
00000106,00000106.jpg,00000106.jpg,00000106.jpg,00000106.txt,360x640x3,uint8,360x640x3,uint8,360x640x3,uint8,0,255,0.7270572916666667,0.0,0.27294270833333334,0.0,0.1802951388888889,0.0,7,"depth_is_jpeg;depth_dtype_uint8;depth_not_single_channel_shape_(360, 640, 3)"
000109,000109.png,000109.png,000109.png,000109.txt,1080x1920x3,uint8,1080x1920x3,uint8,1080x1920,uint16,0,19999,0.31047694830246914,0.6895230516975308,0.0,0.0,0.0011304012345679012,0.2718409250179927,1,
00000111,00000111.jpg,00000111.jpg,00000111.jpg,00000111.txt,360x640x3,uint8,360x640x3,uint8,360x640x3,uint8,0,255,0.7282161458333334,0.0,0.27178385416666667,0.0,0.1803125,0.0,7,"depth_is_jpeg;depth_dtype_uint8;depth_not_single_channel_shape_(360, 640, 3)"
000114,000114.png,000114.png,000114.png,000114.txt,1080x1920x3,uint8,1080x1920x3,uint8,1080x1920,uint16,0,19999,0.40663194444444445,0.5933680555555556,0.0,0.0,0.08510802469135803,0.24817579487959543,2,
000116,000116.png,000116.png,000116.png,000116.txt,1080x1920x3,uint8,1080x1920x3,uint8,1080x1920,uint16,0,19999,0.5753838734567901,0.4246161265432099,0.0,0.0,0.09859375,0.24234053989251456,14,
00000118,00000118.jpg,00000118.jpg,00000118.jpg,00000118.txt,360x640x3,uint8,360x640x3,uint8,360x640x3,uint8,0,255,0.7273220486111112,0.0,0.2726779513888889,0.0,0.1803125,0.0,7,"depth_is_jpeg;depth_dtype_uint8;depth_not_single_channel_shape_(360, 640, 3)"
00000120,00000120.jpg,00000120.jpg,00000120.jpg,00000120.txt,360x640x3,uint8,360x640x3,uint8,360x640x3,uint8,0,255,0.7285720486111111,0.0,0.27142795138888887,0.0,0.1802907986111111,0.0,7,"depth_is_jpeg;depth_dtype_uint8;depth_not_single_channel_shape_(360, 640, 3)"
00000122,00000122.jpg,00000122.jpg,00000122.jpg,00000122.txt,360x640x3,uint8,360x640x3,uint8,360x640x3,uint8,0,255,0.7269878472222222,0.0,0.2730121527777778,0.0,0.1802907986111111,0.0,7,"depth_is_jpeg;depth_dtype_uint8;depth_not_single_channel_shape_(360, 640, 3)"
00000123,00000123.jpg,00000123.jpg,00000123.jpg,00000123.txt,360x640x3,uint8,360x640x3,uint8,360x640x3,uint8,0,255,0.7281987847222222,0.0,0.2718012152777778,0.0,0.1802951388888889,0.0,7,"depth_is_jpeg;depth_dtype_uint8;depth_not_single_channel_shape_(360, 640, 3)"
000127,000127.png,000127.png,000127.png,000127.txt,1080x1920x3,uint8,1080x1920x3,uint8,1080x1920,uint16,0,19999,0.43039014274691356,0.5696098572530864,0.0,0.0,0.0818967013888889,0.25438721974690753,13,
00000129,00000129.jpg,00000129.jpg,00000129.jpg,00000129.txt,360x640x3,uint8,360x640x3,uint8,360x640x3,uint8,0,255,0.7709244791666666,0.0,0.22907552083333332,0.0,0.2847265625,0.0,2,"depth_is_jpeg;depth_dtype_uint8;depth_not_single_channel_shape_(360, 640, 3)"
000130,000130.png,000130.png,000130.png,000130.txt,1080x1920x3,uint8,1080x1920x3,uint8,1080x1920,uint16,0,19999,0.37730902777777775,0.6226909722222222,0.0,0.0,0.05994454089506173,0.2605925252040227,12,
00000130,00000130.jpg,00000130.jpg,00000130.jpg,00000130.txt,360x640x3,uint8,360x640x3,uint8,360x640x3,uint8,0,255,0.769765625,0.0,0.230234375,0.0,0.2867881944444444,0.0,2,"depth_is_jpeg;depth_dtype_uint8;depth_not_single_channel_shape_(360, 640, 3)"
00000136,00000136.jpg,00000136.jpg,00000136.jpg,00000136.txt,360x640x3,uint8,360x640x3,uint8,360x640x3,uint8,0,255,0.7702387152777778,0.0,0.2297612847222222,0.0,0.25536024305555555,0.0,2,"depth_is_jpeg;depth_dtype_uint8;depth_not_single_channel_shape_(360, 640, 3)"
00000139,00000139.jpg,00000139.jpg,00000139.jpg,00000139.txt,360x640x3,uint8,360x640x3,uint8,360x640x3,uint8,0,255,0.7708203125,0.0,0.2291796875,0.0,0.2510590277777778,0.0,2,"depth_is_jpeg;depth_dtype_uint8;depth_not_single_channel_shape_(360, 640, 3)"
000140,000140.png,000140.png,000140.png,000140.txt,1080x1920x3,uint8,1080x1920x3,uint8,1080x1920,uint16,0,19999,0.17786361882716048,0.8221363811728395,0.0,0.0,0.06993730709876543,0.2614139715830485,8,
00000143,00000143.jpg,00000143.jpg,00000143.jpg,00000143.txt,360x640x3,uint8,360x640x3,uint8,360x640x3,uint8,0,255,0.7703298611111111,0.0,0.22967013888888888,0.0,0.2526909722222222,0.0,2,"depth_is_jpeg;depth_dtype_uint8;depth_not_single_channel_shape_(360, 640, 3)"
000146,000146.png,000146.png,000146.png,000146.txt,1080x1920x3,uint8,1080x1920x3,uint8,1080x1920,uint16,0,19999,0.6299855324074074,0.3700144675925926,0.0,0.0,0.06471257716049383,0.25795010725657147,12,
00000147,00000147.jpg,00000147.jpg,00000147.jpg,00000147.txt,360x640x3,uint8,360x640x3,uint8,360x640x3,uint8,0,255,0.7724652777777777,0.0,0.22753472222222224,0.0,0.25745225694444446,0.0,2,"depth_is_jpeg;depth_dtype_uint8;depth_not_single_channel_shape_(360, 640, 3)"
000152,000152.png,000152.png,000152.png,000152.txt,1080x1920x3,uint8,1080x1920x3,uint8,1080x1920,uint16,0,19999,0.8198746141975308,0.18012538580246915,0.0,0.0,0.07006751543209877,0.2471881459156672,20,
00000157,00000157.jpg,00000157.jpg,00000157.jpg,00000157.txt,360x640x3,uint8,360x640x3,uint8,360x640x3,uint8,0,255,0.7711675347222222,0.0,0.22883246527777779,0.0,0.27251736111111113,0.0,2,"depth_is_jpeg;depth_dtype_uint8;depth_not_single_channel_shape_(360, 640, 3)"
000157,000157.png,000157.png,000157.png,000157.txt,1080x1920x3,uint8,1080x1920x3,uint8,1080x1920,uint16,0,19999,0.8873635223765433,0.11263647762345678,0.0,0.0,0.11660445601851852,0.23465374608834585,23,
000162,000162.png,000162.png,000162.png,000162.txt,1080x1920x3,uint8,1080x1920x3,uint8,1080x1920,uint16,0,19999,0.5200472608024691,0.47995273919753084,0.0,0.0,0.1449242862654321,0.22950520614782968,6,
00000163,00000163.jpg,00000163.jpg,00000163.jpg,00000163.txt,360x640x3,uint8,360x640x3,uint8,360x640x3,uint8,0,255,0.7715104166666666,0.0,0.22848958333333333,0.0,0.27004774305555557,0.0,2,"depth_is_jpeg;depth_dtype_uint8;depth_not_single_channel_shape_(360, 640, 3)"
00000168,00000168.jpg,00000168.jpg,00000168.jpg,00000168.txt,360x640x3,uint8,360x640x3,uint8,360x640x3,uint8,0,255,0.7717621527777778,0.0,0.22823784722222223,0.0,0.2844357638888889,0.0,3,"depth_is_jpeg;depth_dtype_uint8;depth_not_single_channel_shape_(360, 640, 3)"
00000171,00000171.jpg,00000171.jpg,00000171.jpg,00000171.txt,360x640x3,uint8,360x640x3,uint8,360x640x3,uint8,0,255,0.7748828125,0.0,0.2251171875,0.0,0.2691059027777778,0.0,3,"depth_is_jpeg;depth_dtype_uint8;depth_not_single_channel_shape_(360, 640, 3)"
000173,000173.png,000173.png,000173.png,000173.txt,1080x1920x3,uint8,1080x1920x3,uint8,1080x1920,uint16,0,19999,0.04937451774691358,0.9506254822530864,0.0,0.0,0.10380063657407407,0.2442962328592936,2,
00000175,00000175.jpg,00000175.jpg,00000175.jpg,00000175.txt,360x640x3,uint8,360x640x3,uint8,360x640x3,uint8,0,255,0.7711805555555555,0.0,0.22881944444444444,0.0,0.2934765625,0.0,3,"depth_is_jpeg;depth_dtype_uint8;depth_not_single_channel_shape_(360, 640, 3)"
00000177,00000177.jpg,00000177.jpg,00000177.jpg,00000177.txt,360x640x3,uint8,360x640x3,uint8,360x640x3,uint8,0,255,0.7709505208333334,0.0,0.22904947916666665,0.0,0.29796875,0.0,3,"depth_is_jpeg;depth_dtype_uint8;depth_not_single_channel_shape_(360, 640, 3)"
00000180,00000180.jpg,00000180.jpg,00000180.jpg,00000180.txt,360x640x3,uint8,360x640x3,uint8,360x640x3,uint8,0,255,0.7735807291666666,0.0,0.22641927083333332,0.0,0.30370225694444447,0.0,3,"depth_is_jpeg;depth_dtype_uint8;depth_not_single_channel_shape_(360, 640, 3)"
000181,000181.png,000181.png,000181.png,000181.txt,1080x1920x3,uint8,1080x1920x3,uint8,1080x1920,uint16,0,19999,0.3295351080246914,0.6704648919753087,0.0,0.0,0.04330343364197531,0.2566515604654948,2,
000182,000182.png,000182.png,000182.png,000182.txt,1080x1920x3,uint8,1080x1920x3,uint8,1080x1920,uint16,0,19999,0.2581467013888889,0.7418532986111112,0.0,0.0,0.03361255787037037,0.2574591636657715,1,
00000184,00000184.jpg,00000184.jpg,00000184.jpg,00000184.txt,360x640x3,uint8,360x640x3,uint8,360x640x3,uint8,0,255,0.7712717013888889,0.0,0.2287282986111111,0.0,0.3064453125,0.0,3,"depth_is_jpeg;depth_dtype_uint8;depth_not_single_channel_shape_(360, 640, 3)"
000186,000186.png,000186.png,000186.png,000186.txt,1080x1920x3,uint8,1080x1920x3,uint8,1080x1920,uint16,0,19999,0.7949980709876543,0.20500192901234568,0.0,0.0,0.32620515046296295,0.18505273262659708,7,
00000189,00000189.jpg,00000189.jpg,00000189.jpg,00000189.txt,360x640x3,uint8,360x640x3,uint8,360x640x3,uint8,0,255,0.7726866319444444,0.0,0.22731336805555555,0.0,0.30082465277777776,0.0,3,"depth_is_jpeg;depth_dtype_uint8;depth_not_single_channel_shape_(360, 640, 3)"
000190,000190.png,000190.png,000190.png,000190.txt,1080x1920x3,uint8,1080x1920x3,uint8,1080x1920,uint16,0,19999,0.5252020640432099,0.4747979359567901,0.0,0.0,0.1403076774691358,0.24278967082500458,6,
000195,000195.png,000195.png,000195.png,000195.txt,1080x1920x3,uint8,1080x1920x3,uint8,1080x1920,uint16,0,19999,0.5405946180555555,0.45940538194444447,0.0,0.0,0.17943576388888888,0.21963894863923392,2,
00000203,00000203.jpg,00000203.jpg,00000203.jpg,00000203.txt,360x640x3,uint8,360x640x3,uint8,360x640x3,uint8,0,255,0.7723177083333334,0.0,0.22768229166666668,0.0,0.2824565972222222,0.0,3,"depth_is_jpeg;depth_dtype_uint8;depth_not_single_channel_shape_(360, 640, 3)"
000203,000203.png,000203.png,000203.png,000203.txt,1080x1920x3,uint8,1080x1920x3,uint8,1080x1920,uint16,0,19999,0.21361545138888888,0.7863845486111111,0.0,0.0,0.11097511574074075,0.24747910598913828,4,
00000205,00000205.jpg,00000205.jpg,00000205.jpg,00000205.txt,360x640x3,uint8,360x640x3,uint8,360x640x3,uint8,0,255,0.7741102430555555,0.0,0.22588975694444444,0.0,0.27032552083333333,0.0,3,"depth_is_jpeg;depth_dtype_uint8;depth_not_single_channel_shape_(360, 640, 3)"
000206,000206.png,000206.png,000206.png,000206.txt,1080x1920x3,uint8,1080x1920x3,uint8,1080x1920,uint16,0,19999,0.24662519290123458,0.7533748070987655,0.0,0.0,0.13867862654320987,0.2348341097434362,4,
00000207,00000207.jpg,00000207.jpg,00000207.jpg,00000207.txt,360x640x3,uint8,360x640x3,uint8,360x640x3,uint8,0,255,0.7700303819444444,0.0,0.22996961805555555,0.0,0.2681163194444444,0.0,3,"depth_is_jpeg;depth_dtype_uint8;depth_not_single_channel_shape_(360, 640, 3)"
00000212,00000212.jpg,00000212.jpg,00000212.jpg,00000212.txt,360x640x3,uint8,360x640x3,uint8,360x640x3,uint8,0,5,0.9988454861111111,0.0,0.001154513888888889,0.0,0.33771701388888886,0.0,1,"depth_is_jpeg;depth_dtype_uint8;depth_not_single_channel_shape_(360, 640, 3)"
00000214,00000214.jpg,00000214.jpg,00000214.jpg,00000214.txt,360x640x3,uint8,360x640x3,uint8,360x640x3,uint8,0,5,0.9997135416666667,0.0,0.00028645833333333333,0.0,0.3588237847222222,0.0,1,"depth_is_jpeg;depth_dtype_uint8;depth_not_single_channel_shape_(360, 640, 3)"
00000216,00000216.jpg,00000216.jpg,00000216.jpg,00000216.txt,360x640x3,uint8,360x640x3,uint8,360x640x3,uint8,0,12,0.9990668402777778,0.0,0.0009331597222222223,0.0,0.3788671875,0.0,1,"depth_is_jpeg;depth_dtype_uint8;depth_not_single_channel_shape_(360, 640, 3)"
00000220,00000220.jpg,00000220.jpg,00000220.jpg,00000220.txt,360x640x3,uint8,360x640x3,uint8,360x640x3,uint8,0,6,0.9996788194444445,0.0,0.00032118055555555556,0.0,0.3903689236111111,0.0,1,"depth_is_jpeg;depth_dtype_uint8;depth_not_single_channel_shape_(360, 640, 3)"
00000221,00000221.jpg,00000221.jpg,00000221.jpg,00000221.txt,360x640x3,uint8,360x640x3,uint8,360x640x3,uint8,0,255,0.8160980902777778,0.0,0.18390190972222223,0.0,0.30158420138888886,0.0,2,"depth_is_jpeg;depth_dtype_uint8;depth_not_single_channel_shape_(360, 640, 3)"
000224,000224.png,000224.png,000224.png,000224.txt,1080x1920x3,uint8,1080x1920x3,uint8,1080x1920,uint16,0,19999,0.6833024691358025,0.31669753086419755,0.0,0.0,0.08451822916666667,0.24259966611862183,2,bbox_cross_image_boundary_line_1
00000225,00000225.jpg,00000225.jpg,00000225.jpg,00000225.txt,360x640x3,uint8,360x640x3,uint8,360x640x3,uint8,0,255,0.8155208333333334,0.0,0.18447916666666667,0.0,0.29413194444444446,0.0,2,"depth_is_jpeg;depth_dtype_uint8;depth_not_single_channel_shape_(360, 640, 3)"
00000228,00000228.jpg,00000228.jpg,00000228.jpg,00000228.txt,360x640x3,uint8,360x640x3,uint8,360x640x3,uint8,0,255,0.7814756944444444,0.0,0.21852430555555555,0.0,0.28814670138888887,0.0,2,"depth_is_jpeg;depth_dtype_uint8;depth_not_single_channel_shape_(360, 640, 3)"
00000230,00000230.jpg,00000230.jpg,00000230.jpg,00000230.txt,360x640x3,uint8,360x640x3,uint8,360x640x3,uint8,0,255,0.8165017361111111,0.0,0.1834982638888889,0.0,0.2905729166666667,0.0,2,"depth_is_jpeg;depth_dtype_uint8;depth_not_single_channel_shape_(360, 640, 3)"
000234,000234.png,000234.png,000234.png,000234.txt,1080x1920x3,uint8,1080x1920x3,uint8,1080x1920,uint16,0,19999,0.3541685956790123,0.6458314043209876,0.0,0.0,0.2518397955246914,0.24194026490052542,1,
00000234,00000234.jpg,00000234.jpg,00000234.jpg,00000234.txt,360x640x3,uint8,360x640x3,uint8,360x640x3,uint8,0,255,0.8142447916666666,0.0,0.18575520833333334,0.0,0.29526475694444443,0.0,2,"depth_is_jpeg;depth_dtype_uint8;depth_not_single_channel_shape_(360, 640, 3)"
000235,000235.png,000235.png,000235.png,000235.txt,1080x1920x3,uint8,1080x1920x3,uint8,1080x1920,uint16,0,19999,0.26794994212962964,0.7320500578703704,0.0,0.0,0.18553288966049383,0.2167531500260035,1,
000239,000239.png,000239.png,000239.png,000239.txt,1080x1920x3,uint8,1080x1920x3,uint8,1080x1920,uint16,0,19999,0.5327440200617284,0.4672559799382716,0.0,0.0,0.026292920524691357,0.25976883868376416,3,
00000239,00000239.jpg,00000239.jpg,00000239.jpg,00000239.txt,360x640x3,uint8,360x640x3,uint8,360x640x3,uint8,0,255,0.8175303819444445,0.0,0.18246961805555556,0.0,0.2871918402777778,0.0,1,"depth_is_jpeg;depth_dtype_uint8;depth_not_single_channel_shape_(360, 640, 3)"
00000241,00000241.jpg,00000241.jpg,00000241.jpg,00000241.txt,360x640x3,uint8,360x640x3,uint8,360x640x3,uint8,0,255,0.8183723958333333,0.0,0.18162760416666668,0.0,0.2702560763888889,0.0,2,"depth_is_jpeg;depth_dtype_uint8;depth_not_single_channel_shape_(360, 640, 3)"
000242,000242.png,000242.png,000242.png,000242.txt,1080x1920x3,uint8,1080x1920x3,uint8,1080x1920,uint16,0,19999,0.8599049961419754,0.1400950038580247,0.0,0.0,0.11514371141975309,0.2363618810971578,4,
00000243,00000243.jpg,00000243.jpg,00000243.jpg,00000243.txt,360x640x3,uint8,360x640x3,uint8,360x640x3,uint8,0,255,0.8186414930555556,0.0,0.18135850694444444,0.0,0.2691189236111111,0.0,1,"depth_is_jpeg;depth_dtype_uint8;depth_not_single_channel_shape_(360, 640, 3)"
00000244,00000244.jpg,00000244.jpg,00000244.jpg,00000244.txt,360x640x3,uint8,360x640x3,uint8,360x640x3,uint8,0,255,0.8177126736111111,0.0,0.1822873263888889,0.0,0.26711805555555557,0.0,1,"depth_is_jpeg;depth_dtype_uint8;depth_not_single_channel_shape_(360, 640, 3)"
00000248,00000248.jpg,00000248.jpg,00000248.jpg,00000248.txt,360x640x3,uint8,360x640x3,uint8,360x640x3,uint8,0,255,0.8179123263888889,0.0,0.1820876736111111,0.0,0.29637586805555555,0.0,1,"depth_is_jpeg;depth_dtype_uint8;depth_not_single_channel_shape_(360, 640, 3)"
00000253,00000253.jpg,00000253.jpg,00000253.jpg,00000253.txt,360x640x3,uint8,360x640x3,uint8,360x640x3,uint8,0,255,0.8206987847222222,0.0,0.1793012152777778,0.0,0.30237413194444446,0.0,1,"depth_is_jpeg;depth_dtype_uint8;depth_not_single_channel_shape_(360, 640, 3)"
00000257,00000257.jpg,00000257.jpg,00000257.jpg,00000257.txt,360x640x3,uint8,360x640x3,uint8,360x640x3,uint8,0,255,0.8196440972222222,0.0,0.18035590277777777,0.0,0.27824652777777775,0.0,1,"depth_is_jpeg;depth_dtype_uint8;depth_not_single_channel_shape_(360, 640, 3)"
000259,000259.png,000259.png,000259.png,000259.txt,1080x1920x3,uint8,1080x1920x3,uint8,1080x1920,uint16,0,19995,0.2573712384259259,0.7426287615740741,0.0,0.0,0.05830246913580247,0.25833172102769214,2,
000261,000261.png,000261.png,000261.png,000261.txt,1080x1920x3,uint8,1080x1920x3,uint8,1080x1920,uint16,0,19999,0.3339158950617284,0.6660841049382716,0.0,0.0,0.1245654899691358,0.23889756699403128,6,
000266,000266.png,000266.png,000266.png,000266.txt,1080x1920x3,uint8,1080x1920x3,uint8,1080x1920,uint16,0,19999,0.23744164737654322,0.7625583526234568,0.0,0.0,0.1083690200617284,0.24057451883951822,2,
00000271,00000271.jpg,00000271.jpg,00000271.jpg,00000271.txt,360x640x3,uint8,360x640x3,uint8,360x640x3,uint8,0,255,0.8161588541666667,0.0,0.18384114583333333,0.0,0.2751736111111111,0.0,2,"depth_is_jpeg;depth_dtype_uint8;depth_not_single_channel_shape_(360, 640, 3)"
00000273,00000273.jpg,00000273.jpg,00000273.jpg,00000273.txt,360x640x3,uint8,360x640x3,uint8,360x640x3,uint8,0,255,0.8198654513888889,0.0,0.1801345486111111,0.0,0.2731857638888889,0.0,2,"depth_is_jpeg;depth_dtype_uint8;depth_not_single_channel_shape_(360, 640, 3)"
00000275,00000275.jpg,00000275.jpg,00000275.jpg,00000275.txt,360x640x3,uint8,360x640x3,uint8,360x640x3,uint8,0,255,0.8221788194444445,0.0,0.17782118055555557,0.0,0.29338975694444447,0.0,2,"depth_is_jpeg;depth_dtype_uint8;depth_not_single_channel_shape_(360, 640, 3)"
000279,000279.png,000279.png,000279.png,000279.txt,1080x1920x3,uint8,1080x1920x3,uint8,1080x1920,uint16,0,19999,0.3063030478395062,0.6936969521604939,0.0,0.0,0.10806134259259259,0.24370306233565012,7,
000281,000281.png,000281.png,000281.png,000281.txt,1080x1920x3,uint8,1080x1920x3,uint8,1080x1920,uint16,0,19999,0.22811439043209877,0.7718856095679012,0.0,0.0,0.0911766975308642,0.22761412958304086,16,
000282,000282.png,000282.png,000282.png,000282.txt,1080x1920x3,uint8,1080x1920x3,uint8,1080x1920,uint16,0,19999,0.2369675925925926,0.7630324074074074,0.0,0.0,0.14614920910493828,0.22864937782287598,16,
00000282,00000282.jpg,00000282.jpg,00000282.jpg,00000282.txt,360x640x3,uint8,360x640x3,uint8,360x640x3,uint8,0,255,0.8234722222222223,0.0,0.17652777777777778,0.0,0.29703993055555555,0.0,1,"depth_is_jpeg;depth_dtype_uint8;depth_not_single_channel_shape_(360, 640, 3)"
000284,000284.png,000284.png,000284.png,000284.txt,1080x1920x3,uint8,1080x1920x3,uint8,1080x1920,uint16,0,19999,0.20041666666666666,0.7995833333333333,0.0,0.0,0.1312037037037037,0.23456050952275595,13,
000289,000289.png,000289.png,000289.png,000289.txt,1080x1920x3,uint8,1080x1920x3,uint8,1080x1920,uint16,0,19999,0.17142457561728394,0.828575424382716,0.0,0.0,0.1009765625,0.2436898797750473,13,
00000291,00000291.jpg,00000291.jpg,00000291.jpg,00000291.txt,360x640x3,uint8,360x640x3,uint8,360x640x3,uint8,0,255,0.7246961805555555,0.0,0.27530381944444443,0.0,0.21421875,0.0,2,"depth_is_jpeg;depth_dtype_uint8;depth_not_single_channel_shape_(360, 640, 3)"
00000293,00000293.jpg,00000293.jpg,00000293.jpg,00000293.txt,360x640x3,uint8,360x640x3,uint8,360x640x3,uint8,0,255,0.7578168402777777,0.0,0.24218315972222224,0.0,0.21659722222222222,0.0,2,"depth_is_jpeg;depth_dtype_uint8;depth_not_single_channel_shape_(360, 640, 3)"
000295,000295.png,000295.png,000295.png,000295.txt,1080x1920x3,uint8,1080x1920x3,uint8,1080x1920,uint16,0,19999,0.1856539351851852,0.8143460648148149,0.0,0.0,0.11138792438271605,0.2411136825879415,11,
000300,000300.png,000300.png,000300.png,000300.txt,1080x1920x3,uint8,1080x1920x3,uint8,1080x1920,uint16,0,19999,0.15915316358024692,0.8408468364197531,0.0,0.0,0.08423273533950618,0.24491673707962036,11,
000301,000301.png,000301.png,000301.png,000301.txt,1080x1920x3,uint8,1080x1920x3,uint8,1080x1920,uint16,0,19999,0.1757836612654321,0.8242163387345679,0.0,0.0,0.22548755787037036,0.19975308825572333,6,
000303,000303.png,000303.png,000303.png,000303.txt,1080x1920x3,uint8,1080x1920x3,uint8,1080x1920,uint16,0,19999,0.19170042438271606,0.8082995756172839,0.0,0.0,0.17743248456790123,0.20787937194108963,9,
000305,000305.png,000305.png,000305.png,000305.txt,1080x1920x3,uint8,1080x1920x3,uint8,1080x1920,uint16,0,19999,0.23572675540123456,0.7642732445987654,0.0,0.0,0.23216483410493827,0.20547743141651154,7,
000309,000309.png,000309.png,000309.png,000309.txt,1080x1920x3,uint8,1080x1920x3,uint8,1080x1920,uint16,0,19999,0.16801070601851853,0.8319892939814815,0.0,0.0,0.13496383101851853,0.22627604007720947,6,
000311,000311.png,000311.png,000311.png,000311.txt,1080x1920x3,uint8,1080x1920x3,uint8,1080x1920,uint16,0,19999,0.1193016975308642,0.8806983024691358,0.0,0.0,0.16524546682098765,0.21325264126062393,4,
000313,000313.png,000313.png,000313.png,000313.txt,1080x1920x3,uint8,1080x1920x3,uint8,1080x1920,uint16,0,19999,0.024930073302469137,0.9750699266975309,0.0,0.0,0.1114158950617284,0.22762184838453928,4,
00000321,00000321.jpg,00000321.jpg,00000321.jpg,00000321.txt,360x640x3,uint8,360x640x3,uint8,360x640x3,uint8,0,255,0.7585329861111111,0.0,0.2414670138888889,0.0,0.2245920138888889,0.0,4,"depth_is_jpeg;depth_dtype_uint8;depth_not_single_channel_shape_(360, 640, 3)"
000323,000323.png,000323.png,000323.png,000323.txt,1080x1920x3,uint8,1080x1920x3,uint8,1080x1920,uint16,0,19999,0.2895109953703704,0.7104890046296296,0.0,0.0,0.10793065200617284,0.2425244301557541,2,
000328,000328.png,000328.png,000328.png,000328.txt,1080x1920x3,uint8,1080x1920x3,uint8,1080x1920,uint16,0,19999,0.30527536651234566,0.6947246334876543,0.0,0.0,0.09758728780864198,0.24465438226858774,4,
000329,000329.png,000329.png,000329.png,000329.txt,1080x1920x3,uint8,1080x1920x3,uint8,1080x1920,uint16,0,19999,0.30335503472222225,0.6966449652777778,0.0,0.0,0.11384886188271605,0.24078028897444406,3,
00000332,00000332.jpg,00000332.jpg,00000332.jpg,00000332.txt,360x640x3,uint8,360x640x3,uint8,360x640x3,uint8,0,255,0.7625911458333333,0.0,0.23740885416666666,0.0,0.22354600694444443,0.0,3,"depth_is_jpeg;depth_dtype_uint8;depth_not_single_channel_shape_(360, 640, 3)"
00000333,00000333.jpg,00000333.jpg,00000333.jpg,00000333.txt,360x640x3,uint8,360x640x3,uint8,360x640x3,uint8,0,255,0.7620355902777778,0.0,0.23796440972222221,0.0,0.22460503472222224,0.0,2,"depth_is_jpeg;depth_dtype_uint8;depth_not_single_channel_shape_(360, 640, 3)"
000333,000333.png,000333.png,000333.png,000333.txt,1080x1920x3,uint8,1080x1920x3,uint8,1080x1920,uint16,0,19999,0.3933540702160494,0.6066459297839506,0.0,0.0,0.09688705632716049,0.25073141356309253,14,
000336,000336.png,000336.png,000336.png,000336.txt,1080x1920x3,uint8,1080x1920x3,uint8,1080x1920,uint16,0,19999,0.43347029320987657,0.5665297067901235,0.0,0.0,0.10122154706790124,0.2857269197702408,15,
000339,000339.png,000339.png,000339.png,000339.txt,1080x1920x3,uint8,1080x1920x3,uint8,1080x1920,uint16,0,19999,0.2785580632716049,0.7214419367283951,0.0,0.0,0.060322145061728394,0.2597704480091731,12,
00000339,00000339.jpg,00000339.jpg,00000339.jpg,00000339.txt,360x640x3,uint8,360x640x3,uint8,360x640x3,uint8,0,255,0.7614236111111111,0.0,0.23857638888888888,0.0,0.22602430555555555,0.0,3,"depth_is_jpeg;depth_dtype_uint8;depth_not_single_channel_shape_(360, 640, 3)"
00000344,00000344.jpg,00000344.jpg,00000344.jpg,00000344.txt,360x640x3,uint8,360x640x3,uint8,360x640x3,uint8,0,255,0.7583940972222222,0.0,0.24160590277777777,0.0,0.21144097222222222,0.0,1,"depth_is_jpeg;depth_dtype_uint8;depth_not_single_channel_shape_(360, 640, 3)"
000345,000345.png,000345.png,000345.png,000345.txt,1080x1920x3,uint8,1080x1920x3,uint8,1080x1920,uint16,0,19999,0.2617206790123457,0.7382359182098766,4.340277777777778e-05,0.0,0.1020240162037037,0.25735853612422943,1,
00000346,00000346.jpg,00000346.jpg,00000346.jpg,00000346.txt,360x640x3,uint8,360x640x3,uint8,360x640x3,uint8,0,255,0.7567447916666666,0.0,0.24325520833333333,0.0,0.20609809027777778,0.0,1,"depth_is_jpeg;depth_dtype_uint8;depth_not_single_channel_shape_(360, 640, 3)"
000347,000347.png,000347.png,000347.png,000347.txt,1080x1920x3,uint8,1080x1920x3,uint8,1080x1920,uint16,0,19956,0.344173900462963,0.655700713734568,0.0001253858024691358,0.0,0.06722222222222222,0.2658330152432124,1,
000348,000348.png,000348.png,000348.png,000348.txt,1080x1920x3,uint8,1080x1920x3,uint8,1080x1920,uint16,0,19995,0.35781298225308644,0.6416975308641976,0.0004894868827160494,0.0,8.439429012345679e-05,0.2855831980705261,1,
000350,000350.png,000350.png,000350.png,000350.txt,1080x1920x3,uint8,1080x1920x3,uint8,1080x1920,uint16,0,19996,0.3008791473765432,0.6989453125,0.00017554012345679014,0.0,0.0743383487654321,0.26306519905726117,1,
000353,000353.png,000353.png,000353.png,000353.txt,1080x1920x3,uint8,1080x1920x3,uint8,1080x1920,uint16,0,19999,0.2177830825617284,0.7822169174382716,0.0,0.0,0.10067322530864198,0.2547219047943751,1,
00000355,00000355.jpg,00000355.jpg,00000355.jpg,00000355.txt,360x640x3,uint8,360x640x3,uint8,360x640x3,uint8,0,255,0.750625,0.0,0.249375,0.0,0.21292534722222223,0.0,3,"depth_is_jpeg;depth_dtype_uint8;depth_not_single_channel_shape_(360, 640, 3)"
000355,000355.png,000355.png,000355.png,000355.txt,1080x1920x3,uint8,1080x1920x3,uint8,1080x1920,uint16,0,19999,0.21030333719135802,0.7896489197530864,4.774305555555556e-05,0.0,0.013059413580246914,0.2804327408472697,1,
000358,000358.png,000358.png,000358.png,000358.txt,1080x1920x3,uint8,1080x1920x3,uint8,1080x1920,uint16,0,19999,0.2131520061728395,0.7868065200617284,4.147376543209877e-05,0.0,0.08306471836419753,0.26302534341812134,1,
000363,000363.png,000363.png,000363.png,000363.txt,1080x1920x3,uint8,1080x1920x3,uint8,1080x1920,uint16,0,14610,0.1686154513888889,0.8313845486111111,0.0,0.0,0.06748939043209877,0.2606455733378728,1,
00000364,00000364.jpg,00000364.jpg,00000364.jpg,00000364.txt,360x640x3,uint8,360x640x3,uint8,360x640x3,uint8,0,255,0.7444921875,0.0,0.2555078125,0.0,0.22067274305555556,0.0,1,"depth_is_jpeg;depth_dtype_uint8;depth_not_single_channel_shape_(360, 640, 3)"
000366,000366.png,000366.png,000366.png,000366.txt,1080x1920x3,uint8,1080x1920x3,uint8,1080x1920,uint16,0,14769,0.18236593364197531,0.8176224922839506,1.1574074074074073e-05,0.0,0.15584104938271606,0.24060924351215363,1,
00000367,00000367.jpg,00000367.jpg,00000367.jpg,00000367.txt,360x640x3,uint8,360x640x3,uint8,360x640x3,uint8,0,255,0.7448307291666667,0.0,0.25516927083333335,0.0,0.2165277777777778,0.0,1,"depth_is_jpeg;depth_dtype_uint8;depth_not_single_channel_shape_(360, 640, 3)"
000369,000369.png,000369.png,000369.png,000369.txt,1080x1920x3,uint8,1080x1920x3,uint8,1080x1920,uint16,0,16200,0.16011525848765432,0.8398847415123457,0.0,0.0,0.06450472608024692,0.2652285893758138,1,
00000371,00000371.jpg,00000371.jpg,00000371.jpg,00000371.txt,360x640x3,uint8,360x640x3,uint8,360x640x3,uint8,0,19,0.9728776041666667,0.0,0.027122395833333333,0.0,0.28901909722222224,0.0,2,"depth_is_jpeg;depth_dtype_uint8;depth_not_single_channel_shape_(360, 640, 3)"
00000373,00000373.jpg,00000373.jpg,00000373.jpg,00000373.txt,360x640x3,uint8,360x640x3,uint8,360x640x3,uint8,0,7,0.9955685763888888,0.0,0.004431423611111111,0.0,0.29088975694444447,0.0,4,"depth_is_jpeg;depth_dtype_uint8;depth_not_single_channel_shape_(360, 640, 3)"
000374,000374.png,000374.png,000374.png,000374.txt,1080x1920x3,uint8,1080x1920x3,uint8,1080x1920,uint16,0,19999,0.24167052469135802,0.7583294753086419,0.0,0.0,0.12915798611111112,0.2375462998946508,2,
00000376,00000376.jpg,00000376.jpg,00000376.jpg,00000376.txt,360x640x3,uint8,360x640x3,uint8,360x640x3,uint8,0,23,0.9487586805555556,0.0,0.05124131944444445,0.0,0.2850434027777778,0.0,4,"depth_is_jpeg;depth_dtype_uint8;depth_not_single_channel_shape_(360, 640, 3)"
000377,000377.png,000377.png,000377.png,000377.txt,1080x1920x3,uint8,1080x1920x3,uint8,1080x1920,uint16,0,19999,0.26754484953703705,0.732455150462963,0.0,0.0,0.13686439043209878,0.23310957352320352,2,
000379,000379.png,000379.png,000379.png,000379.txt,1080x1920x3,uint8,1080x1920x3,uint8,1080x1920,uint16,0,19999,0.21128520447530863,0.7887147955246914,0.0,0.0,0.12536554783950618,0.23757298290729523,2,
000380,000380.png,000380.png,000380.png,000380.txt,1080x1920x3,uint8,1080x1920x3,uint8,1080x1920,uint16,0,19999,0.11306809413580247,0.8869319058641976,0.0,0.0,0.1240822723765432,0.2344216157992681,3,
00000394,00000394.jpg,00000394.jpg,00000394.jpg,00000394.txt,360x640x3,uint8,360x640x3,uint8,360x640x3,uint8,0,0,1.0,0.0,0.0,0.0,0.2763454861111111,0.0,1,"depth_is_jpeg;depth_dtype_uint8;depth_not_single_channel_shape_(360, 640, 3)"
000395,000395.png,000395.png,000395.png,000395.txt,1080x1920x3,uint8,1080x1920x3,uint8,1080x1920,uint16,0,19999,0.34193962191358024,0.6580603780864197,0.0,0.0,0.17971884645061728,0.218967338403066,8,
00000396,00000396.jpg,00000396.jpg,00000396.jpg,00000396.txt,360x640x3,uint8,360x640x3,uint8,360x640x3,uint8,0,3,0.9964930555555556,0.0,0.0035069444444444445,0.0,0.2776649305555556,0.0,1,"depth_is_jpeg;depth_dtype_uint8;depth_not_single_channel_shape_(360, 640, 3)"
00000399,00000399.jpg,00000399.jpg,00000399.jpg,00000399.txt,360x640x3,uint8,360x640x3,uint8,360x640x3,uint8,0,0,1.0,0.0,0.0,0.0,0.2712890625,0.0,1,"depth_is_jpeg;depth_dtype_uint8;depth_not_single_channel_shape_(360, 640, 3)"
00000401,00000401.jpg,00000401.jpg,00000401.jpg,00000401.txt,360x640x3,uint8,360x640x3,uint8,360x640x3,uint8,0,2,0.9967925347222222,0.0,0.003207465277777778,0.0,0.26250868055555554,0.0,4,"depth_is_jpeg;depth_dtype_uint8;depth_not_single_channel_shape_(360, 640, 3)"
000404,000404.png,000404.png,000404.png,000404.txt,1080x1920x3,uint8,1080x1920x3,uint8,1080x1920,uint16,0,19999,0.22524546682098764,0.7747545331790123,0.0,0.0,0.10019627700617284,0.23487879832585654,1,
000406,000406.png,000406.png,000406.png,000406.txt,1080x1920x3,uint8,1080x1920x3,uint8,1080x1920,uint16,0,19999,0.1776658950617284,0.8223341049382716,0.0,0.0,0.07225453317901234,0.25555715958277386,1,
00000410,00000410.jpg,00000410.jpg,00000410.jpg,00000410.txt,360x640x3,uint8,360x640x3,uint8,360x640x3,uint8,0,0,1.0,0.0,0.0,0.0,0.2559678819444444,0.0,1,"depth_is_jpeg;depth_dtype_uint8;depth_not_single_channel_shape_(360, 640, 3)"
00000414,00000414.jpg,00000414.jpg,00000414.jpg,00000414.txt,360x640x3,uint8,360x640x3,uint8,360x640x3,uint8,0,0,1.0,0.0,0.0,0.0,0.2607291666666667,0.0,1,"depth_is_jpeg;depth_dtype_uint8;depth_not_single_channel_shape_(360, 640, 3)"
00000415,00000415.jpg,00000415.jpg,00000415.jpg,00000415.txt,360x640x3,uint8,360x640x3,uint8,360x640x3,uint8,0,0,1.0,0.0,0.0,0.0,0.26233940972222225,0.0,1,"depth_is_jpeg;depth_dtype_uint8;depth_not_single_channel_shape_(360, 640, 3)"
000415,000415.png,000415.png,000415.png,000415.txt,1080x1920x3,uint8,1080x1920x3,uint8,1080x1920,uint16,0,19999,0.5553641010802469,0.4446358989197531,0.0,0.0,0.19437789351851853,0.2173006683588028,22,
00000417,00000417.jpg,00000417.jpg,00000417.jpg,00000417.txt,360x640x3,uint8,360x640x3,uint8,360x640x3,uint8,0,4,0.9953602430555556,0.0,0.004639756944444445,0.0,0.2639453125,0.0,2,"depth_is_jpeg;depth_dtype_uint8;depth_not_single_channel_shape_(360, 640, 3)"
000418,000418.png,000418.png,000418.png,000418.txt,1080x1920x3,uint8,1080x1920x3,uint8,1080x1920,uint16,0,16098,0.02372829861111111,0.9762717013888889,0.0,0.0,0.08807050540123457,0.24735854069391885,1,
00000419,00000419.jpg,00000419.jpg,00000419.jpg,00000419.txt,360x640x3,uint8,360x640x3,uint8,360x640x3,uint8,0,255,0.5293489583333333,0.0,0.47065104166666666,0.0,0.215859375,0.0,2,"depth_is_jpeg;depth_dtype_uint8;depth_not_single_channel_shape_(360, 640, 3)"
000422,000422.png,000422.png,000422.png,000422.txt,1080x1920x3,uint8,1080x1920x3,uint8,1080x1920,uint16,0,19999,0.057744502314814816,0.9422554976851852,0.0,0.0,0.08804542824074074,0.2487956533829371,1,
00000423,00000423.jpg,00000423.jpg,00000423.jpg,00000423.txt,360x640x3,uint8,360x640x3,uint8,360x640x3,uint8,0,255,0.6448871527777778,0.0,0.35511284722222225,0.0,0.21703559027777777,0.0,2,"depth_is_jpeg;depth_dtype_uint8;depth_not_single_channel_shape_(360, 640, 3)"
000426,000426.png,000426.png,000426.png,000426.txt,1080x1920x3,uint8,1080x1920x3,uint8,1080x1920,uint16,0,18477,0.03271894290123457,0.9672810570987654,0.0,0.0,0.2037818287037037,0.21326099336147308,1,
00000426,00000426.jpg,00000426.jpg,00000426.jpg,00000426.txt,360x640x3,uint8,360x640x3,uint8,360x640x3,uint8,0,255,0.6056206597222222,0.0,0.39437934027777777,0.0,0.21534288194444445,0.0,1,"depth_is_jpeg;depth_dtype_uint8;depth_not_single_channel_shape_(360, 640, 3)"
000428,000428.png,000428.png,000428.png,000428.txt,1080x1920x3,uint8,1080x1920x3,uint8,1080x1920,uint16,0,9906,0.09177758487654321,0.9082224151234568,0.0,0.0,0.09722029320987655,0.23641717930634817,2,
000429,000429.png,000429.png,000429.png,000429.txt,1080x1920x3,uint8,1080x1920x3,uint8,1080x1920,uint16,0,11281,0.16234664351851852,0.8376533564814815,0.0,0.0,0.17206404320987653,0.21969586114088693,2,
000433,000433.png,000433.png,000433.png,000433.txt,1080x1920x3,uint8,1080x1920x3,uint8,1080x1920,uint16,0,19999,0.1065012538580247,0.8934987461419753,0.0,0.0,0.1649411651234568,0.2605098982652028,8,
00000433,00000433.jpg,00000433.jpg,00000433.jpg,00000433.txt,360x640x3,uint8,360x640x3,uint8,360x640x3,uint8,0,255,0.6635763888888889,0.0,0.33642361111111113,0.0,0.21651909722222223,0.0,1,"depth_is_jpeg;depth_dtype_uint8;depth_not_single_channel_shape_(360, 640, 3)"
00000435,00000435.jpg,00000435.jpg,00000435.jpg,00000435.txt,360x640x3,uint8,360x640x3,uint8,360x640x3,uint8,0,255,0.6530902777777777,0.0,0.3469097222222222,0.0,0.2171831597222222,0.0,1,"depth_is_jpeg;depth_dtype_uint8;depth_not_single_channel_shape_(360, 640, 3)"
000437,000437.png,000437.png,000437.png,000437.txt,1080x1920x3,uint8,1080x1920x3,uint8,1080x1920,uint16,0,19999,0.10428867669753086,0.8957113233024692,0.0,0.0,0.21530478395061728,0.20736400286356607,12,bbox_cross_image_boundary_line_11;bbox_cross_image_boundary_line_12
00000440,00000440.jpg,00000440.jpg,00000440.jpg,00000440.txt,360x640x3,uint8,360x640x3,uint8,360x640x3,uint8,0,255,0.5975043402777778,0.0,0.40249565972222223,0.0,0.21897569444444445,0.0,1,"depth_is_jpeg;depth_dtype_uint8;depth_not_single_channel_shape_(360, 640, 3)"
00000446,00000446.jpg,00000446.jpg,00000446.jpg,00000446.txt,360x640x3,uint8,360x640x3,uint8,360x640x3,uint8,0,255,0.6456163194444444,0.0,0.3543836805555556,0.0,0.21784288194444446,0.0,1,"depth_is_jpeg;depth_dtype_uint8;depth_not_single_channel_shape_(360, 640, 3)"
00000447,00000447.jpg,00000447.jpg,00000447.jpg,00000447.txt,360x640x3,uint8,360x640x3,uint8,360x640x3,uint8,0,255,0.6840451388888888,0.0,0.3159548611111111,0.0,0.2182595486111111,0.0,1,"depth_is_jpeg;depth_dtype_uint8;depth_not_single_channel_shape_(360, 640, 3)"
000452,000452.png,000452.png,000452.png,000452.txt,1080x1920x3,uint8,1080x1920x3,uint8,1080x1920,uint16,0,19999,0.17622444058641976,0.8225487075617284,0.0012268518518518518,0.0,0.11533709490740741,0.23283500969409943,3,
000456,000456.png,000456.png,000456.png,000456.txt,1080x1920x3,uint8,1080x1920x3,uint8,1080x1920,uint16,0,19999,0.13671875,0.8621739969135802,0.0011072530864197532,0.0,0.1265822723765432,0.23103074232737222,2,
000458,000458.png,000458.png,000458.png,000458.txt,1080x1920x3,uint8,1080x1920x3,uint8,1080x1920,uint16,0,19999,0.2044314236111111,0.7955685763888889,0.0,0.0,0.1954200424382716,0.20923868318398794,1,
00000460,00000460.jpg,00000460.jpg,00000460.jpg,00000460.txt,360x640x3,uint8,360x640x3,uint8,360x640x3,uint8,0,255,0.6947960069444444,0.0,0.30520399305555557,0.0,0.2204296875,0.0,1,"depth_is_jpeg;depth_dtype_uint8;depth_not_single_channel_shape_(360, 640, 3)"
000461,000461.png,000461.png,000461.png,000461.txt,1080x1920x3,uint8,1080x1920x3,uint8,1080x1920,uint16,0,19999,0.5498876350308642,0.4501123649691358,0.0,0.0,0.15541811342592593,0.22980227569739023,2,
00000462,00000462.jpg,00000462.jpg,00000462.jpg,00000462.txt,360x640x3,uint8,360x640x3,uint8,360x640x3,uint8,0,255,0.6829513888888888,0.0,0.3170486111111111,0.0,0.2173394097222222,0.0,1,"depth_is_jpeg;depth_dtype_uint8;depth_not_single_channel_shape_(360, 640, 3)"
000463,000463.png,000463.png,000463.png,000463.txt,1080x1920x3,uint8,1080x1920x3,uint8,1080x1920,uint16,0,19999,0.44777681327160496,0.5522188464506173,4.340277777777778e-06,0.0,0.13140721450617285,0.23981095850467682,2,
000464,000464.png,000464.png,000464.png,000464.txt,1080x1920x3,uint8,1080x1920x3,uint8,1080x1920,uint16,0,19999,0.49236159336419755,0.5076384066358025,0.0,0.0,0.12837577160493827,0.23983442783355713,2,
00000467,00000467.jpg,00000467.jpg,00000467.jpg,00000467.txt,360x640x3,uint8,360x640x3,uint8,360x640x3,uint8,0,255,0.6858116319444445,0.0,0.31418836805555556,0.0,0.21729166666666666,0.0,1,"depth_is_jpeg;depth_dtype_uint8;depth_not_single_channel_shape_(360, 640, 3)"
00000480,00000480.jpg,00000480.jpg,00000480.jpg,00000480.txt,360x640x3,uint8,360x640x3,uint8,360x640x3,uint8,0,255,0.6790494791666667,0.0,0.3209505208333333,0.0,0.21619791666666666,0.0,1,"depth_is_jpeg;depth_dtype_uint8;depth_not_single_channel_shape_(360, 640, 3)"
00000481,00000481.jpg,00000481.jpg,00000481.jpg,00000481.txt,360x640x3,uint8,360x640x3,uint8,360x640x3,uint8,0,255,0.6872178819444444,0.0,0.31278211805555556,0.0,0.21169270833333334,0.0,1,"depth_is_jpeg;depth_dtype_uint8;depth_not_single_channel_shape_(360, 640, 3)"
000481,000481.png,000481.png,000481.png,000481.txt,1080x1920x3,uint8,1080x1920x3,uint8,1080x1920,uint16,0,19999,0.729122299382716,0.27087770061728395,0.0,0.0,0.15824556327160494,0.22790863116582236,4,
000484,000484.png,000484.png,000484.png,000484.txt,1080x1920x3,uint8,1080x1920x3,uint8,1080x1920,uint16,0,19999,0.6947299382716049,0.30527006172839505,0.0,0.0,0.15969280478395062,0.22900784512360892,4,
00000485,00000485.jpg,00000485.jpg,00000485.jpg,00000485.txt,360x640x3,uint8,360x640x3,uint8,360x640x3,uint8,0,255,0.6862673611111111,0.0,0.3137326388888889,0.0,0.2084982638888889,0.0,1,"depth_is_jpeg;depth_dtype_uint8;depth_not_single_channel_shape_(360, 640, 3)"
000487,000487.png,000487.png,000487.png,000487.txt,1080x1920x3,uint8,1080x1920x3,uint8,1080x1920,uint16,0,19999,0.6772583912037037,0.3227416087962963,0.0,0.0,0.10486352237654321,0.24349858860174814,2,
00000488,00000488.jpg,00000488.jpg,00000488.jpg,00000488.txt,360x640x3,uint8,360x640x3,uint8,360x640x3,uint8,0,255,0.7025954861111111,0.0,0.2974045138888889,0.0,0.21093315972222224,0.0,1,"depth_is_jpeg;depth_dtype_uint8;depth_not_single_channel_shape_(360, 640, 3)"
00000490,00000490.jpg,00000490.jpg,00000490.jpg,00000490.txt,360x640x3,uint8,360x640x3,uint8,360x640x3,uint8,0,255,0.6935980902777777,0.0,0.3064019097222222,0.0,0.21461371527777778,0.0,1,"depth_is_jpeg;depth_dtype_uint8;depth_not_single_channel_shape_(360, 640, 3)"
000492,000492.png,000492.png,000492.png,000492.txt,1080x1920x3,uint8,1080x1920x3,uint8,1080x1920,uint16,0,19999,0.7566261574074075,0.2433738425925926,0.0,0.0,0.14243971836419753,0.23398212591807047,3,
000493,000493.png,000493.png,000493.png,000493.txt,1080x1920x3,uint8,1080x1920x3,uint8,1080x1920,uint16,0,19999,0.7890870949074074,0.21091290509259258,0.0,0.0,0.12069396219135803,0.2356278896331787,3,
000495,000495.png,000495.png,000495.png,000495.txt,1080x1920x3,uint8,1080x1920x3,uint8,1080x1920,uint16,0,19999,0.7444753086419753,0.2555246913580247,0.0,0.0,0.09321759259259259,0.24564365049203238,3,
00000497,00000497.jpg,00000497.jpg,00000497.jpg,00000497.txt,360x640x3,uint8,360x640x3,uint8,360x640x3,uint8,0,255,0.5430121527777778,0.0,0.45698784722222224,0.0,0.22046006944444443,0.0,2,"depth_is_jpeg;depth_dtype_uint8;depth_not_single_channel_shape_(360, 640, 3)"
000498,000498.png,000498.png,000498.png,000498.txt,1080x1920x3,uint8,1080x1920x3,uint8,1080x1920,uint16,0,19999,0.7910276813271605,0.2089723186728395,0.0,0.0,0.10512490354938271,0.2397698014974594,3,
00000499,00000499.jpg,00000499.jpg,00000499.jpg,00000499.txt,360x640x3,uint8,360x640x3,uint8,360x640x3,uint8,0,255,0.6374956597222222,0.0,0.3625043402777778,0.0,0.2162890625,0.0,2,"depth_is_jpeg;depth_dtype_uint8;depth_not_single_channel_shape_(360, 640, 3)"
000500,000500.png,000500.png,000500.png,000500.txt,1080x1920x3,uint8,1080x1920x3,uint8,1080x1920,uint16,0,19999,0.6921807484567901,0.3078192515432099,0.0,0.0,0.09784818672839506,0.24314268430074057,3,
00000501,00000501.jpg,00000501.jpg,00000501.jpg,00000501.txt,360x640x3,uint8,360x640x3,uint8,360x640x3,uint8,0,255,0.5673394097222222,0.0,0.43266059027777776,0.0,0.2170138888888889,0.0,2,"depth_is_jpeg;depth_dtype_uint8;depth_not_single_channel_shape_(360, 640, 3)"
00000506,00000506.jpg,00000506.jpg,00000506.jpg,00000506.txt,360x640x3,uint8,360x640x3,uint8,360x640x3,uint8,0,255,0.5602126736111112,0.0,0.4397873263888889,0.0,0.21730902777777777,0.0,2,"depth_is_jpeg;depth_dtype_uint8;depth_not_single_channel_shape_(360, 640, 3)"
000508,000508.png,000508.png,000508.png,000508.txt,1080x1920x3,uint8,1080x1920x3,uint8,1080x1920,uint16,0,19999,0.2962273341049383,0.7037726658950617,0.0,0.0,0.016317033179012345,0.2693251719077428,7,
00000508,00000508.jpg,00000508.jpg,00000508.jpg,00000508.txt,360x640x3,uint8,360x640x3,uint8,360x640x3,uint8,0,255,0.6029383680555556,0.0,0.39706163194444444,0.0,0.21444010416666667,0.0,2,"depth_is_jpeg;depth_dtype_uint8;depth_not_single_channel_shape_(360, 640, 3)"
000509,000509.png,000509.png,000509.png,000509.txt,1080x1920x3,uint8,1080x1920x3,uint8,1080x1920,uint16,0,19999,0.2130010609567901,0.7869989390432098,0.0,0.0,0.15202256944444445,0.23299543062845865,4,
00000510,00000510.jpg,00000510.jpg,00000510.jpg,00000510.txt,360x640x3,uint8,360x640x3,uint8,360x640x3,uint8,0,255,0.6466579861111111,0.0,0.35334201388888886,0.0,0.2162543402777778,0.0,2,"depth_is_jpeg;depth_dtype_uint8;depth_not_single_channel_shape_(360, 640, 3)"
00000512,00000512.jpg,00000512.jpg,00000512.jpg,00000512.txt,360x640x3,uint8,360x640x3,uint8,360x640x3,uint8,0,255,0.6326779513888889,0.0,0.3673220486111111,0.0,0.21815538194444445,0.0,2,"depth_is_jpeg;depth_dtype_uint8;depth_not_single_channel_shape_(360, 640, 3)"
00000515,00000515.jpg,00000515.jpg,00000515.jpg,00000515.txt,360x640x3,uint8,360x640x3,uint8,360x640x3,uint8,0,255,0.6125564236111111,0.0,0.3874435763888889,0.0,0.22065972222222222,0.0,2,"depth_is_jpeg;depth_dtype_uint8;depth_not_single_channel_shape_(360, 640, 3)"
00000519,00000519.jpg,00000519.jpg,00000519.jpg,00000519.txt,360x640x3,uint8,360x640x3,uint8,360x640x3,uint8,0,255,0.8823611111111112,0.0,0.11763888888888889,0.0,0.32243923611111114,0.9768026769161224,2,"depth_is_jpeg;depth_dtype_uint8;depth_not_single_channel_shape_(360, 640, 3)"
000519,000519.png,000519.png,000519.png,000519.txt,1080x1920x3,uint8,1080x1920x3,uint8,1080x1920,uint16,0,9176,0.04761670524691358,0.9523832947530865,0.0,0.0,0.08345244984567901,0.24977430204550424,2,
000520,000520.png,000520.png,000520.png,000520.txt,1080x1920x3,uint8,1080x1920x3,uint8,1080x1920,uint16,0,9557,0.046040219907407406,0.9539597800925926,0.0,0.0,0.10743103780864198,0.24105034271876016,1,
000522,000522.png,000522.png,000522.png,000522.txt,1080x1920x3,uint8,1080x1920x3,uint8,1080x1920,uint16,0,19999,0.48375916280864195,0.516240837191358,0.0,0.0,0.13829668209876544,0.23270254830519357,2,
00000524,00000524.jpg,00000524.jpg,00000524.jpg,00000524.txt,360x640x3,uint8,360x640x3,uint8,360x640x3,uint8,0,255,0.8514496527777777,0.0,0.1485503472222222,0.0,0.3189192708333333,0.7703645626703898,2,"depth_is_jpeg;depth_dtype_uint8;depth_not_single_channel_shape_(360, 640, 3)"
000524,000524.png,000524.png,000524.png,000524.txt,1080x1920x3,uint8,1080x1920x3,uint8,1080x1920,uint16,0,19999,0.6114684606481482,0.38853153935185186,0.0,0.0,0.021355613425925925,0.2644602010647456,2,
000525,000525.png,000525.png,000525.png,000525.txt,1080x1920x3,uint8,1080x1920x3,uint8,1080x1920,uint16,0,19999,0.4971860532407407,0.5028139467592593,0.0,0.0,0.18100983796296297,0.23000578582286835,2,
00000526,00000526.jpg,00000526.jpg,00000526.jpg,00000526.txt,360x640x3,uint8,360x640x3,uint8,360x640x3,uint8,0,255,0.8875694444444444,0.0,0.11243055555555556,0.0,0.3186501736111111,0.0,2,"depth_is_jpeg;depth_dtype_uint8;depth_not_single_channel_shape_(360, 640, 3)"
00000529,00000529.jpg,00000529.jpg,00000529.jpg,00000529.txt,360x640x3,uint8,360x640x3,uint8,360x640x3,uint8,0,255,0.8832161458333333,0.0,0.11678385416666667,0.0,0.324453125,0.8617968857288361,2,"depth_is_jpeg;depth_dtype_uint8;depth_not_single_channel_shape_(360, 640, 3)"
00000535,00000535.jpg,00000535.jpg,00000535.jpg,00000535.txt,360x640x3,uint8,360x640x3,uint8,360x640x3,uint8,0,228,0.77109375,0.0,0.22890625,0.0,0.3201345486111111,1.0596759517987568,2,"depth_is_jpeg;depth_dtype_uint8;depth_not_single_channel_shape_(360, 640, 3)"
000542,000542.png,000542.png,000542.png,000542.txt,1080x1920x3,uint8,1080x1920x3,uint8,1080x1920,uint16,0,19999,0.14413001543209877,0.8558699845679012,0.0,0.0,0.18380738811728395,0.22128858168919882,2,
000543,000543.png,000543.png,000543.png,000543.txt,1080x1920x3,uint8,1080x1920x3,uint8,1080x1920,uint16,0,19999,0.1171826774691358,0.8828173225308642,0.0,0.0,0.16279272762345678,0.2228845159212748,2,
000545,000545.png,000545.png,000545.png,000545.txt,1080x1920x3,uint8,1080x1920x3,uint8,1080x1920,uint16,0,19999,0.09466145833333334,0.9053385416666667,0.0,0.0,0.12453125,0.23044270277023315,2,
000546,000546.png,000546.png,000546.png,000546.txt,1080x1920x3,uint8,1080x1920x3,uint8,1080x1920,uint16,0,19999,0.08865113811728395,0.911348861882716,0.0,0.0,0.14872492283950617,0.22212866445382437,2,
000548,000548.png,000548.png,000548.png,000548.txt,1080x1920x3,uint8,1080x1920x3,uint8,1080x1920,uint16,0,19996,0.09988570601851852,0.9001142939814815,0.0,0.0,0.15350260416666667,0.22829057772954306,2,
000553,000553.png,000553.png,000553.png,000553.txt,1080x1920x3,uint8,1080x1920x3,uint8,1080x1920,uint16,0,19999,0.08824749228395062,0.9117525077160494,0.0,0.0,0.0,0.2741181254386902,2,
000554,000554.png,000554.png,000554.png,000554.txt,1080x1920x3,uint8,1080x1920x3,uint8,1080x1920,uint16,0,19999,0.07359085648148148,0.9264091435185186,0.0,0.0,0.00017843364197530864,0.27654674152533215,2,
00000554,00000554.jpg,00000554.jpg,00000554.jpg,00000554.txt,360x640x3,uint8,360x640x3,uint8,360x640x3,uint8,0,255,0.8484635416666667,0.0,0.15153645833333335,0.0,0.21796006944444443,1.1469762921333313,3,"depth_is_jpeg;depth_dtype_uint8;depth_not_single_channel_shape_(360, 640, 3)"
00000556,00000556.jpg,00000556.jpg,00000556.jpg,00000556.txt,360x640x3,uint8,360x640x3,uint8,360x640x3,uint8,0,255,0.8483984375,0.0,0.1516015625,0.0,0.215234375,0.0,3,"depth_is_jpeg;depth_dtype_uint8;depth_not_single_channel_shape_(360, 640, 3)"
00000560,00000560.jpg,00000560.jpg,00000560.jpg,00000560.txt,360x640x3,uint8,360x640x3,uint8,360x640x3,uint8,0,253,0.7266015625,0.0,0.2733984375,0.0,0.21212239583333334,1.4081915418306987,3,"depth_is_jpeg;depth_dtype_uint8;depth_not_single_channel_shape_(360, 640, 3)"
000561,000561.png,000561.png,000561.png,000561.txt,1080x1920x3,uint8,1080x1920x3,uint8,1080x1920,uint16,0,19999,0.29638213734567903,0.703617862654321,0.0,0.0,0.14435956790123458,0.2344206521908442,5,
000567,000567.png,000567.png,000567.png,000567.txt,1080x1920x3,uint8,1080x1920x3,uint8,1080x1920,uint16,0,19999,0.41273582175925927,0.5872641782407407,0.0,0.0,0.12473861882716049,0.24228170017401376,4,
00000572,00000572.jpg,00000572.jpg,00000572.jpg,00000572.txt,360x640x3,uint8,360x640x3,uint8,360x640x3,uint8,0,255,0.8475911458333333,0.0,0.15240885416666666,0.0,0.19657552083333332,1.3347829778989155,4,"depth_is_jpeg;depth_dtype_uint8;depth_not_single_channel_shape_(360, 640, 3)"
000575,000575.png,000575.png,000575.png,000575.txt,1080x1920x3,uint8,1080x1920x3,uint8,1080x1920,uint16,0,19999,0.06319540895061729,0.9368045910493827,0.0,0.0,0.2381857638888889,0.20130626360575357,2,
00000576,00000576.jpg,00000576.jpg,00000576.jpg,00000576.txt,360x640x3,uint8,360x640x3,uint8,360x640x3,uint8,0,255,0.8423697916666667,0.0,0.15763020833333333,0.0,0.19838541666666668,0.0,3,"depth_is_jpeg;depth_dtype_uint8;depth_not_single_channel_shape_(360, 640, 3)"
00000577,00000577.jpg,00000577.jpg,00000577.jpg,00000577.txt,360x640x3,uint8,360x640x3,uint8,360x640x3,uint8,0,255,0.8345572916666667,0.0,0.16544270833333333,0.0,0.2023654513888889,1.2357378602027893,3,"depth_is_jpeg;depth_dtype_uint8;depth_not_single_channel_shape_(360, 640, 3)"
000578,000578.png,000578.png,000578.png,000578.txt,1080x1920x3,uint8,1080x1920x3,uint8,1080x1920,uint16,0,19999,0.06518663194444445,0.9348133680555556,0.0,0.0,0.028484760802469134,0.2592631181081136,2,
00000579,00000579.jpg,00000579.jpg,00000579.jpg,00000579.txt,360x640x3,uint8,360x640x3,uint8,360x640x3,uint8,0,255,0.8326475694444444,0.0,0.16735243055555554,0.0,0.20769965277777777,1.3186255892117817,3,"depth_is_jpeg;depth_dtype_uint8;depth_not_single_channel_shape_(360, 640, 3)"
000580,000580.png,000580.png,000580.png,000580.txt,1080x1920x3,uint8,1080x1920x3,uint8,1080x1920,uint16,0,19999,0.16938609182098766,0.8306139081790124,0.0,0.0,0.03849729938271605,0.2506825476884842,2,
000581,000581.png,000581.png,000581.png,000581.txt,1080x1920x3,uint8,1080x1920x3,uint8,1080x1920,uint16,0,19999,0.5061935763888888,0.4938064236111111,0.0,0.0,0.01935281635802469,0.27212127049763996,7,
000583,000583.png,000583.png,000583.png,000583.txt,1080x1920x3,uint8,1080x1920x3,uint8,1080x1920,uint16,0,19999,0.2634278549382716,0.7365721450617284,0.0,0.0,0.04523630401234568,0.3217020233472188,7,
00000585,00000585.jpg,00000585.jpg,00000585.jpg,00000585.txt,360x640x3,uint8,360x640x3,uint8,360x640x3,uint8,0,255,0.6676302083333333,0.0,0.3323697916666667,0.0,0.22212239583333335,1.4133217732111614,3,"depth_is_jpeg;depth_dtype_uint8;depth_not_single_channel_shape_(360, 640, 3)"
00000586,00000586.jpg,00000586.jpg,00000586.jpg,00000586.txt,360x640x3,uint8,360x640x3,uint8,360x640x3,uint8,0,255,0.8422482638888888,0.0,0.15775173611111112,0.0,0.2404079861111111,0.0,5,"depth_is_jpeg;depth_dtype_uint8;depth_not_single_channel_shape_(360, 640, 3)"
000586,000586.png,000586.png,000586.png,000586.txt,1080x1920x3,uint8,1080x1920x3,uint8,1080x1920,uint16,0,19999,0.28466628086419754,0.7153337191358025,0.0,0.0,0.03183979552469136,0.2577359875043233,7,
00000592,00000592.jpg,00000592.jpg,00000592.jpg,00000592.txt,360x640x3,uint8,360x640x3,uint8,360x640x3,uint8,0,255,0.8474826388888889,0.0,0.1525173611111111,0.0,0.2580381944444444,1.2798582116762798,6,"depth_is_jpeg;depth_dtype_uint8;depth_not_single_channel_shape_(360, 640, 3)"
000597,000597.png,000597.png,000597.png,000597.txt,1080x1920x3,uint8,1080x1920x3,uint8,1080x1920,uint16,0,19999,0.5297820216049383,0.47021797839506174,0.0,0.0,0.10788146219135802,0.24822434286276499,4,
00000597,00000597.jpg,00000597.jpg,00000597.jpg,00000597.txt,360x640x3,uint8,360x640x3,uint8,360x640x3,uint8,0,255,0.8487586805555556,0.0,0.15124131944444444,0.0,0.26578993055555555,1.066047449906667,4,"depth_is_jpeg;depth_dtype_uint8;depth_not_single_channel_shape_(360, 640, 3)"
000599,000599.png,000599.png,000599.png,000599.txt,1080x1920x3,uint8,1080x1920x3,uint8,1080x1920,uint16,0,19999,0.47067708333333336,0.5293031442901235,1.9772376543209878e-05,0.0,0.10743296682098766,0.2386538734038671,7,
00000599,00000599.jpg,00000599.jpg,00000599.jpg,00000599.txt,360x640x3,uint8,360x640x3,uint8,360x640x3,uint8,0,255,0.8480512152777778,0.0,0.15194878472222223,0.0,0.2544357638888889,0.9698582192262014,7,"depth_is_jpeg;depth_dtype_uint8;depth_not_single_channel_shape_(360, 640, 3)"
000602,000602.png,000602.png,000602.png,000602.txt,1080x1920x3,uint8,1080x1920x3,uint8,1080x1920,uint16,0,19999,0.28227719907407406,0.7177228009259259,0.0,0.0,0.13173032407407406,0.2385336309671402,1,
000605,000605.png,000605.png,000605.png,000605.txt,1080x1920x3,uint8,1080x1920x3,uint8,1080x1920,uint16,0,19999,0.19300925925925927,0.806962287808642,2.845293209876543e-05,0.0,0.07484471450617285,0.25093460579713184,2,
00000609,00000609.jpg,00000609.jpg,00000609.jpg,00000609.txt,360x640x3,uint8,360x640x3,uint8,360x640x3,uint8,0,255,0.8484027777777777,0.0,0.15159722222222222,0.0,0.22953559027777778,1.179053823153178,3,"depth_is_jpeg;depth_dtype_uint8;depth_not_single_channel_shape_(360, 640, 3)"
000610,000610.png,000610.png,000610.png,000610.txt,1080x1920x3,uint8,1080x1920x3,uint8,1080x1920,uint16,0,19999,0.22563416280864199,0.774365837191358,0.0,0.0,0.04190007716049383,0.2584059884150823,2,
000615,000615.png,000615.png,000615.png,000615.txt,1080x1920x3,uint8,1080x1920x3,uint8,1080x1920,uint16,0,19999,0.3065721450617284,0.6934278549382716,0.0,0.0,0.18876591435185186,0.21376446882883707,4,
00000615,00000615.jpg,00000615.jpg,00000615.jpg,00000615.txt,360x640x3,uint8,360x640x3,uint8,360x640x3,uint8,0,255,0.8484939236111111,0.0,0.15150607638888888,0.0,0.23465711805555556,1.5259404182434082,3,"depth_is_jpeg;depth_dtype_uint8;depth_not_single_channel_shape_(360, 640, 3)"
00000618,00000618.jpg,00000618.jpg,00000618.jpg,00000618.txt,360x640x3,uint8,360x640x3,uint8,360x640x3,uint8,0,253,0.8234722222222223,0.0,0.17652777777777778,0.0,0.2336545138888889,1.489212969938914,3,"depth_is_jpeg;depth_dtype_uint8;depth_not_single_channel_shape_(360, 640, 3)"
00000620,00000620.jpg,00000620.jpg,00000620.jpg,00000620.txt,360x640x3,uint8,360x640x3,uint8,360x640x3,uint8,0,255,0.8276779513888889,0.0,0.1723220486111111,0.0,0.23353732638888888,1.5269936124483745,3,"depth_is_jpeg;depth_dtype_uint8;depth_not_single_channel_shape_(360, 640, 3)"
00000622,00000622.jpg,00000622.jpg,00000622.jpg,00000622.txt,360x640x3,uint8,360x640x3,uint8,360x640x3,uint8,0,255,0.8440538194444445,0.0,0.15594618055555556,0.0,0.23049913194444444,1.296487271785736,3,"depth_is_jpeg;depth_dtype_uint8;depth_not_single_channel_shape_(360, 640, 3)"
00000629,00000629.jpg,00000629.jpg,00000629.jpg,00000629.txt,360x640x3,uint8,360x640x3,uint8,360x640x3,uint8,0,255,0.8426388888888889,0.0,0.15736111111111112,0.0,0.22598958333333333,1.2605005900065105,4,"depth_is_jpeg;depth_dtype_uint8;depth_not_single_channel_shape_(360, 640, 3)"
000630,000630.png,000630.png,000630.png,000630.txt,1080x1920x3,uint8,1080x1920x3,uint8,1080x1920,uint16,0,15009,0.03155671296296296,0.9684432870370371,0.0,0.0,0.12431520061728395,0.24018261830012003,2,
00000634,00000634.jpg,00000634.jpg,00000634.jpg,00000634.txt,360x640x3,uint8,360x640x3,uint8,360x640x3,uint8,0,253,0.8327213541666667,0.0,0.16727864583333332,0.0,0.22109375,1.0887355208396912,3,"depth_is_jpeg;depth_dtype_uint8;depth_not_single_channel_shape_(360, 640, 3)"
000635,000635.png,000635.png,000635.png,000635.txt,1080x1920x3,uint8,1080x1920x3,uint8,1080x1920,uint16,0,19999,0.29679832175925924,0.7032016782407408,0.0,0.0,0.15100501543209877,0.21950391928354898,3,
000637,000637.png,000637.png,000637.png,000637.txt,1080x1920x3,uint8,1080x1920x3,uint8,1080x1920,uint16,0,19999,0.38853153935185186,0.6114684606481482,0.0,0.0,0.09503616898148148,0.27031539380550385,3,
00000638,00000638.jpg,00000638.jpg,00000638.jpg,00000638.txt,360x640x3,uint8,360x640x3,uint8,360x640x3,uint8,0,255,0.8379470486111111,0.0,0.1620529513888889,0.0,0.2256423611111111,1.4020051956176758,3,"depth_is_jpeg;depth_dtype_uint8;depth_not_single_channel_shape_(360, 640, 3)"
00000640,00000640.jpg,00000640.jpg,00000640.jpg,00000640.txt,360x640x3,uint8,360x640x3,uint8,360x640x3,uint8,0,255,0.8352647569444445,0.0,0.16473524305555556,0.0,0.224609375,1.2809056639671326,3,"depth_is_jpeg;depth_dtype_uint8;depth_not_single_channel_shape_(360, 640, 3)"
00000642,00000642.jpg,00000642.jpg,00000642.jpg,00000642.txt,360x640x3,uint8,360x640x3,uint8,360x640x3,uint8,0,255,0.8323480902777778,0.0,0.16765190972222221,0.0,0.227109375,1.4747772415479024,3,"depth_is_jpeg;depth_dtype_uint8;depth_not_single_channel_shape_(360, 640, 3)"
000642,000642.png,000642.png,000642.png,000642.txt,1080x1920x3,uint8,1080x1920x3,uint8,1080x1920,uint16,0,19999,0.4925289351851852,0.5074710648148149,0.0,0.0,0.07708333333333334,0.2500019272168477,18,
00000643,00000643.jpg,00000643.jpg,00000643.jpg,00000643.txt,360x640x3,uint8,360x640x3,uint8,360x640x3,uint8,0,253,0.7849913194444444,0.0,0.21500868055555555,0.0,0.23043836805555556,1.522178848584493,3,"depth_is_jpeg;depth_dtype_uint8;depth_not_single_channel_shape_(360, 640, 3)"
000644,000644.png,000644.png,000644.png,000644.txt,1080x1920x3,uint8,1080x1920x3,uint8,1080x1920,uint16,0,19999,0.4395785108024691,0.5604214891975309,0.0,0.0,0.17615354938271605,0.2200877716143926,19,bbox_cross_image_boundary_line_15
000647,000647.png,000647.png,000647.png,000647.txt,1080x1920x3,uint8,1080x1920x3,uint8,1080x1920,uint16,0,19999,0.48041859567901235,0.5195814043209876,0.0,0.0,0.10101514274691357,0.2467335412899653,25,
00000649,00000649.jpg,00000649.jpg,00000649.jpg,00000649.txt,360x640x3,uint8,360x640x3,uint8,360x640x3,uint8,0,255,0.8332465277777777,0.0,0.16675347222222223,0.0,0.23483506944444443,1.1160069306691487,3,"depth_is_jpeg;depth_dtype_uint8;depth_not_single_channel_shape_(360, 640, 3)"
00000652,00000652.jpg,00000652.jpg,00000652.jpg,00000652.txt,360x640x3,uint8,360x640x3,uint8,360x640x3,uint8,0,255,0.8321006944444445,0.0,0.16789930555555554,0.0,0.2427300347222222,1.2444155017534893,3,"depth_is_jpeg;depth_dtype_uint8;depth_not_single_channel_shape_(360, 640, 3)"
000656,000656.png,000656.png,000656.png,000656.txt,1080x1920x3,uint8,1080x1920x3,uint8,1080x1920,uint16,0,19999,0.46620707947530865,0.5337929205246914,0.0,0.0,0.14363763503086419,0.2349787801504135,18,
00000658,00000658.jpg,00000658.jpg,00000658.jpg,00000658.txt,360x640x3,uint8,360x640x3,uint8,360x640x3,uint8,0,255,0.8377083333333334,0.0,0.16229166666666667,0.0,0.2508203125,1.5191551248232524,3,"depth_is_jpeg;depth_dtype_uint8;depth_not_single_channel_shape_(360, 640, 3)"
000660,000660.png,000660.png,000660.png,000660.txt,1080x1920x3,uint8,1080x1920x3,uint8,1080x1920,uint16,0,19999,0.43320601851851853,0.5667939814814815,0.0,0.0,0.12199170524691358,0.24019096295038858,18,
000666,000666.png,000666.png,000666.png,000666.txt,1080x1920x3,uint8,1080x1920x3,uint8,1080x1920,uint16,0,19999,0.6745225694444444,0.32547743055555556,0.0,0.0,0.1528390239197531,0.2183085729678472,10,
000680,000680.png,000680.png,000680.png,000680.txt,1080x1920x3,uint8,1080x1920x3,uint8,1080x1920,uint16,0,19999,0.4531269290123457,0.5468730709876544,0.0,0.0,0.10318045910493827,0.2417097489039103,7,
00000682,00000682.jpg,00000682.jpg,00000682.jpg,00000682.txt,360x640x3,uint8,360x640x3,uint8,360x640x3,uint8,0,255,0.8193836805555555,0.0,0.18061631944444445,0.0,0.24282118055555554,1.0244010488192241,3,"depth_is_jpeg;depth_dtype_uint8;depth_not_single_channel_shape_(360, 640, 3)"
000690,000690.png,000690.png,000690.png,000690.txt,1080x1920x3,uint8,1080x1920x3,uint8,1080x1920,uint16,0,19999,0.24199266975308642,0.7580073302469136,0.0,0.0,0.07182050540123457,0.23377603540817896,13,
000693,000693.png,000693.png,000693.png,000693.txt,1080x1920x3,uint8,1080x1920x3,uint8,1080x1920,uint16,0,19999,0.5425819830246914,0.45741801697530865,0.0,0.0,0.08215952932098765,0.23544013500213623,13,
000696,000696.png,000696.png,000696.png,000696.txt,1080x1920x3,uint8,1080x1920x3,uint8,1080x1920,uint16,0,19999,0.5040504436728395,0.4959495563271605,0.0,0.0,0.10415605709876544,0.2270868644118309,15,
000702,000702.png,000702.png,000702.png,000702.txt,1080x1920x3,uint8,1080x1920x3,uint8,1080x1920,uint16,0,19999,0.5019294945987655,0.49807050540123454,0.0,0.0,0.11490451388888889,0.23915927112102509,7,
000707,000707.png,000707.png,000707.png,000707.txt,1080x1920x3,uint8,1080x1920x3,uint8,1080x1920,uint16,0,19999,0.7419068287037037,0.2580931712962963,0.0,0.0,0.1243431712962963,0.24410879611968994,6,
000708,000708.png,000708.png,000708.png,000708.txt,1080x1920x3,uint8,1080x1920x3,uint8,1080x1920,uint16,0,19999,0.7883945794753087,0.21160542052469136,0.0,0.0,0.11689091435185185,0.2433481216430664,6,
000711,000711.png,000711.png,000711.png,000711.txt,1080x1920x3,uint8,1080x1920x3,uint8,1080x1920,uint16,0,19999,0.776520061728395,0.22347993827160495,0.0,0.0,0.17016251929012347,0.22673868636290231,9,
000724,000724.png,000724.png,000724.png,000724.txt,1080x1920x3,uint8,1080x1920x3,uint8,1080x1920,uint16,0,19999,0.7225848765432099,0.27741512345679015,0.0,0.0,0.0856081211419753,0.25750578939914703,12,
000733,000733.png,000733.png,000733.png,000733.txt,1080x1920x3,uint8,1080x1920x3,uint8,1080x1920,uint16,0,19999,0.10144048996913581,0.8985595100308642,0.0,0.0,0.1311646412037037,0.234195277094841,1,
000735,000735.png,000735.png,000735.png,000735.txt,1080x1920x3,uint8,1080x1920x3,uint8,1080x1920,uint16,0,19999,0.1886935763888889,0.8113064236111112,0.0,0.0,0.016103877314814816,0.2676707108815511,2,
000738,000738.png,000738.png,000738.png,000738.txt,1080x1920x3,uint8,1080x1920x3,uint8,1080x1920,uint16,0,19999,0.1756766010802469,0.824323398919753,0.0,0.0,0.09623505015432099,0.24623392025629678,4,
000739,000739.png,000739.png,000739.png,000739.txt,1080x1920x3,uint8,1080x1920x3,uint8,1080x1920,uint16,0,19999,0.21165605709876542,0.7883439429012346,0.0,0.0,0.11788001543209876,0.24062339464823404,4,
000744,000744.png,000744.png,000744.png,000744.txt,1080x1920x3,uint8,1080x1920x3,uint8,1080x1920,uint16,0,11279,0.12766251929012346,0.8723374807098765,0.0,0.0,0.20575135030864197,0.2531233976284663,4,
000745,000745.png,000745.png,000745.png,000745.txt,1080x1920x3,uint8,1080x1920x3,uint8,1080x1920,uint16,0,6762,0.18126591435185185,0.8187340856481482,0.0,0.0,0.09761381172839506,0.2421347697575887,4,
000750,000750.png,000750.png,000750.png,000750.txt,1080x1920x3,uint8,1080x1920x3,uint8,1080x1920,uint16,0,6822,0.024371141975308642,0.9756288580246913,0.0,0.0,0.08822771990740741,0.24576807022094727,3,
000752,000752.png,000752.png,000752.png,000752.txt,1080x1920x3,uint8,1080x1920x3,uint8,1080x1920,uint16,0,19999,0.41813850308641975,0.5818614969135802,0.0,0.0,0.1219849537037037,0.23882202307383218,4,
000755,000755.png,000755.png,000755.png,000755.txt,1080x1920x3,uint8,1080x1920x3,uint8,1080x1920,uint16,0,19999,0.4459500385802469,0.554049961419753,0.0,0.0,0.17076871141975308,0.22917534907658896,5,bbox_cross_image_boundary_line_3
000756,000756.png,000756.png,000756.png,000756.txt,1080x1920x3,uint8,1080x1920x3,uint8,1080x1920,uint16,0,19999,0.4749975887345679,0.5250024112654321,0.0,0.0,0.057801408179012345,0.2607513517141342,5,
000758,000758.png,000758.png,000758.png,000758.txt,1080x1920x3,uint8,1080x1920x3,uint8,1080x1920,uint16,0,19999,0.5347622492283951,0.46523775077160495,0.0,0.0,0.19534963348765433,0.22343524793783823,4,
000759,000759.png,000759.png,000759.png,000759.txt,1080x1920x3,uint8,1080x1920x3,uint8,1080x1920,uint16,0,19999,0.4185889274691358,0.5814110725308642,0.0,0.0,0.0692481674382716,0.255100945631663,5,
000761,000761.png,000761.png,000761.png,000761.txt,1080x1920x3,uint8,1080x1920x3,uint8,1080x1920,uint16,0,19999,0.3204021990740741,0.6795978009259259,0.0,0.0,0.1251610725308642,0.23715728521347046,17,
000764,000764.png,000764.png,000764.png,000764.txt,1080x1920x3,uint8,1080x1920x3,uint8,1080x1920,uint16,0,19999,0.33989149305555555,0.6601085069444445,0.0,0.0,0.1247825038580247,0.23317804435888925,14,
000766,000766.png,000766.png,000766.png,000766.txt,1080x1920x3,uint8,1080x1920x3,uint8,1080x1920,uint16,0,19999,0.36074893904320987,0.6392510609567901,0.0,0.0,0.12157744984567902,0.23908082644144693,17,
000779,000779.png,000779.png,000779.png,000779.txt,1080x1920x3,uint8,1080x1920x3,uint8,1080x1920,uint16,0,19999,0.13019386574074074,0.8698061342592592,0.0,0.0,0.11079571759259259,0.2424826423327128,6,
000780,000780.png,000780.png,000780.png,000780.txt,1080x1920x3,uint8,1080x1920x3,uint8,1080x1920,uint16,0,19528,0.08651765046296296,0.913482349537037,0.0,0.0,0.10160349151234568,0.24449942509333292,5,
000782,000782.png,000782.png,000782.png,000782.txt,1080x1920x3,uint8,1080x1920x3,uint8,1080x1920,uint16,0,19999,0.3977994791666667,0.6022005208333333,0.0,0.0,0.10198640046296296,0.2452076921860377,5,bbox_cross_image_boundary_line_5
000783,000783.png,000783.png,000783.png,000783.txt,1080x1920x3,uint8,1080x1920x3,uint8,1080x1920,uint16,0,19999,0.44731963734567903,0.552680362654321,0.0,0.0,0.09522472993827161,0.24683127800623575,5,
000788,000788.png,000788.png,000788.png,000788.txt,1080x1920x3,uint8,1080x1920x3,uint8,1080x1920,uint16,0,19999,0.44116560570987656,0.5588343942901235,0.0,0.0,0.1279224537037037,0.23825488487879434,8,
000790,000790.png,000790.png,000790.png,000790.txt,1080x1920x3,uint8,1080x1920x3,uint8,1080x1920,uint16,0,19999,0.4063421103395062,0.5936578896604938,0.0,0.0,0.08849488811728395,0.24760931233565012,4,
000794,000794.png,000794.png,000794.png,000794.txt,1080x1920x3,uint8,1080x1920x3,uint8,1080x1920,uint16,0,19999,0.13695119598765432,0.8630488040123456,0.0,0.0,0.0040909529320987655,0.2730623086293538,2,
000795,000795.png,000795.png,000795.png,000795.txt,1080x1920x3,uint8,1080x1920x3,uint8,1080x1920,uint16,0,19999,0.08054735725308641,0.9194526427469136,0.0,0.0,0.07718074845679013,0.23783565064271292,1,
000803,000803.png,000803.png,000803.png,000803.txt,1080x1920x3,uint8,1080x1920x3,uint8,1080x1920,uint16,0,19999,0.21660976080246913,0.7833902391975308,0.0,0.0,0.17509403935185186,0.21577739218870798,2,
000808,000808.png,000808.png,000808.png,000808.txt,1080x1920x3,uint8,1080x1920x3,uint8,1080x1920,uint16,0,19999,0.1415600887345679,0.8584399112654321,0.0,0.0,0.06176842206790124,0.24777295192082724,2,
000809,000809.png,000809.png,000809.png,000809.txt,1080x1920x3,uint8,1080x1920x3,uint8,1080x1920,uint16,0,19999,0.1357595486111111,0.8642404513888889,0.0,0.0,0.08546971450617284,0.2400311827659607,2,
000812,000812.png,000812.png,000812.png,000812.txt,1080x1920x3,uint8,1080x1920x3,uint8,1080x1920,uint16,0,19999,0.20970871913580247,0.7900371334876544,0.0002541473765432099,0.0,0.06655430169753086,0.25169432163238525,5,
000813,000813.png,000813.png,000813.png,000813.txt,1080x1920x3,uint8,1080x1920x3,uint8,1080x1920,uint16,0,19999,0.1983449074074074,0.8016550925925926,0.0,0.0,0.0807590663580247,0.24771895011266074,5,
000820,000820.png,000820.png,000820.png,000820.txt,1080x1920x3,uint8,1080x1920x3,uint8,1080x1920,uint16,0,19999,0.21322820216049382,0.7867717978395061,0.0,0.0,0.15194396219135803,0.2310239871342977,8,
000834,000834.png,000834.png,000834.png,000834.txt,1080x1920x3,uint8,1080x1920x3,uint8,1080x1920,uint16,0,19999,0.47358844521604937,0.5264115547839506,0.0,0.0,0.0917457561728395,0.3020029564698537,1,
000836,000836.png,000836.png,000836.png,000836.txt,1080x1920x3,uint8,1080x1920x3,uint8,1080x1920,uint16,0,19999,0.5153877314814815,0.4846122685185185,0.0,0.0,0.08062307098765432,0.2442898005247116,1,
000849,000849.png,000849.png,000849.png,000849.txt,1080x1920x3,uint8,1080x1920x3,uint8,1080x1920,uint16,0,19999,0.37746672453703706,0.622533275462963,0.0,0.0,0.1119777199074074,0.24419303238391876,8,
000850,000850.png,000850.png,000850.png,000850.txt,1080x1920x3,uint8,1080x1920x3,uint8,1080x1920,uint16,0,19999,0.3515600887345679,0.6484399112654321,0.0,0.0,0.12806712962962963,0.23781603574752808,9,bbox_cross_image_boundary_line_8
000863,000863.png,000863.png,000863.png,000863.txt,1080x1920x3,uint8,1080x1920x3,uint8,1080x1920,uint16,0,19999,0.4562673611111111,0.5437326388888889,0.0,0.0,0.08649450231481481,0.24611014127731323,8,
000868,000868.png,000868.png,000868.png,000868.txt,1080x1920x3,uint8,1080x1920x3,uint8,1080x1920,uint16,0,19999,0.2647501929012346,0.7352498070987654,0.0,0.0,0.0987987075617284,0.24459908405939737,12,bbox_cross_image_boundary_line_12
000872,000872.png,000872.png,000872.png,000872.txt,1080x1920x3,uint8,1080x1920x3,uint8,1080x1920,uint16,0,19999,0.5806987847222222,0.41930121527777775,0.0,0.0,0.17872395833333332,0.22026137510935465,1,
000877,000877.png,000877.png,000877.png,000877.txt,1080x1920x3,uint8,1080x1920x3,uint8,1080x1920,uint16,0,19999,0.5765769675925926,0.4234230324074074,0.0,0.0,0.14867525077160493,0.23090149462223053,1,
000879,000879.png,000879.png,000879.png,000879.txt,1080x1920x3,uint8,1080x1920x3,uint8,1080x1920,uint16,0,19999,0.5066729359567901,0.49332706404320986,0.0,0.0,0.13860773533950618,0.23007073005040488,2,
000883,000883.png,000883.png,000883.png,000883.txt,1080x1920x3,uint8,1080x1920x3,uint8,1080x1920,uint16,0,19999,0.0564501350308642,0.9435426311728395,7.2337962962962966e-06,0.0,0.12741030092592592,0.23445762693881989,10,
000889,000889.png,000889.png,000889.png,000889.txt,1080x1920x3,uint8,1080x1920x3,uint8,1080x1920,uint16,0,19999,0.10149932484567901,0.898500675154321,0.0,0.0,0.11429783950617284,0.23787937561670938,15,
000892,000892.png,000892.png,000892.png,000892.txt,1080x1920x3,uint8,1080x1920x3,uint8,1080x1920,uint16,0,19927,0.136953125,0.863046875,0.0,0.0,0.14437114197530865,0.22844907144705454,4,
000900,000900.png,000900.png,000900.png,000900.txt,1080x1920x3,uint8,1080x1920x3,uint8,1080x1920,uint16,0,19999,0.14086371527777777,0.8591362847222223,0.0,0.0,0.1097776813271605,0.23825713495413461,3,
000914,000914.png,000914.png,000914.png,000914.txt,1080x1920x3,uint8,1080x1920x3,uint8,1080x1920,uint16,0,19999,0.20392119984567902,0.796078800154321,0.0,0.0,0.17790895061728396,0.21901845932006836,1,
000917,000917.png,000917.png,000917.png,000917.txt,1080x1920x3,uint8,1080x1920x3,uint8,1080x1920,uint16,0,19996,0.2374676890432099,0.7625323109567901,0.0,0.0,0.06881703317901235,0.251884326338768,1,
000919,000919.png,000919.png,000919.png,000919.txt,1080x1920x3,uint8,1080x1920x3,uint8,1080x1920,uint16,0,19998,0.2289945023148148,0.7710054976851852,0.0,0.0,0.06005545910493827,0.25208815435568493,1,
000920,000920.png,000920.png,000920.png,000920.txt,1080x1920x3,uint8,1080x1920x3,uint8,1080x1920,uint16,0,19811,0.22871286651234568,0.7712871334876543,0.0,0.0,0.13203269675925927,0.2307735284169515,1,
000924,000924.png,000924.png,000924.png,000924.txt,1080x1920x3,uint8,1080x1920x3,uint8,1080x1920,uint16,0,19999,0.05783034336419753,0.9421696566358024,0.0,0.0,0.1054711612654321,0.23759516576925913,2,
000926,000926.png,000926.png,000926.png,000926.txt,1080x1920x3,uint8,1080x1920x3,uint8,1080x1920,uint16,0,19999,0.07712770061728395,0.9228722993827161,0.0,0.0,0.11685619212962962,0.23677147924900055,3,
000943,000943.png,000943.png,000943.png,000943.txt,1080x1920x3,uint8,1080x1920x3,uint8,1080x1920,uint16,0,19999,0.3497463348765432,0.6502536651234568,0.0,0.0,0.22376880787037037,0.20870242019494376,8,
000944,000944.png,000944.png,000944.png,000944.txt,1080x1920x3,uint8,1080x1920x3,uint8,1080x1920,uint16,0,19999,0.27923611111111113,0.7207638888888889,0.0,0.0,0.18426793981481482,0.21854970355828604,7,
000946,000946.png,000946.png,000946.png,000946.txt,1080x1920x3,uint8,1080x1920x3,uint8,1080x1920,uint16,0,19999,0.24343605324074075,0.7565639467592593,0.0,0.0,0.1720582561728395,0.222560445467631,5,
000952,000952.png,000952.png,000952.png,000952.txt,1080x1920x3,uint8,1080x1920x3,uint8,1080x1920,uint16,0,19999,0.528260513117284,0.4716864390432099,5.304783950617284e-05,0.0,0.18829716435185184,0.21723251044750214,3,
000953,000953.png,000953.png,000953.png,000953.txt,1080x1920x3,uint8,1080x1920x3,uint8,1080x1920,uint16,0,19999,0.4865842013888889,0.5133998842592593,1.591435185185185e-05,0.0,0.1451808449074074,0.2312464714050293,3,
000955,000955.png,000955.png,000955.png,000955.txt,1080x1920x3,uint8,1080x1920x3,uint8,1080x1920,uint16,0,19999,0.5362495177469135,0.4637504822530864,0.0,0.0,0.13121045524691358,0.23093493282794952,2,
000957,000957.png,000957.png,000957.png,000957.txt,1080x1920x3,uint8,1080x1920x3,uint8,1080x1920,uint16,0,19999,0.5752898341049383,0.4247000385802469,1.0127314814814815e-05,0.0,0.12455198688271604,0.2352700630823771,3,
000958,000958.png,000958.png,000958.png,000958.txt,1080x1920x3,uint8,1080x1920x3,uint8,1080x1920,uint16,0,19999,0.5302228009259259,0.46977719907407406,0.0,0.0,0.08709924768518519,0.24436021347840628,3,
000962,000962.png,000962.png,000962.png,000962.txt,1080x1920x3,uint8,1080x1920x3,uint8,1080x1920,uint16,0,19999,0.5880271026234568,0.4119728973765432,0.0,0.0,0.12826051311728395,0.2291830579439799,5,
000976,000976.png,000976.png,000976.png,000976.txt,1080x1920x3,uint8,1080x1920x3,uint8,1080x1920,uint16,0,19999,0.19716676311728396,0.802833236882716,0.0,0.0,0.1040870949074074,0.24598926305770874,1,
000982,000982.png,000982.png,000982.png,000982.txt,1080x1920x3,uint8,1080x1920x3,uint8,1080x1920,uint16,0,19999,0.6322092013888889,0.36779079861111114,0.0,0.0,0.12120081018518518,0.24426537255446115,11,
000984,000984.png,000984.png,000984.png,000984.txt,1080x1920x3,uint8,1080x1920x3,uint8,1080x1920,uint16,0,19999,0.6308661265432098,0.3691338734567901,0.0,0.0,0.11168643904320988,0.24597704410552979,12,
000987,000987.png,000987.png,000987.png,000987.txt,1080x1920x3,uint8,1080x1920x3,uint8,1080x1920,uint16,0,19999,0.6872270447530864,0.31277295524691356,0.0,0.0,0.08862847222222223,0.25313914318879444,15,
001015,001015.png,001015.png,001015.png,001015.txt,1080x1920x3,uint8,1080x1920x3,uint8,1080x1920,uint16,0,19999,0.4355449459876543,0.5644550540123456,0.0,0.0,0.09819155092592592,0.24586419761180878,13,
001029,001029.png,001029.png,001029.png,001029.txt,1080x1920x3,uint8,1080x1920x3,uint8,1080x1920,uint16,0,19999,0.07094135802469136,0.9290586419753086,0.0,0.0,0.12200327932098766,0.2308207949002584,5,bbox_cross_image_boundary_line_4
001033,001033.png,001033.png,001033.png,001033.txt,1080x1920x3,uint8,1080x1920x3,uint8,1080x1920,uint16,0,19999,0.713915412808642,0.28608458719135804,0.0,0.0,0.09767264660493827,0.23627057174841562,13,
001035,001035.png,001035.png,001035.png,001035.txt,1080x1920x3,uint8,1080x1920x3,uint8,1080x1920,uint16,0,19999,0.7212186535493827,0.2787813464506173,0.0,0.0,0.12410300925925925,0.22561021645863852,13,
001038,001038.png,001038.png,001038.png,001038.txt,1080x1920x3,uint8,1080x1920x3,uint8,1080x1920,uint16,0,19999,0.778939525462963,0.22106047453703703,0.0,0.0,0.10689091435185186,0.28342174490292865,14,bbox_cross_image_boundary_line_7
001039,001039.png,001039.png,001039.png,001039.txt,1080x1920x3,uint8,1080x1920x3,uint8,1080x1920,uint16,0,19999,0.7206958912037037,0.2793041087962963,0.0,0.0,0.1280912422839506,0.224615807334582,12,
001045,001045.png,001045.png,001045.png,001045.txt,1080x1920x3,uint8,1080x1920x3,uint8,1080x1920,uint16,0,19999,0.5690895061728395,0.4309104938271605,0.0,0.0,0.10529658564814814,0.23730709155400595,13,
001047,001047.png,001047.png,001047.png,001047.txt,1080x1920x3,uint8,1080x1920x3,uint8,1080x1920,uint16,0,19999,0.6092510609567902,0.3907489390432099,0.0,0.0,0.11524739583333334,0.23404546082019806,15,bbox_cross_image_boundary_line_12
001056,001056.png,001056.png,001056.png,001056.txt,1080x1920x3,uint8,1080x1920x3,uint8,1080x1920,uint16,0,19999,0.5744478202160493,0.4255521797839506,0.0,0.0,0.09387731481481482,0.23334715763727823,9,
001063,001063.png,001063.png,001063.png,001063.txt,1080x1920x3,uint8,1080x1920x3,uint8,1080x1920,uint16,0,19999,0.4914366319444444,0.5085633680555556,0.0,0.0,0.1402030285493827,0.22977012395858765,1,
001065,001065.png,001065.png,001065.png,001065.txt,1080x1920x3,uint8,1080x1920x3,uint8,1080x1920,uint16,0,19999,0.5566227816358025,0.4433772183641975,0.0,0.0,0.09194733796296296,0.23840148746967316,1,
001069,001069.png,001069.png,001069.png,001069.txt,1080x1920x3,uint8,1080x1920x3,uint8,1080x1920,uint16,0,19999,0.643506462191358,0.35649353780864196,0.0,0.0,0.10863088348765432,0.23654899497826895,1,
001072,001072.png,001072.png,001072.png,001072.txt,1080x1920x3,uint8,1080x1920x3,uint8,1080x1920,uint16,0,19999,0.8514231288580247,0.14857687114197532,0.0,0.0,0.08190731095679013,0.2525559415419896,1,
001075,001075.png,001075.png,001075.png,001075.txt,1080x1920x3,uint8,1080x1920x3,uint8,1080x1920,uint16,0,19999,0.8753086419753087,0.12469135802469136,0.0,0.0,0.06899016203703703,0.2563445170720418,1,
001077,001077.png,001077.png,001077.png,001077.txt,1080x1920x3,uint8,1080x1920x3,uint8,1080x1920,uint16,0,19999,0.8720997299382716,0.12790027006172838,0.0,0.0,0.0732373649691358,0.25787583986918133,1,
001098,001098.png,001098.png,001098.png,001098.txt,1080x1920x3,uint8,1080x1920x3,uint8,1080x1920,uint16,0,19999,0.43216676311728397,0.5678081597222222,2.507716049382716e-05,0.0,0.1594656635802469,0.22646250824133554,2,
001103,001103.png,001103.png,001103.png,001103.txt,1080x1920x3,uint8,1080x1920x3,uint8,1080x1920,uint16,0,19999,0.4001726466049383,0.5998273533950618,0.0,0.0,0.11337287808641976,0.24855935076872507,5,
001105,001105.png,001105.png,001105.png,001105.txt,1080x1920x3,uint8,1080x1920x3,uint8,1080x1920,uint16,0,19999,0.4192992862654321,0.5806785300925926,2.218364197530864e-05,0.0,0.11793113425925926,0.2488001585006714,5,
001110,001110.png,001110.png,001110.png,001110.txt,1080x1920x3,uint8,1080x1920x3,uint8,1080x1920,uint16,0,19999,0.4050313464506173,0.5949686535493827,0.0,0.0,0.09436873070987654,0.25248167912165326,5,
001112,001112.png,001112.png,001112.png,001112.txt,1080x1920x3,uint8,1080x1920x3,uint8,1080x1920,uint16,0,19999,0.4262056327160494,0.5737943672839506,0.0,0.0,0.14173032407407407,0.22836419443289438,12,
001114,001114.png,001114.png,001114.png,001114.txt,1080x1920x3,uint8,1080x1920x3,uint8,1080x1920,uint16,0,19999,0.41517216435185184,0.5848278356481481,0.0,0.0,0.11099344135802469,0.2416335493326187,13,
001119,001119.png,001119.png,001119.png,001119.txt,1080x1920x3,uint8,1080x1920x3,uint8,1080x1920,uint16,0,19999,0.2334350887345679,0.7665649112654321,0.0,0.0,0.10076340663580247,0.24376864731311798,7,
001120,001120.png,001120.png,001120.png,001120.txt,1080x1920x3,uint8,1080x1920x3,uint8,1080x1920,uint16,0,19999,0.23184220679012346,0.7681577932098765,0.0,0.0,0.08527488425925926,0.245483860373497,9,
001122,001122.png,001122.png,001122.png,001122.txt,1080x1920x3,uint8,1080x1920x3,uint8,1080x1920,uint16,0,19999,0.38634548611111114,0.6136545138888889,0.0,0.0,0.05921296296296296,0.2525305400292079,25,
001123,001123.png,001123.png,001123.png,001123.txt,1080x1920x3,uint8,1080x1920x3,uint8,1080x1920,uint16,0,19999,0.4087461419753086,0.5912538580246913,0.0,0.0,0.06704378858024691,0.24905574321746826,24,
001128,001128.png,001128.png,001128.png,001128.txt,1080x1920x3,uint8,1080x1920x3,uint8,1080x1920,uint16,0,19999,0.4119579475308642,0.5880420524691358,0.0,0.0,0.21167679398148148,0.21292213598887125,25,
001131,001131.png,001131.png,001131.png,001131.txt,1080x1920x3,uint8,1080x1920x3,uint8,1080x1920,uint16,0,19999,0.661318962191358,0.33868103780864195,0.0,0.0,0.09531346450617284,0.23954604069391885,18,
001135,001135.png,001135.png,001135.png,001135.txt,1080x1920x3,uint8,1080x1920x3,uint8,1080x1920,uint16,0,19999,0.6295563271604938,0.3704436728395062,0.0,0.0,0.14196180555555554,0.22513599693775177,8,
001138,001138.png,001138.png,001138.png,001138.txt,1080x1920x3,uint8,1080x1920x3,uint8,1080x1920,uint16,0,19999,0.7044410686728395,0.2955589313271605,0.0,0.0,0.11744068287037036,0.22578897078831991,9,
001139,001139.png,001139.png,001139.png,001139.txt,1080x1920x3,uint8,1080x1920x3,uint8,1080x1920,uint16,0,19999,0.7405642361111111,0.2594357638888889,0.0,0.0,0.11213831018518519,0.23248231410980225,12,
001142,001142.png,001142.png,001142.png,001142.txt,1080x1920x3,uint8,1080x1920x3,uint8,1080x1920,uint16,0,19999,0.585831886574074,0.4141681134259259,0.0,0.0,0.10076340663580247,0.3011532227198283,10,
001144,001144.png,001144.png,001144.png,001144.txt,1080x1920x3,uint8,1080x1920x3,uint8,1080x1920,uint16,0,19999,0.6446291473765432,0.3553708526234568,0.0,0.0,0.10788773148148148,0.26998263597488403,7,
001145,001145.png,001145.png,001145.png,001145.txt,1080x1920x3,uint8,1080x1920x3,uint8,1080x1920,uint16,0,19999,0.5546156442901234,0.44538435570987656,0.0,0.0,0.12864920910493827,0.22888664404551187,7,
001148,001148.png,001148.png,001148.png,001148.txt,1080x1920x3,uint8,1080x1920x3,uint8,1080x1920,uint16,0,19999,0.6353067129629629,0.364693287037037,0.0,0.0,0.10099971064814815,0.2305860916773478,9,
001151,001151.png,001151.png,001151.png,001151.txt,1080x1920x3,uint8,1080x1920x3,uint8,1080x1920,uint16,0,19999,0.3254060570987654,0.6745939429012345,0.0,0.0,0.1095727237654321,0.2421807497739792,22,
001156,001156.png,001156.png,001156.png,001156.txt,1080x1920x3,uint8,1080x1920x3,uint8,1080x1920,uint16,0,19999,0.3125250771604938,0.6874749228395062,0.0,0.0,0.13506703317901234,0.23486818869908652,11,
001157,001157.png,001157.png,001157.png,001157.txt,1080x1920x3,uint8,1080x1920x3,uint8,1080x1920,uint16,0,19999,0.29668065200617283,0.7033193479938271,0.0,0.0,0.19847511574074075,0.21718460321426392,10,
001164,001164.png,001164.png,001164.png,001164.txt,1080x1920x3,uint8,1080x1920x3,uint8,1080x1920,uint16,0,19999,0.4313478973765432,0.5686521026234568,0.0,0.0,0.1518532986111111,0.23022247850894928,19,
001168,001168.png,001168.png,001168.png,001168.txt,1080x1920x3,uint8,1080x1920x3,uint8,1080x1920,uint16,0,19999,0.4100366512345679,0.5899633487654321,0.0,0.0,0.09520592206790124,0.24475212395191193,23,bbox_cross_image_boundary_line_1
001172,001172.png,001172.png,001172.png,001172.txt,1080x1920x3,uint8,1080x1920x3,uint8,1080x1920,uint16,0,19999,0.09558786651234567,0.9044121334876544,0.0,0.0,0.09845486111111111,0.23734310766061148,4,
001173,001173.png,001173.png,001173.png,001173.txt,1080x1920x3,uint8,1080x1920x3,uint8,1080x1920,uint16,0,19999,0.11593364197530864,0.8840663580246914,0.0,0.0,0.03642988040123457,0.25432131191094715,4,
001179,001179.png,001179.png,001179.png,001179.txt,1080x1920x3,uint8,1080x1920x3,uint8,1080x1920,uint16,0,19999,0.10859519675925926,0.8914048032407408,0.0,0.0,0.11766782407407407,0.23405414323012033,4,
001189,001189.png,001189.png,001189.png,001189.txt,1080x1920x3,uint8,1080x1920x3,uint8,1080x1920,uint16,0,19999,0.12966917438271605,0.8703308256172839,0.0,0.0,0.03385368441358025,0.2590171694755554,3,
001199,001199.png,001199.png,001199.png,001199.txt,1080x1920x3,uint8,1080x1920x3,uint8,1080x1920,uint16,0,13361,0.06362847222222222,0.9363715277777778,0.0,0.0,0.09073591820987655,0.23523983856042227,13,
001202,001202.png,001202.png,001202.png,001202.txt,1080x1920x3,uint8,1080x1920x3,uint8,1080x1920,uint16,0,14025,0.0714284336419753,0.9285715663580247,0.0,0.0,0.11742235725308642,0.24261284371217093,13,bbox_cross_image_boundary_line_6
001206,001206.png,001206.png,001206.png,001206.txt,1080x1920x3,uint8,1080x1920x3,uint8,1080x1920,uint16,0,14605,0.07109085648148149,0.9289091435185185,0.0,0.0,0.08764467592592592,0.24998778104782104,13,
001210,001210.png,001210.png,001210.png,001210.txt,1080x1920x3,uint8,1080x1920x3,uint8,1080x1920,uint16,0,12595,0.07510223765432099,0.924897762345679,0.0,0.0,0.07257474922839506,0.2548784762620926,13,
001211,001211.png,001211.png,001211.png,001211.txt,1080x1920x3,uint8,1080x1920x3,uint8,1080x1920,uint16,0,10458,0.05648726851851852,0.9435127314814815,0.0,0.0,0.10854070216049383,0.2514554460843404,15,
001216,001216.png,001216.png,001216.png,001216.txt,1080x1920x3,uint8,1080x1920x3,uint8,1080x1920,uint16,0,10708,0.049360532407407405,0.9506394675925925,0.0,0.0,0.11972559799382716,0.2503456125656764,13,
001224,001224.png,001224.png,001224.png,001224.txt,1080x1920x3,uint8,1080x1920x3,uint8,1080x1920,uint16,0,10360,0.03111400462962963,0.9688859953703703,0.0,0.0,0.12453076774691359,0.24176889657974243,12,
001225,001225.png,001225.png,001225.png,001225.txt,1080x1920x3,uint8,1080x1920x3,uint8,1080x1920,uint16,0,10233,0.02875096450617284,0.9712490354938271,0.0,0.0,0.11510416666666666,0.24408275385697684,13,
001227,001227.png,001227.png,001227.png,001227.txt,1080x1920x3,uint8,1080x1920x3,uint8,1080x1920,uint16,0,10487,0.033937114197530864,0.9660628858024691,0.0,0.0,0.1614158950617284,0.2335924655199051,14,
001229,001229.png,001229.png,001229.png,001229.txt,1080x1920x3,uint8,1080x1920x3,uint8,1080x1920,uint16,0,10079,0.02452835648148148,0.9754716435185186,0.0,0.0,0.0721850887345679,0.26316551367441815,15,
001240,001240.png,001240.png,001240.png,001240.txt,1080x1920x3,uint8,1080x1920x3,uint8,1080x1920,uint16,0,10253,0.0237157600308642,0.9762842399691358,0.0,0.0,0.16122926311728394,0.23829250037670135,15,
001249,001249.png,001249.png,001249.png,001249.txt,1080x1920x3,uint8,1080x1920x3,uint8,1080x1920,uint16,0,10785,0.03056182484567901,0.969438175154321,0.0,0.0,0.08857445987654321,0.2430873860915502,12,
001252,001252.png,001252.png,001252.png,001252.txt,1080x1920x3,uint8,1080x1920x3,uint8,1080x1920,uint16,0,10409,0.033876832561728396,0.9661231674382716,0.0,0.0,0.09510127314814815,0.2518766125043233,15,
001257,001257.png,001257.png,001257.png,001257.txt,1080x1920x3,uint8,1080x1920x3,uint8,1080x1920,uint16,0,10308,0.026417341820987653,0.9735826581790124,0.0,0.0,0.14765432098765433,0.23776491483052573,14,
001260,001260.png,001260.png,001260.png,001260.txt,1080x1920x3,uint8,1080x1920x3,uint8,1080x1920,uint16,0,10097,0.026691261574074074,0.9733087384259259,0.0,0.0,0.09654899691358025,0.2499990314245224,13,
001265,001265.png,001265.png,001265.png,001265.txt,1080x1920x3,uint8,1080x1920x3,uint8,1080x1920,uint16,0,16050,0.053802083333333334,0.9461979166666666,0.0,0.0,0.1476538387345679,0.21995530525843301,13,bbox_cross_image_boundary_line_6
001270,001270.png,001270.png,001270.png,001270.txt,1080x1920x3,uint8,1080x1920x3,uint8,1080x1920,uint16,0,19521,0.05061439043209877,0.9493856095679012,0.0,0.0,0.20073109567901234,0.20502571513255438,12,
001273,001273.png,001273.png,001273.png,001273.txt,1080x1920x3,uint8,1080x1920x3,uint8,1080x1920,uint16,0,18312,0.05782889660493827,0.9421711033950617,0.0,0.0,0.08851273148148148,0.24226466317971548,15,
001275,001275.png,001275.png,001275.png,001275.txt,1080x1920x3,uint8,1080x1920x3,uint8,1080x1920,uint16,0,19050,0.05502459490740741,0.9449754050925926,0.0,0.0,0.10118344907407407,0.23790283997853598,15,
001276,001276.png,001276.png,001276.png,001276.txt,1080x1920x3,uint8,1080x1920x3,uint8,1080x1920,uint16,0,11699,0.05936535493827161,0.9406346450617284,0.0,0.0,0.11835551697530865,0.23022987445195517,16,
001278,001278.png,001278.png,001278.png,001278.txt,1080x1920x3,uint8,1080x1920x3,uint8,1080x1920,uint16,0,19998,0.053912037037037036,0.9460879629629629,0.0,0.0,0.10545138888888889,0.2310352325439453,14,
001279,001279.png,001279.png,001279.png,001279.txt,1080x1920x3,uint8,1080x1920x3,uint8,1080x1920,uint16,0,16531,0.04661940586419753,0.9533805941358025,0.0,0.0,0.06624614197530865,0.24200359980265299,18,
001281,001281.png,001281.png,001281.png,001281.txt,1080x1920x3,uint8,1080x1920x3,uint8,1080x1920,uint16,0,14379,0.060847318672839504,0.9391526813271605,0.0,0.0,0.06815393518518519,0.25045428176720935,17,
001291,001291.png,001291.png,001291.png,001291.txt,1080x1920x3,uint8,1080x1920x3,uint8,1080x1920,uint16,0,19999,0.6569386574074074,0.3430613425925926,0.0,0.0,0.1580878665123457,0.23466017345587412,23,
001294,001294.png,001294.png,001294.png,001294.txt,1080x1920x3,uint8,1080x1920x3,uint8,1080x1920,uint16,0,19999,0.6852608989197531,0.31473910108024694,0.0,0.0,0.06990885416666667,0.2543254892031352,26,
001295,001295.png,001295.png,001295.png,001295.txt,1080x1920x3,uint8,1080x1920x3,uint8,1080x1920,uint16,0,19999,0.6224580439814815,0.37754195601851853,0.0,0.0,0.08777391975308642,0.2510593483845393,27,
001300,001300.png,001300.png,001300.png,001300.txt,1080x1920x3,uint8,1080x1920x3,uint8,1080x1920,uint16,0,19999,0.5641980131172839,0.43580198688271604,0.0,0.0,0.10048225308641975,0.2442039599021276,27,
001305,001305.png,001305.png,001305.png,001305.txt,1080x1920x3,uint8,1080x1920x3,uint8,1080x1920,uint16,0,19999,0.6109051890432099,0.3890948109567901,0.0,0.0,0.10048852237654321,0.24614936610062918,16,
001306,001306.png,001306.png,001306.png,001306.txt,1080x1920x3,uint8,1080x1920x3,uint8,1080x1920,uint16,0,19999,0.6056799768518518,0.3943200231481481,0.0,0.0,0.093828125,0.24763856828212738,15,
001313,001313.png,001313.png,001313.png,001313.txt,1080x1920x3,uint8,1080x1920x3,uint8,1080x1920,uint16,0,19999,0.2140162037037037,0.7859837962962963,0.0,0.0,0.12141493055555555,0.23702642818291983,18,
001318,001318.png,001318.png,001318.png,001318.txt,1080x1920x3,uint8,1080x1920x3,uint8,1080x1920,uint16,0,19999,0.18036844135802468,0.8196315586419753,0.0,0.0,0.09023051697530864,0.25591692328453064,21,
001324,001324.png,001324.png,001324.png,001324.txt,1080x1920x3,uint8,1080x1920x3,uint8,1080x1920,uint16,0,8925,0.024932484567901234,0.9750675154320988,0.0,0.0,0.15841194058641975,0.2292171468337377,2,
001326,001326.png,001326.png,001326.png,001326.txt,1080x1920x3,uint8,1080x1920x3,uint8,1080x1920,uint16,0,9709,0.026802662037037038,0.9731973379629629,0.0,0.0,0.11120225694444444,0.24747620522975922,2,
001329,001329.png,001329.png,001329.png,001329.txt,1080x1920x3,uint8,1080x1920x3,uint8,1080x1920,uint16,0,10562,0.027258391203703703,0.9727416087962963,0.0,0.0,0.10197482638888888,0.250039870540301,2,
001330,001330.png,001330.png,001330.png,001330.txt,1080x1920x3,uint8,1080x1920x3,uint8,1080x1920,uint16,0,16147,0.026459780092592592,0.9735402199074074,0.0,0.0,0.1419854359567901,0.23497009774049124,2,
001332,001332.png,001332.png,001332.png,001332.txt,1080x1920x3,uint8,1080x1920x3,uint8,1080x1920,uint16,0,19999,0.04887538580246913,0.9511246141975309,0.0,0.0,0.07887056327160494,0.2470132460196813,3,
001335,001335.png,001335.png,001335.png,001335.txt,1080x1920x3,uint8,1080x1920x3,uint8,1080x1920,uint16,0,19999,0.1097193287037037,0.8902806712962963,0.0,0.0,0.1328636188271605,0.23162583510080972,2,
001340,001340.png,001340.png,001340.png,001340.txt,1080x1920x3,uint8,1080x1920x3,uint8,1080x1920,uint16,0,19998,0.03477092978395062,0.9652290702160494,0.0,0.0,0.09255787037037037,0.24150270223617554,2,
001341,001341.png,001341.png,001341.png,001341.txt,1080x1920x3,uint8,1080x1920x3,uint8,1080x1920,uint16,0,19999,0.13285445601851853,0.8671455439814815,0.0,0.0,0.10430603780864198,0.23645222187042236,11,
001345,001345.png,001345.png,001345.png,001345.txt,1080x1920x3,uint8,1080x1920x3,uint8,1080x1920,uint16,0,19999,0.14883487654320987,0.8511651234567901,0.0,0.0,0.07830343364197531,0.2390692482391993,9,
001346,001346.png,001346.png,001346.png,001346.txt,1080x1920x3,uint8,1080x1920x3,uint8,1080x1920,uint16,0,19999,0.19549479166666667,0.8045052083333334,0.0,0.0,0.12284722222222222,0.2380224416653315,10,
001351,001351.png,001351.png,001351.png,001351.txt,1080x1920x3,uint8,1080x1920x3,uint8,1080x1920,uint16,0,19996,0.13222993827160495,0.8677700617283951,0.0,0.0,0.11740162037037037,0.24754436810811362,8,
001353,001353.png,001353.png,001353.png,001353.txt,1080x1920x3,uint8,1080x1920x3,uint8,1080x1920,uint16,0,19999,0.11875337577160494,0.8812466242283951,0.0,0.0,0.1447362075617284,0.22865676879882812,7,
001356,001356.png,001356.png,001356.png,001356.txt,1080x1920x3,uint8,1080x1920x3,uint8,1080x1920,uint16,0,19999,0.2252126736111111,0.774783950617284,3.375771604938272e-06,0.0,0.06829523533950617,0.24645286798477173,3,
001359,001359.png,001359.png,001359.png,001359.txt,1080x1920x3,uint8,1080x1920x3,uint8,1080x1920,uint16,0,19999,0.09999180169753086,0.9000081983024691,0.0,0.0,0.11804976851851852,0.24338959157466888,6,
001362,001362.png,001362.png,001362.png,001362.txt,1080x1920x3,uint8,1080x1920x3,uint8,1080x1920,uint16,0,19999,0.11054880401234568,0.8894511959876543,0.0,0.0,0.0884278549382716,0.25193608303864795,6,
001364,001364.png,001364.png,001364.png,001364.txt,1080x1920x3,uint8,1080x1920x3,uint8,1080x1920,uint16,0,19999,0.08293354552469136,0.9170664544753087,0.0,0.0,0.0784519675925926,0.25480034450689953,7,
001367,001367.png,001367.png,001367.png,001367.txt,1080x1920x3,uint8,1080x1920x3,uint8,1080x1920,uint16,0,19999,0.17526957947530863,0.8247304205246914,0.0,0.0,0.21497251157407407,0.21958590050538382,8,
001368,001368.png,001368.png,001368.png,001368.txt,1080x1920x3,uint8,1080x1920x3,uint8,1080x1920,uint16,0,19999,0.10405430169753087,0.8959456983024692,0.0,0.0,0.10430459104938272,0.2497646560271581,9,
001372,001372.png,001372.png,001372.png,001372.txt,1080x1920x3,uint8,1080x1920x3,uint8,1080x1920,uint16,0,16505,0.011900559413580246,0.9880994405864197,0.0,0.0,0.1353178047839506,0.22924832503000894,3,
001373,001373.png,001373.png,001373.png,001373.txt,1080x1920x3,uint8,1080x1920x3,uint8,1080x1920,uint16,0,15319,0.01179735725308642,0.9882026427469136,0.0,0.0,0.10835407021604938,0.23955793678760529,3,
001379,001379.png,001379.png,001379.png,001379.txt,1080x1920x3,uint8,1080x1920x3,uint8,1080x1920,uint16,0,16715,0.01324122299382716,0.9867587770061729,0.0,0.0,0.12764756944444444,0.23040123283863068,4,
001387,001387.png,001387.png,001387.png,001387.txt,1080x1920x3,uint8,1080x1920x3,uint8,1080x1920,uint16,0,19999,0.2775978973765432,0.7224021026234568,0.0,0.0,0.22539544753086418,0.20913547774155936,12,bbox_cross_image_boundary_line_10
001388,001388.png,001388.png,001388.png,001388.txt,1080x1920x3,uint8,1080x1920x3,uint8,1080x1920,uint16,0,19999,0.25645640432098765,0.7435435956790123,0.0,0.0,0.21221450617283952,0.2113416244586309,5,bbox_cross_image_boundary_line_4
001395,001395.png,001395.png,001395.png,001395.txt,1080x1920x3,uint8,1080x1920x3,uint8,1080x1920,uint16,0,19990,0.05135320216049383,0.9486467978395061,0.0,0.0,0.0738184799382716,0.2586484005053838,3,
001400,001400.png,001400.png,001400.png,001400.txt,1080x1920x3,uint8,1080x1920x3,uint8,1080x1920,uint16,0,19855,0.059879918981481484,0.9401200810185185,0.0,0.0,0.1241628086419753,0.2883564780155818,2,
001401,001401.png,001401.png,001401.png,001401.txt,1080x1920x3,uint8,1080x1920x3,uint8,1080x1920,uint16,0,19999,0.06568576388888889,0.9343142361111111,0.0,0.0,0.08718460648148148,0.250286137064298,1,
001407,001407.png,001407.png,001407.png,001407.txt,1080x1920x3,uint8,1080x1920x3,uint8,1080x1920,uint16,0,16561,0.013901909722222222,0.9860980902777777,0.0,0.0,0.1310103202160494,0.23371238013108572,2,
001409,001409.png,001409.png,001409.png,001409.txt,1080x1920x3,uint8,1080x1920x3,uint8,1080x1920,uint16,0,19999,0.052916184413580244,0.9470838155864197,0.0,0.0,0.1317182677469136,0.23717335363229117,2,
001411,001411.png,001411.png,001411.png,001411.txt,1080x1920x3,uint8,1080x1920x3,uint8,1080x1920,uint16,0,19763,0.02216483410493827,0.9778351658950617,0.0,0.0,0.1132542438271605,0.23163547615210214,5,
001415,001415.png,001415.png,001415.png,001415.txt,1080x1920x3,uint8,1080x1920x3,uint8,1080x1920,uint16,0,19953,0.021431327160493827,0.9785686728395062,0.0,0.0,0.07497588734567902,0.24374485512574515,4,
001417,001417.png,001417.png,001417.png,001417.txt,1080x1920x3,uint8,1080x1920x3,uint8,1080x1920,uint16,0,15948,0.013363233024691359,0.9866367669753087,0.0,0.0,0.18507764274691357,0.21772954861323038,3,
001419,001419.png,001419.png,001419.png,001419.txt,1080x1920x3,uint8,1080x1920x3,uint8,1080x1920,uint16,0,19957,0.023101851851851853,0.9768981481481481,0.0,0.0,0.0776610725308642,0.2400687982638677,4,
001431,001431.png,001431.png,001431.png,001431.txt,1080x1920x3,uint8,1080x1920x3,uint8,1080x1920,uint16,0,19999,0.17678144290123457,0.8232185570987655,0.0,0.0,0.11353105709876543,0.23986561596393585,17,
001438,001438.png,001438.png,001438.png,001438.txt,1080x1920x3,uint8,1080x1920x3,uint8,1080x1920,uint16,0,19999,0.13363474151234567,0.8663652584876543,0.0,0.0,0.10688994984567901,0.2294917106628418,19,
001443,001443.png,001443.png,001443.png,001443.txt,1080x1920x3,uint8,1080x1920x3,uint8,1080x1920,uint16,0,19999,0.18667148919753088,0.8133285108024692,0.0,0.0,0.10806809413580247,0.23750482002894083,11,
001453,001453.png,001453.png,001453.png,001453.txt,1080x1920x3,uint8,1080x1920x3,uint8,1080x1920,uint16,0,19997,0.07832851080246914,0.9216714891975308,0.0,0.0,0.13516830632716048,0.23474986851215363,12,
001458,001458.png,001458.png,001458.png,001458.txt,1080x1920x3,uint8,1080x1920x3,uint8,1080x1920,uint16,0,19974,0.07730565200617284,0.9226943479938272,0.0,0.0,0.08049720293209876,0.25322691599527997,13,
001459,001459.png,001459.png,001459.png,001459.txt,1080x1920x3,uint8,1080x1920x3,uint8,1080x1920,uint16,0,16142,0.07492573302469135,0.9250742669753086,0.0,0.0,0.1065576774691358,0.24477687974770865,12,
001461,001461.png,001461.png,001461.png,001461.txt,1080x1920x3,uint8,1080x1920x3,uint8,1080x1920,uint16,0,15751,0.0745138888888889,0.9254861111111111,0.0,0.0,0.07801649305555555,0.2522800962130229,12,
001466,001466.png,001466.png,001466.png,001466.txt,1080x1920x3,uint8,1080x1920x3,uint8,1080x1920,uint16,0,19233,0.07431809413580247,0.9256819058641975,0.0,0.0,0.09519434799382716,0.24937917788823447,12,
001470,001470.png,001470.png,001470.png,001470.txt,1080x1920x3,uint8,1080x1920x3,uint8,1080x1920,uint16,0,19993,0.07539641203703704,0.9246035879629629,0.0,0.0,0.1750858410493827,0.2266727735598882,14,bbox_cross_image_boundary_line_14
001486,001486.png,001486.png,001486.png,001486.txt,1080x1920x3,uint8,1080x1920x3,uint8,1080x1920,uint16,0,14697,0.07134982638888888,0.9286501736111111,0.0,0.0,0.09863377700617285,0.24724729855855307,13,
001488,001488.png,001488.png,001488.png,001488.txt,1080x1920x3,uint8,1080x1920x3,uint8,1080x1920,uint16,0,13981,0.06716386959876543,0.9328361304012346,0.0,0.0,0.10954378858024691,0.24261284371217093,13,
001496,001496.png,001496.png,001496.png,001496.txt,1080x1920x3,uint8,1080x1920x3,uint8,1080x1920,uint16,0,19999,0.18773726851851852,0.8122627314814815,0.0,0.0,0.050211709104938274,0.2520064910252889,2,
001499,001499.png,001499.png,001499.png,001499.txt,1080x1920x3,uint8,1080x1920x3,uint8,1080x1920,uint16,0,19999,0.17020109953703705,0.829798900462963,0.0,0.0,0.11394820601851852,0.2365393489599228,2,
001507,001507.png,001507.png,001507.png,001507.txt,1080x1920x3,uint8,1080x1920x3,uint8,1080x1920,uint16,0,19999,0.05021315586419753,0.9497868441358025,0.0,0.0,0.1253240740740741,0.2276687870422999,1,
001508,001508.png,001508.png,001508.png,001508.txt,1080x1920x3,uint8,1080x1920x3,uint8,1080x1920,uint16,0,12503,0.04570650077160494,0.954293499228395,0.0,0.0,0.09763888888888889,0.23422582944234213,1,
001510,001510.png,001510.png,001510.png,001510.txt,1080x1920x3,uint8,1080x1920x3,uint8,1080x1920,uint16,0,19999,0.12188609182098765,0.8781139081790124,0.0,0.0,0.06188753858024691,0.24765882889429727,3,
001512,001512.png,001512.png,001512.png,001512.txt,1080x1920x3,uint8,1080x1920x3,uint8,1080x1920,uint16,0,19999,0.02736159336419753,0.9726384066358025,0.0,0.0,0.08096836419753087,0.24964151779810587,3,
001521,001521.png,001521.png,001521.png,001521.txt,1080x1920x3,uint8,1080x1920x3,uint8,1080x1920,uint16,0,19999,0.32142216435185184,0.6785778356481481,0.0,0.0,0.11916087962962962,0.2402240832646688,7,
001529,001529.png,001529.png,001529.png,001529.txt,1080x1920x3,uint8,1080x1920x3,uint8,1080x1920,uint16,0,19999,0.13132957175925927,0.8686704282407407,0.0,0.0,0.11741271219135803,0.22629757722218832,5,
001531,001531.png,001531.png,001531.png,001531.txt,1080x1920x3,uint8,1080x1920x3,uint8,1080x1920,uint16,0,19999,0.44741608796296295,0.552583912037037,0.0,0.0,0.06739920910493827,0.2603784004847209,11,
001542,001542.png,001542.png,001542.png,001542.txt,1080x1920x3,uint8,1080x1920x3,uint8,1080x1920,uint16,0,19999,0.15959346064814814,0.8404065393518518,0.0,0.0,0.13208236882716048,0.2334362119436264,2,
001543,001543.png,001543.png,001543.png,001543.txt,1080x1920x3,uint8,1080x1920x3,uint8,1080x1920,uint16,0,19999,0.11444878472222222,0.8855512152777778,0.0,0.0,0.15122588734567902,0.22595036029815674,2,
001548,001548.png,001548.png,001548.png,001548.txt,1080x1920x3,uint8,1080x1920x3,uint8,1080x1920,uint16,0,19999,0.23051359953703704,0.769486400462963,0.0,0.0,0.10743055555555556,0.2418103814125061,2,
001555,001555.png,001555.png,001555.png,001555.txt,1080x1920x3,uint8,1080x1920x3,uint8,1080x1920,uint16,0,19999,0.3414887152777778,0.6585112847222222,0.0,0.0,0.10388937114197531,0.2372566262880961,8,
001558,001558.png,001558.png,001558.png,001558.txt,1080x1920x3,uint8,1080x1920x3,uint8,1080x1920,uint16,0,19999,0.225859375,0.774140625,0.0,0.0,0.09799189814814815,0.2534995476404826,5,
001567,001567.png,001567.png,001567.png,001567.txt,1080x1920x3,uint8,1080x1920x3,uint8,1080x1920,uint16,0,19999,0.24513888888888888,0.7548611111111111,0.0,0.0,0.12507137345679012,0.23675218721230826,6,
001569,001569.png,001569.png,001569.png,001569.txt,1080x1920x3,uint8,1080x1920x3,uint8,1080x1920,uint16,0,19999,0.29077739197530866,0.7092226080246914,0.0,0.0,0.06518856095679013,0.2559606482585271,7,
001577,001577.png,001577.png,001577.png,001577.txt,1080x1920x3,uint8,1080x1920x3,uint8,1080x1920,uint16,0,19999,0.2668504050925926,0.7331495949074074,0.0,0.0,0.10409095293209876,0.250810186068217,1,
001578,001578.png,001578.png,001578.png,001578.txt,1080x1920x3,uint8,1080x1920x3,uint8,1080x1920,uint16,0,19999,0.2559736689814815,0.7440263310185186,0.0,0.0,0.11506124614197531,0.2425630142291387,1,
001582,001582.png,001582.png,001582.png,001582.txt,1080x1920x3,uint8,1080x1920x3,uint8,1080x1920,uint16,0,19999,0.5080357831790123,0.4919642168209877,0.0,0.0,0.10927662037037036,0.24774466454982758,1,
001589,001589.png,001589.png,001589.png,001589.txt,1080x1920x3,uint8,1080x1920x3,uint8,1080x1920,uint16,0,19999,0.5388826195987654,0.46111738040123457,0.0,0.0,0.1683082561728395,0.22625032564004263,1,
001593,001593.png,001593.png,001593.png,001593.txt,1080x1920x3,uint8,1080x1920x3,uint8,1080x1920,uint16,0,19999,0.1979171489197531,0.8020828510802469,0.0,0.0,0.05197627314814815,0.2512638221184413,3,
001602,001602.png,001602.png,001602.png,001602.txt,1080x1920x3,uint8,1080x1920x3,uint8,1080x1920,uint16,0,19999,0.11819251543209877,0.8818074845679013,0.0,0.0,0.10824845679012346,0.27568094432353973,7,
001604,001604.png,001604.png,001604.png,001604.txt,1080x1920x3,uint8,1080x1920x3,uint8,1080x1920,uint16,0,19999,0.12776475694444445,0.8722352430555556,0.0,0.0,0.10101707175925925,0.26157182455062866,3,
001610,001610.png,001610.png,001610.png,001610.txt,1080x1920x3,uint8,1080x1920x3,uint8,1080x1920,uint16,0,19999,0.12657407407407406,0.8734259259259259,0.0,0.0,0.13869309413580247,0.22777102390925089,4,
001612,001612.png,001612.png,001612.png,001612.txt,1080x1920x3,uint8,1080x1920x3,uint8,1080x1920,uint16,0,19999,0.0565186149691358,0.9434813850308642,0.0,0.0,0.10196132330246914,0.2383548766374588,1,
001613,001613.png,001613.png,001613.png,001613.txt,1080x1920x3,uint8,1080x1920x3,uint8,1080x1920,uint16,0,19999,0.06910686728395062,0.9308931327160493,0.0,0.0,0.19382137345679012,0.2591525117556254,1,
001616,001616.png,001616.png,001616.png,001616.txt,1080x1920x3,uint8,1080x1920x3,uint8,1080x1920,uint16,0,19999,0.11112027391975308,0.8888797260802469,0.0,0.0,0.12200617283950617,0.2319534420967102,4,
001621,001621.png,001621.png,001621.png,001621.txt,1080x1920x3,uint8,1080x1920x3,uint8,1080x1920,uint16,0,19999,0.30735677083333335,0.6926432291666667,0.0,0.0,0.13253472222222223,0.23443898061911264,1,
001623,001623.png,001623.png,001623.png,001623.txt,1080x1920x3,uint8,1080x1920x3,uint8,1080x1920,uint16,0,19999,0.1059572723765432,0.8940427276234568,0.0,0.0,0.07691792052469136,0.2645142028729121,5,
001624,001624.png,001624.png,001624.png,001624.txt,1080x1920x3,uint8,1080x1920x3,uint8,1080x1920,uint16,0,19999,0.15388647762345678,0.8461135223765432,0.0,0.0,0.08846113040123457,0.24657086034615835,3,
001628,001628.png,001628.png,001628.png,001628.txt,1080x1920x3,uint8,1080x1920x3,uint8,1080x1920,uint16,0,16950,0.0401171875,0.9598828125,0.0,0.0,0.13717737268518518,0.22662712633609772,3,
001629,001629.png,001629.png,001629.png,001629.txt,1080x1920x3,uint8,1080x1920x3,uint8,1080x1920,uint16,0,12034,0.05779224537037037,0.9422077546296296,0.0,0.0,0.131953125,0.2242689107855161,2,
001631,001631.png,001631.png,001631.png,001631.txt,1080x1920x3,uint8,1080x1920x3,uint8,1080x1920,uint16,0,19999,0.12454041280864198,0.8754595871913581,0.0,0.0,0.14217399691358024,0.22764853636423746,2,
001632,001632.png,001632.png,001632.png,001632.txt,1080x1920x3,uint8,1080x1920x3,uint8,1080x1920,uint16,0,19999,0.1169897762345679,0.8830102237654321,0.0,0.0,0.1109987461419753,0.23381751775741577,2,
001634,001634.png,001634.png,001634.png,001634.txt,1080x1920x3,uint8,1080x1920x3,uint8,1080x1920,uint16,0,19999,0.11398582175925925,0.8860141782407407,0.0,0.0,0.14362509645061727,0.22597704331080118,2,
001640,001640.png,001640.png,001640.png,001640.txt,1080x1920x3,uint8,1080x1920x3,uint8,1080x1920,uint16,0,19999,0.20759066358024691,0.7924093364197531,0.0,0.0,0.16537229938271605,0.23258391519387564,3,
001642,001642.png,001642.png,001642.png,001642.txt,1080x1920x3,uint8,1080x1920x3,uint8,1080x1920,uint16,0,12364,0.07787567515432099,0.922124324845679,0.0,0.0,0.12491030092592592,0.2404783914486567,14,
001643,001643.png,001643.png,001643.png,001643.txt,1080x1920x3,uint8,1080x1920x3,uint8,1080x1920,uint16,0,13533,0.07177276234567902,0.928227237654321,0.0,0.0,0.09487991898148149,0.2497215817372004,14,
001651,001651.png,001651.png,001651.png,001651.txt,1080x1920x3,uint8,1080x1920x3,uint8,1080x1920,uint16,0,10092,0.07183304398148148,0.9281669560185185,0.0,0.0,0.1382474922839506,0.22405511140823364,10,
001655,001655.png,001655.png,001655.png,001655.txt,1080x1920x3,uint8,1080x1920x3,uint8,1080x1920,uint16,0,10323,0.06888213734567901,0.931117862654321,0.0,0.0,0.11137827932098765,0.2283844550450643,10,
001667,001667.png,001667.png,001667.png,001667.txt,1080x1920x3,uint8,1080x1920x3,uint8,1080x1920,uint16,0,10396,0.07785686728395062,0.9221431327160494,0.0,0.0,0.19733362268518517,0.20873552560806274,11,
001674,001674.png,001674.png,001674.png,001674.txt,1080x1920x3,uint8,1080x1920x3,uint8,1080x1920,uint16,0,9926,0.10340133101851852,0.8965986689814814,0.0,0.0,0.08587239583333334,0.23794174194335938,10,
001677,001677.png,001677.png,001677.png,001677.txt,1080x1920x3,uint8,1080x1920x3,uint8,1080x1920,uint16,0,10050,0.09005353009259259,0.9099464699074075,0.0,0.0,0.12988184799382715,0.22568029165267944,10,bbox_cross_image_boundary_line_1
001678,001678.png,001678.png,001678.png,001678.txt,1080x1920x3,uint8,1080x1920x3,uint8,1080x1920,uint16,0,10494,0.0927174961419753,0.9072825038580247,0.0,0.0,0.12653501157407407,0.22541184723377228,10,
001683,001683.png,001683.png,001683.png,001683.txt,1080x1920x3,uint8,1080x1920x3,uint8,1080x1920,uint16,0,10442,0.08217592592592593,0.9178240740740741,0.0,0.0,0.09176215277777777,0.23246881862481436,9,
001685,001685.png,001685.png,001685.png,001685.txt,1080x1920x3,uint8,1080x1920x3,uint8,1080x1920,uint16,0,10320,0.09009452160493828,0.9099054783950618,0.0,0.0,0.10953993055555555,0.22833076616128287,10,
001686,001686.png,001686.png,001686.png,001686.txt,1080x1920x3,uint8,1080x1920x3,uint8,1080x1920,uint16,0,12371,0.08072337962962962,0.9192766203703704,0.0,0.0,0.04159577546296296,0.2496373454729716,12,
001694,001694.png,001694.png,001694.png,001694.txt,1080x1920x3,uint8,1080x1920x3,uint8,1080x1920,uint16,0,14570,0.06918643904320988,0.9308135609567901,0.0,0.0,0.20477768132716048,0.2053565432627996,16,
001701,001701.png,001701.png,001701.png,001701.txt,1080x1920x3,uint8,1080x1920x3,uint8,1080x1920,uint16,0,12372,0.049110725308641974,0.950889274691358,0.0,0.0,0.11804591049382716,0.23839441935221353,13,
001702,001702.png,001702.png,001702.png,001702.txt,1080x1920x3,uint8,1080x1920x3,uint8,1080x1920,uint16,0,12473,0.048394097222222224,0.9516059027777778,0.0,0.0,0.07301359953703704,0.24897955358028412,14,
001704,001704.png,001704.png,001704.png,001704.txt,1080x1920x3,uint8,1080x1920x3,uint8,1080x1920,uint16,0,12487,0.045886863425925926,0.954113136574074,0.0,0.0,0.08939187885802469,0.23950552940368652,14,
001705,001705.png,001705.png,001705.png,001705.txt,1080x1920x3,uint8,1080x1920x3,uint8,1080x1920,uint16,0,12686,0.04875192901234568,0.9512480709876543,0.0,0.0,0.09452208719135803,0.2397456963857015,14,
001707,001707.png,001707.png,001707.png,001707.txt,1080x1920x3,uint8,1080x1920x3,uint8,1080x1920,uint16,0,12962,0.04898726851851852,0.9510127314814815,0.0,0.0,0.11521990740740741,0.2333011825879415,14,
001710,001710.png,001710.png,001710.png,001710.txt,1080x1920x3,uint8,1080x1920x3,uint8,1080x1920,uint16,0,12381,0.05092158564814815,0.9490784143518518,0.0,0.0,0.1420360725308642,0.22407889862855276,14,
001712,001712.png,001712.png,001712.png,001712.txt,1080x1920x3,uint8,1080x1920x3,uint8,1080x1920,uint16,0,12758,0.06010030864197531,0.9398996913580246,0.0,0.0,0.09085165895061728,0.23993473748366037,13,bbox_cross_image_boundary_line_1
001715,001715.png,001715.png,001715.png,001715.txt,1080x1920x3,uint8,1080x1920x3,uint8,1080x1920,uint16,0,12465,0.0618629436728395,0.9381370563271605,0.0,0.0,0.11320360725308642,0.23952385286490122,15,
001716,001716.png,001716.png,001716.png,001716.txt,1080x1920x3,uint8,1080x1920x3,uint8,1080x1920,uint16,0,13301,0.05761140046296296,0.942388599537037,0.0,0.0,0.1319627700617284,0.2303083191315333,15,
001720,001720.png,001720.png,001720.png,001720.txt,1080x1920x3,uint8,1080x1920x3,uint8,1080x1920,uint16,0,12528,0.06197675540123457,0.9380232445987654,0.0,0.0,0.1486598186728395,0.22644740343093872,15,
001721,001721.png,001721.png,001721.png,001721.txt,1080x1920x3,uint8,1080x1920x3,uint8,1080x1920,uint16,0,13319,0.04734423225308642,0.9526557677469136,0.0,0.0,0.128735050154321,0.22597929338614145,13,
001724,001724.png,001724.png,001724.png,001724.txt,1080x1920x3,uint8,1080x1920x3,uint8,1080x1920,uint16,0,14237,0.055260416666666666,0.9447395833333333,0.0,0.0,0.11097704475308642,0.23397988080978394,13,
001726,001726.png,001726.png,001726.png,001726.txt,1080x1920x3,uint8,1080x1920x3,uint8,1080x1920,uint16,0,12240,0.06287953317901235,0.9371204668209877,0.0,0.0,0.08861593364197531,0.24229776859283447,12,
001728,001728.png,001728.png,001728.png,001728.txt,1080x1920x3,uint8,1080x1920x3,uint8,1080x1920,uint16,0,12306,0.052727141203703705,0.9472728587962963,0.0,0.0,0.10166811342592592,0.23538869619369507,14,
001737,001737.png,001737.png,001737.png,001737.txt,1080x1920x3,uint8,1080x1920x3,uint8,1080x1920,uint16,0,18351,0.0758569637345679,0.9241430362654321,0.0,0.0,0.09127604166666667,0.2476504643758138,14,
001742,001742.png,001742.png,001742.png,001742.txt,1080x1920x3,uint8,1080x1920x3,uint8,1080x1920,uint16,0,4787,0.03358265817901235,0.9664173418209877,0.0,0.0,0.0953587962962963,0.2446341266234716,2,
001743,001743.png,001743.png,001743.png,001743.txt,1080x1920x3,uint8,1080x1920x3,uint8,1080x1920,uint16,0,4759,0.04497106481481482,0.9550289351851852,0.0,0.0,0.232734375,0.2063586711883545,2,
001748,001748.png,001748.png,001748.png,001748.txt,1080x1920x3,uint8,1080x1920x3,uint8,1080x1920,uint16,0,4735,0.03490403163580247,0.9650959683641975,0.0,0.0,0.04837432484567901,0.24707111219565073,2,
001753,001753.png,001753.png,001753.png,001753.txt,1080x1920x3,uint8,1080x1920x3,uint8,1080x1920,uint16,0,4737,0.03633101851851852,0.9636689814814815,0.0,0.0,0.3022236689814815,0.18796135485172272,2,
001759,001759.png,001759.png,001759.png,001759.txt,1080x1920x3,uint8,1080x1920x3,uint8,1080x1920,uint16,0,4746,0.044309895833333335,0.9556901041666667,0.0,0.0,0.0488720100308642,0.25436760981877643,2,
001763,001763.png,001763.png,001763.png,001763.txt,1080x1920x3,uint8,1080x1920x3,uint8,1080x1920,uint16,0,4843,0.03873553240740741,0.9612644675925925,0.0,0.0,0.19466435185185185,0.21584361791610718,2,
001764,001764.png,001764.png,001764.png,001764.txt,1080x1920x3,uint8,1080x1920x3,uint8,1080x1920,uint16,0,4799,0.04232011959876543,0.9576798804012345,0.0,0.0,0.1997043788580247,0.2134278565645218,2,
001767,001767.png,001767.png,001767.png,001767.txt,1080x1920x3,uint8,1080x1920x3,uint8,1080x1920,uint16,0,4998,0.04448543595679012,0.9555145640432099,0.0,0.0,0.3611820023148148,0.17047325521707535,2,
001774,001774.png,001774.png,001774.png,001774.txt,1080x1920x3,uint8,1080x1920x3,uint8,1080x1920,uint16,0,4805,0.04351176697530864,0.9564882330246913,0.0,0.0,0.1811646412037037,0.21989615758260092,1,
001775,001775.png,001775.png,001775.png,001775.txt,1080x1920x3,uint8,1080x1920x3,uint8,1080x1920,uint16,0,4790,0.034090470679012344,0.9659095293209876,0.0,0.0,0.305234375,0.18553948402404785,1,
001782,001782.png,001782.png,001782.png,001782.txt,1080x1920x3,uint8,1080x1920x3,uint8,1080x1920,uint16,0,19999,0.44523099922839504,0.554769000771605,0.0,0.0,0.03489197530864198,0.2654661734898885,3,
001783,001783.png,001783.png,001783.png,001783.txt,1080x1920x3,uint8,1080x1920x3,uint8,1080x1920,uint16,0,19999,0.455733024691358,0.544266975308642,0.0,0.0,0.06653115354938272,0.25488201280434925,3,
001785,001785.png,001785.png,001785.png,001785.txt,1080x1920x3,uint8,1080x1920x3,uint8,1080x1920,uint16,0,19999,0.43810329861111114,0.5618967013888889,0.0,0.0,0.2476070601851852,0.20542373756567636,3,
001786,001786.png,001786.png,001786.png,001786.txt,1080x1920x3,uint8,1080x1920x3,uint8,1080x1920,uint16,0,19999,0.43453751929012346,0.5654624807098766,0.0,0.0,0.07531539351851851,0.25291474163532257,3,
001789,001789.png,001789.png,001789.png,001789.txt,1080x1920x3,uint8,1080x1920x3,uint8,1080x1920,uint16,0,19999,0.34476996527777776,0.6552300347222222,0.0,0.0,0.24328559027777777,0.20425347487131754,3,
001795,001795.png,001795.png,001795.png,001795.txt,1080x1920x3,uint8,1080x1920x3,uint8,1080x1920,uint16,0,19999,0.619633487654321,0.38036651234567903,0.0,0.0,0.12286844135802469,0.23563496271769205,2,
001798,001798.png,001798.png,001798.png,001798.txt,1080x1920x3,uint8,1080x1920x3,uint8,1080x1920,uint16,0,19999,0.4818682484567901,0.5181317515432099,0.0,0.0,0.13355661651234568,0.2293717861175537,2,
001800,001800.png,001800.png,001800.png,001800.txt,1080x1920x3,uint8,1080x1920x3,uint8,1080x1920,uint16,0,19999,0.6920630787037036,0.3079369212962963,0.0,0.0,0.06637876157407407,0.24990997711817423,2,
001803,001803.png,001803.png,001803.png,001803.txt,1080x1920x3,uint8,1080x1920x3,uint8,1080x1920,uint16,0,11423,0.07366512345679012,0.9263348765432099,0.0,0.0,0.15503616898148148,0.23140239715576172,14,bbox_cross_image_boundary_line_6
001813,001813.png,001813.png,001813.png,001813.txt,1080x1920x3,uint8,1080x1920x3,uint8,1080x1920,uint16,0,13500,0.08164255401234567,0.9183574459876543,0.0,0.0,0.33330391589506175,0.1815351645151774,14,bbox_cross_image_boundary_line_6
001827,001827.png,001827.png,001827.png,001827.txt,1080x1920x3,uint8,1080x1920x3,uint8,1080x1920,uint16,0,10137,0.06189332561728395,0.938106674382716,0.0,0.0,0.16396653163580246,0.23535462220509848,14,
001829,001829.png,001829.png,001829.png,001829.txt,1080x1920x3,uint8,1080x1920x3,uint8,1080x1920,uint16,0,10582,0.05949652777777778,0.9405034722222222,0.0,0.0,0.1852295524691358,0.2745579431454341,16,
001833,001833.png,001833.png,001833.png,001833.txt,1080x1920x3,uint8,1080x1920x3,uint8,1080x1920,uint16,0,11001,0.02416087962962963,0.9758391203703703,0.0,0.0,0.010597029320987654,0.2769913822412491,15,bbox_cross_image_boundary_line_3
001835,001835.png,001835.png,001835.png,001835.txt,1080x1920x3,uint8,1080x1920x3,uint8,1080x1920,uint16,0,10501,0.027176408179012346,0.9728235918209877,0.0,0.0,0.02951244212962963,0.2691049377123515,17,
001841,001841.png,001841.png,001841.png,001841.txt,1080x1920x3,uint8,1080x1920x3,uint8,1080x1920,uint16,0,10707,0.04857590663580247,0.9514240933641975,0.0,0.0,0.10530140817901235,0.2528822620709737,16,
001851,001851.png,001851.png,001851.png,001851.txt,1080x1920x3,uint8,1080x1920x3,uint8,1080x1920,uint16,0,10349,0.024343653549382716,0.9756563464506173,0.0,0.0,0.16788628472222222,0.23221643269062042,16,
001854,001854.png,001854.png,001854.png,001854.txt,1080x1920x3,uint8,1080x1920x3,uint8,1080x1920,uint16,0,10144,0.03341676311728395,0.9665832368827161,0.0,0.0,0.18525800540123458,0.21942676603794098,11,
001857,001857.png,001857.png,001857.png,001857.txt,1080x1920x3,uint8,1080x1920x3,uint8,1080x1920,uint16,0,10373,0.030326003086419754,0.9696739969135802,0.0,0.0,0.10520351080246913,0.23766267796357474,12,
001859,001859.png,001859.png,001859.png,001859.txt,1080x1920x3,uint8,1080x1920x3,uint8,1080x1920,uint16,0,10241,0.04011670524691358,0.9598832947530864,0.0,0.0,0.06990258487654322,0.24478556215763092,12,
001862,001862.png,001862.png,001862.png,001862.txt,1080x1920x3,uint8,1080x1920x3,uint8,1080x1920,uint16,0,9986,0.0366015625,0.9633984375,0.0,0.0,0.1495727237654321,0.23252282540003458,16,
001865,001865.png,001865.png,001865.png,001865.txt,1080x1920x3,uint8,1080x1920x3,uint8,1080x1920,uint16,0,10535,0.045516010802469135,0.9544839891975309,0.0,0.0,0.027912808641975307,0.254180168112119,10,bbox_cross_image_boundary_line_1
001873,001873.png,001873.png,001873.png,001873.txt,1080x1920x3,uint8,1080x1920x3,uint8,1080x1920,uint16,0,10371,0.0340234375,0.9659765625,0.0,0.0,0.10785349151234568,0.2506812612215678,14,bbox_cross_image_boundary_line_1
001879,001879.png,001879.png,001879.png,001879.txt,1080x1920x3,uint8,1080x1920x3,uint8,1080x1920,uint16,0,10438,0.025523244598765434,0.9744767554012346,0.0,0.0,0.11805073302469135,0.24532953898111978,12,
001881,001881.png,001881.png,001881.png,001881.txt,1080x1920x3,uint8,1080x1920x3,uint8,1080x1920,uint16,0,10289,0.060894579475308644,0.9391054205246914,0.0,0.0,0.13864197530864197,0.2373241384824117,13,
001884,001884.png,001884.png,001884.png,001884.txt,1080x1920x3,uint8,1080x1920x3,uint8,1080x1920,uint16,0,10471,0.08671730324074074,0.9132826967592592,0.0,0.0,0.1202488425925926,0.24664126336574554,16,bbox_cross_image_boundary_line_8
001886,001886.png,001886.png,001886.png,001886.txt,1080x1920x3,uint8,1080x1920x3,uint8,1080x1920,uint16,0,10204,0.05650848765432099,0.943491512345679,0.0,0.0,0.14532166280864198,0.2413030465443929,12,
001891,001891.png,001891.png,001891.png,001891.txt,1080x1920x3,uint8,1080x1920x3,uint8,1080x1920,uint16,0,10352,0.04816068672839506,0.951839313271605,0.0,0.0,0.1540702160493827,0.21288805703322092,11,
001892,001892.png,001892.png,001892.png,001892.txt,1080x1920x3,uint8,1080x1920x3,uint8,1080x1920,uint16,0,10477,0.0584032600308642,0.9415967399691358,0.0,0.0,0.09288676697530865,0.23009194930394491,16,
001897,001897.png,001897.png,001897.png,001897.txt,1080x1920x3,uint8,1080x1920x3,uint8,1080x1920,uint16,0,10194,0.03186053240740741,0.9681394675925926,0.0,0.0,0.15726466049382717,0.2251498152812322,16,
001898,001898.png,001898.png,001898.png,001898.txt,1080x1920x3,uint8,1080x1920x3,uint8,1080x1920,uint16,0,10468,0.022723765432098766,0.9772762345679012,0.0,0.0,0.1182175925925926,0.23831951121489206,16,
001902,001902.png,001902.png,001902.png,001902.txt,1080x1920x3,uint8,1080x1920x3,uint8,1080x1920,uint16,0,10231,0.02618586033950617,0.9738141396604938,0.0,0.0,0.17942081404320986,0.22807355721791586,16,
001910,001910.png,001910.png,001910.png,001910.txt,1080x1920x3,uint8,1080x1920x3,uint8,1080x1920,uint16,0,10323,0.04454330632716049,0.9554566936728395,0.0,0.0,0.02385127314814815,0.2736329684654872,15,
001918,001918.png,001918.png,001918.png,001918.txt,1080x1920x3,uint8,1080x1920x3,uint8,1080x1920,uint16,0,10162,0.03250675154320987,0.9674932484567901,0.0,0.0,0.09819444444444445,0.24618923664093018,16,
001924,001924.png,001924.png,001924.png,001924.txt,1080x1920x3,uint8,1080x1920x3,uint8,1080x1920,uint16,0,10058,0.03931375385802469,0.9606862461419753,0.0,0.0,0.040115740740740743,0.25868022938569385,14,
001927,001927.png,001927.png,001927.png,001927.txt,1080x1920x3,uint8,1080x1920x3,uint8,1080x1920,uint16,0,10247,0.06248649691358025,0.9375135030864198,0.0,0.0,0.05548273533950617,0.24163548151652017,13,
001930,001930.png,001930.png,001930.png,001930.txt,1080x1920x3,uint8,1080x1920x3,uint8,1080x1920,uint16,0,10190,0.028830054012345677,0.9711699459876543,0.0,0.0,0.12280092592592592,0.22995241979757944,13,
001946,001946.png,001946.png,001946.png,001946.txt,1080x1920x3,uint8,1080x1920x3,uint8,1080x1920,uint16,0,10015,0.09044367283950618,0.9095563271604938,0.0,0.0,0.10762104552469136,0.21698141594727835,13,
001960,001960.png,001960.png,001960.png,001960.txt,1080x1920x3,uint8,1080x1920x3,uint8,1080x1920,uint16,0,11258,0.09077787422839506,0.9092221257716049,0.0,0.0,0.17101996527777777,0.2170968403418859,12,
001965,001965.png,001965.png,001965.png,001965.txt,1080x1920x3,uint8,1080x1920x3,uint8,1080x1920,uint16,0,12078,0.08030671296296296,0.919693287037037,0.0,0.0,0.0046875,0.2675897032022476,14,
001967,001967.png,001967.png,001967.png,001967.txt,1080x1920x3,uint8,1080x1920x3,uint8,1080x1920,uint16,0,10222,0.07161458333333333,0.9283854166666666,0.0,0.0,0.15780381944444444,0.22716146210829416,14,
001970,001970.png,001970.png,001970.png,001970.txt,1080x1920x3,uint8,1080x1920x3,uint8,1080x1920,uint16,0,10967,0.07012876157407408,0.9298712384259259,0.0,0.0,0.16338155864197532,0.21995757023493448,13,
001971,001971.png,001971.png,001971.png,001971.txt,1080x1920x3,uint8,1080x1920x3,uint8,1080x1920,uint16,0,10174,0.0835985725308642,0.9164014274691358,0.0,0.0,0.11821373456790124,0.21600598096847534,12,
001979,001979.png,001979.png,001979.png,001979.txt,1080x1920x3,uint8,1080x1920x3,uint8,1080x1920,uint16,0,11678,0.07817660108024692,0.9218233989197531,0.0,0.0,0.15807291666666667,0.2592499355475108,13,
001981,001981.png,001981.png,001981.png,001981.txt,1080x1920x3,uint8,1080x1920x3,uint8,1080x1920,uint16,0,11541,0.06753472222222222,0.9324652777777778,0.0,0.0,0.11506992669753087,0.22691615422566733,13,
001986,001986.png,001986.png,001986.png,001986.txt,1080x1920x3,uint8,1080x1920x3,uint8,1080x1920,uint16,0,11486,0.06781153549382717,0.9321884645061729,0.0,0.0,0.16651668595679012,0.2160284866889318,13,bbox_cross_image_boundary_line_6
001987,001987.png,001987.png,001987.png,001987.txt,1080x1920x3,uint8,1080x1920x3,uint8,1080x1920,uint16,0,10858,0.07191261574074075,0.9280873842592593,0.0,0.0,0.10992621527777778,0.23132040599981943,12,bbox_cross_image_boundary_line_6
001989,001989.png,001989.png,001989.png,001989.txt,1080x1920x3,uint8,1080x1920x3,uint8,1080x1920,uint16,0,10925,0.06885706018518518,0.9311429398148148,0.0,0.0,0.15981770833333334,0.21838541328907013,13,bbox_cross_image_boundary_line_6;bbox_cross_image_boundary_line_7
001997,001997.png,001997.png,001997.png,001997.txt,1080x1920x3,uint8,1080x1920x3,uint8,1080x1920,uint16,0,10212,0.07404465663580247,0.9259553433641975,0.0,0.0,0.034867862654320986,0.24692579607168832,12,bbox_cross_image_boundary_line_8
002005,002005.png,002005.png,002005.png,002005.txt,1080x1920x3,uint8,1080x1920x3,uint8,1080x1920,uint16,0,9959,0.07376687885802469,0.9262331211419753,0.0,0.0,0.10714216820987654,0.21983893464008966,13,bbox_cross_image_boundary_line_8
002006,002006.png,002006.png,002006.png,002006.txt,1080x1920x3,uint8,1080x1920x3,uint8,1080x1920,uint16,0,10787,0.08229697145061729,0.9177030285493827,0.0,0.0,0.10654224537037037,0.2211622322599093,13,bbox_cross_image_boundary_line_8
002013,002013.png,002013.png,002013.png,002013.txt,1080x1920x3,uint8,1080x1920x3,uint8,1080x1920,uint16,0,9874,0.07672839506172839,0.9232716049382717,0.0,0.0,0.06762393904320987,0.2377687692642212,13,bbox_cross_image_boundary_line_8
002014,002014.png,002014.png,002014.png,002014.txt,1080x1920x3,uint8,1080x1920x3,uint8,1080x1920,uint16,0,9829,0.07106336805555556,0.9289366319444444,0.0,0.0,0.12619502314814815,0.21829410890738168,13,bbox_cross_image_boundary_line_8
002016,002016.png,002016.png,002016.png,002016.txt,1080x1920x3,uint8,1080x1920x3,uint8,1080x1920,uint16,0,10851,0.06875,0.93125,0.0,0.0,0.12740354938271606,0.215506042043368,13,bbox_cross_image_boundary_line_8
002022,002022.png,002022.png,002022.png,002022.txt,1080x1920x3,uint8,1080x1920x3,uint8,1080x1920,uint16,0,13429,0.06628038194444444,0.9337196180555556,0.0,0.0,0.1521233603395062,0.21393968413273493,13,bbox_cross_image_boundary_line_8
002029,002029.png,002029.png,002029.png,002029.txt,1080x1920x3,uint8,1080x1920x3,uint8,1080x1920,uint16,0,11004,0.07170621141975309,0.9282937885802469,0.0,0.0,0.08749517746913581,0.23156732569138208,14,bbox_cross_image_boundary_line_8
002035,002035.png,002035.png,002035.png,002035.txt,1080x1920x3,uint8,1080x1920x3,uint8,1080x1920,uint16,0,10467,0.07859519675925926,0.9214048032407407,0.0,0.0,0.0852319637345679,0.2320942630370458,13,
002037,002037.png,002037.png,002037.png,002037.txt,1080x1920x3,uint8,1080x1920x3,uint8,1080x1920,uint16,0,9920,0.08076581790123456,0.9192341820987654,0.0,0.0,0.10430459104938272,0.22530156870683035,13,
002041,002041.png,002041.png,002041.png,002041.txt,1080x1920x3,uint8,1080x1920x3,uint8,1080x1920,uint16,0,10548,0.062265625,0.937734375,0.0,0.0,0.09321759259259259,0.28894225756327313,14,
002048,002048.png,002048.png,002048.png,002048.txt,1080x1920x3,uint8,1080x1920x3,uint8,1080x1920,uint16,0,10777,0.0759375,0.9240625,0.0,0.0,0.1115427276234568,0.2216859608888626,13,
002060,002060.png,002060.png,002060.png,002060.txt,1080x1920x3,uint8,1080x1920x3,uint8,1080x1920,uint16,0,9818,0.06587818287037037,0.9341218171296296,0.0,0.0,0.10864293981481482,0.22572080790996552,14,
002065,002065.png,002065.png,002065.png,002065.txt,1080x1920x3,uint8,1080x1920x3,uint8,1080x1920,uint16,0,10933,0.06952015817901235,0.9304798418209876,0.0,0.0,0.09879195601851852,0.22400881598393121,14,
002068,002068.png,002068.png,002068.png,002068.txt,1080x1920x3,uint8,1080x1920x3,uint8,1080x1920,uint16,0,11360,0.05918402777777778,0.9408159722222222,0.0,0.0,0.15740354938271606,0.21694669872522354,14,
002078,002078.png,002078.png,002078.png,002078.txt,1080x1920x3,uint8,1080x1920x3,uint8,1080x1920,uint16,0,11419,0.07998408564814814,0.9200159143518518,0.0,0.0,0.11527584876543209,0.22874453167120615,15,
002079,002079.png,002079.png,002079.png,002079.txt,1080x1920x3,uint8,1080x1920x3,uint8,1080x1920,uint16,0,9924,0.06578076774691358,0.9342192322530865,0.0,0.0,0.10380594135802469,0.2284831553697586,15,
002084,002084.png,002084.png,002084.png,002084.txt,1080x1920x3,uint8,1080x1920x3,uint8,1080x1920,uint16,0,10019,0.06594907407407408,0.934050925925926,0.0,0.0,0.1180492862654321,0.21803047508001328,14,
002087,002087.png,002087.png,002087.png,002087.txt,1080x1920x3,uint8,1080x1920x3,uint8,1080x1920,uint16,0,11292,0.08898341049382716,0.9110165895061728,0.0,0.0,0.05523533950617284,0.23332915703455606,14,
002097,002097.png,002097.png,002097.png,002097.txt,1080x1920x3,uint8,1080x1920x3,uint8,1080x1920,uint16,0,13488,0.09848668981481482,0.9015133101851852,0.0,0.0,0.12119454089506172,0.22705857455730438,14,
002102,002102.png,002102.png,002102.png,002102.txt,1080x1920x3,uint8,1080x1920x3,uint8,1080x1920,uint16,0,19999,0.41651475694444445,0.5834852430555556,0.0,0.0,0.02597511574074074,0.26689525445302326,9,
002110,002110.png,002110.png,002110.png,002110.txt,1080x1920x3,uint8,1080x1920x3,uint8,1080x1920,uint16,0,19999,0.6157065007716049,0.38429349922839506,0.0,0.0,0.11432629243827161,0.23042438427607217,12,
002120,002120.png,002120.png,002120.png,002120.txt,1080x1920x3,uint8,1080x1920x3,uint8,1080x1920,uint16,0,19999,0.3971537422839506,0.6028462577160494,0.0,0.0,0.07832127700617283,0.24776170154412588,6,
002123,002123.png,002123.png,002123.png,002123.txt,1080x1920x3,uint8,1080x1920x3,uint8,1080x1920,uint16,0,19999,0.6216304976851852,0.3783695023148148,0.0,0.0,0.11381317515432099,0.23267006874084473,11,
002132,002132.png,002132.png,002132.png,002132.txt,1080x1920x3,uint8,1080x1920x3,uint8,1080x1920,uint16,0,19999,0.1390137924382716,0.8609862075617284,0.0,0.0,0.11126398533950617,0.2461326519648234,3,
002134,002134.png,002134.png,002134.png,002134.txt,1080x1920x3,uint8,1080x1920x3,uint8,1080x1920,uint16,0,19011,0.10074893904320988,0.8992510609567901,0.0,0.0,0.1254957561728395,0.23677533368269602,1,
002142,002142.png,002142.png,002142.png,002142.txt,1080x1920x3,uint8,1080x1920x3,uint8,1080x1920,uint16,0,19912,0.09959201388888889,0.9004079861111111,0.0,0.0,0.052101176697530865,0.25991866489251453,1,
002143,002143.png,002143.png,002143.png,002143.txt,1080x1920x3,uint8,1080x1920x3,uint8,1080x1920,uint16,0,19999,0.12212046682098765,0.8778795331790124,0.0,0.0,0.12320457175925927,0.23595357437928519,3,
002145,002145.png,002145.png,002145.png,002145.txt,1080x1920x3,uint8,1080x1920x3,uint8,1080x1920,uint16,0,15593,0.13686342592592593,0.8631365740740741,0.0,0.0,0.08425395447530865,0.25161973138650257,1,
002154,002154.png,002154.png,002154.png,002154.txt,1080x1920x3,uint8,1080x1920x3,uint8,1080x1920,uint16,0,19999,0.5978129822530864,0.40218701774691357,0.0,0.0,0.11502555941358025,0.23058674732844034,13,
002156,002156.png,002156.png,002156.png,002156.txt,1080x1920x3,uint8,1080x1920x3,uint8,1080x1920,uint16,0,19999,0.6496344521604939,0.3503655478395062,0.0,0.0,0.06856095679012346,0.25550347566604614,11,
002158,002158.png,002158.png,002158.png,002158.txt,1080x1920x3,uint8,1080x1920x3,uint8,1080x1920,uint16,0,19999,0.6247636959876544,0.3752363040123457,0.0,0.0,0.09687692901234568,0.2398627201716105,12,
002159,002159.png,002159.png,002159.png,002159.txt,1080x1920x3,uint8,1080x1920x3,uint8,1080x1920,uint16,0,19999,0.578720100308642,0.42127989969135804,0.0,0.0,0.11683497299382715,0.24637055893739065,12,
002161,002161.png,002161.png,002161.png,002161.txt,1080x1920x3,uint8,1080x1920x3,uint8,1080x1920,uint16,0,19999,0.3378641010802469,0.6621358989197531,0.0,0.0,0.05719521604938271,0.24873360494772592,1,
002164,002164.png,002164.png,002164.png,002164.txt,1080x1920x3,uint8,1080x1920x3,uint8,1080x1920,uint16,0,19999,0.35345920138888887,0.6465407986111111,0.0,0.0,0.08377266589506173,0.23770833015441895,1,
002167,002167.png,002167.png,002167.png,002167.txt,1080x1920x3,uint8,1080x1920x3,uint8,1080x1920,uint16,0,19999,0.3493880208333333,0.6506119791666667,0.0,0.0,0.07097463348765432,0.24630111952622732,1,
002174,002174.png,002174.png,002174.png,002174.txt,1080x1920x3,uint8,1080x1920x3,uint8,1080x1920,uint16,0,10606,0.06747781635802469,0.9325221836419753,0.0,0.0,0.1419140625,0.2190284182627996,14,
002175,002175.png,002175.png,002175.png,002175.txt,1080x1920x3,uint8,1080x1920x3,uint8,1080x1920,uint16,0,10564,0.053605324074074076,0.946394675925926,0.0,0.0,0.11487847222222222,0.2257253130276998,14,
002185,002185.png,002185.png,002185.png,002185.txt,1080x1920x3,uint8,1080x1920x3,uint8,1080x1920,uint16,0,19999,0.3367828896604938,0.6632171103395061,0.0,0.0,0.09132185570987654,0.22342046350240707,1,
002189,002189.png,002189.png,002189.png,002189.txt,1080x1920x3,uint8,1080x1920x3,uint8,1080x1920,uint16,0,19999,0.35531828703703705,0.644681712962963,0.0,0.0,0.2683179012345679,0.18755594392617544,1,
002194,002194.png,002194.png,002194.png,002194.txt,1080x1920x3,uint8,1080x1920x3,uint8,1080x1920,uint16,0,19999,0.5525159143518519,0.4474840856481481,0.0,0.0,0.10432918595679012,0.24292888243993124,3,
002196,002196.png,002196.png,002196.png,002196.txt,1080x1920x3,uint8,1080x1920x3,uint8,1080x1920,uint16,0,19999,0.6159664351851852,0.3840335648148148,0.0,0.0,0.1707518325617284,0.22381365795930228,2,
002202,002202.png,002202.png,002202.png,002202.txt,1080x1920x3,uint8,1080x1920x3,uint8,1080x1920,uint16,0,19999,0.08084587191358025,0.9191541280864197,0.0,0.0,0.12201871141975308,0.23239904642105103,8,
002207,002207.png,002207.png,002207.png,002207.txt,1080x1920x3,uint8,1080x1920x3,uint8,1080x1920,uint16,0,19999,0.5212581983024691,0.4787418016975309,0.0,0.0,0.11312307098765433,0.23585969706376395,2,
002224,002224.png,002224.png,002224.png,002224.txt,1080x1920x3,uint8,1080x1920x3,uint8,1080x1920,uint16,0,19964,0.018831983024691357,0.9811680169753086,0.0,0.0,0.11533998842592592,0.2347800930341085,1,
002227,002227.png,002227.png,002227.png,002227.txt,1080x1920x3,uint8,1080x1920x3,uint8,1080x1920,uint16,0,19674,0.018212287808641977,0.9817877121913581,0.0,0.0,0.13765721450617283,0.23183063666025797,1,
002230,002230.png,002230.png,002230.png,002230.txt,1080x1920x3,uint8,1080x1920x3,uint8,1080x1920,uint16,0,16599,0.018400848765432097,0.9815991512345679,0.0,0.0,0.10993489583333334,0.23729327817757925,1,
002232,002232.png,002232.png,002232.png,002232.txt,1080x1920x3,uint8,1080x1920x3,uint8,1080x1920,uint16,0,19999,0.3555719521604938,0.6444280478395061,0.0,0.0,0.10849633487654321,0.23762313524881998,21,
002235,002235.png,002235.png,002235.png,002235.txt,1080x1920x3,uint8,1080x1920x3,uint8,1080x1920,uint16,0,19999,0.18870273919753086,0.8112972608024691,0.0,0.0,0.12492621527777778,0.23277745644251505,11,
002243,002243.png,002243.png,002243.png,002243.txt,1080x1920x3,uint8,1080x1920x3,uint8,1080x1920,uint16,0,19999,0.47911795910493826,0.5208820408950617,0.0,0.0,0.09174189814814815,0.24921874701976776,7,
002251,002251.png,002251.png,002251.png,002251.txt,1080x1920x3,uint8,1080x1920x3,uint8,1080x1920,uint16,0,19999,0.389224537037037,0.6107754629629629,0.0,0.0,0.10409866898148148,0.2524556318918864,4,
002252,002252.png,002252.png,002252.png,002252.txt,1080x1920x3,uint8,1080x1920x3,uint8,1080x1920,uint16,0,19999,0.353272087191358,0.646727912808642,0.0,0.0,0.11074701003086419,0.23767971992492676,7,
002259,002259.png,002259.png,002259.png,002259.txt,1080x1920x3,uint8,1080x1920x3,uint8,1080x1920,uint16,0,19999,0.34770302854938273,0.6522969714506173,0.0,0.0,0.12156925154320988,0.22561374803384146,6,
002260,002260.png,002260.png,002260.png,002260.txt,1080x1920x3,uint8,1080x1920x3,uint8,1080x1920,uint16,0,19999,0.32557339891975307,0.6744266010802469,0.0,0.0,0.11322000385802469,0.24136477708816528,5,
002265,002265.png,002265.png,002265.png,002265.txt,1080x1920x3,uint8,1080x1920x3,uint8,1080x1920,uint16,0,19999,0.25361882716049383,0.7463811728395062,0.0,0.0,0.14841001157407407,0.23004019260406494,5,
002267,002267.png,002267.png,002267.png,002267.txt,1080x1920x3,uint8,1080x1920x3,uint8,1080x1920,uint16,0,19999,0.25928771219135804,0.740712287808642,0.0,0.0,0.1507595486111111,0.23452835778395334,6,
002271,002271.png,002271.png,002271.png,002271.txt,1080x1920x3,uint8,1080x1920x3,uint8,1080x1920,uint16,0,19999,0.24965229552469137,0.7503477044753086,0.0,0.0,0.13170380015432098,0.23140239218870798,7,
002275,002275.png,002275.png,002275.png,002275.txt,1080x1920x3,uint8,1080x1920x3,uint8,1080x1920,uint16,0,19999,0.3044733796296296,0.6955266203703704,0.0,0.0,0.10407214506172839,0.23258423308531442,8,
002276,002276.png,002276.png,002276.png,002276.txt,1080x1920x3,uint8,1080x1920x3,uint8,1080x1920,uint16,0,19999,0.2579079861111111,0.7420920138888889,0.0,0.0,0.10049334490740741,0.239777202407519,7,
002278,002278.png,002278.png,002278.png,002278.txt,1080x1920x3,uint8,1080x1920x3,uint8,1080x1920,uint16,0,19999,0.3657672646604938,0.6342327353395062,0.0,0.0,0.11178626543209877,0.2382291704416275,4,
002281,002281.png,002281.png,002281.png,002281.txt,1080x1920x3,uint8,1080x1920x3,uint8,1080x1920,uint16,0,19999,0.09050443672839506,0.909495563271605,0.0,0.0,0.11743200231481482,0.2319280505180359,12,
002286,002286.png,002286.png,002286.png,002286.txt,1080x1920x3,uint8,1080x1920x3,uint8,1080x1920,uint16,0,19999,0.11433641975308642,0.8856635802469136,0.0,0.0,0.11022569444444444,0.23783468703428903,13,
002292,002292.png,002292.png,002292.png,002292.txt,1080x1920x3,uint8,1080x1920x3,uint8,1080x1920,uint16,0,19998,0.1886940586419753,0.8113059413580247,0.0,0.0,0.09847270447530865,0.23690328995386759,11,
002296,002296.png,002296.png,002296.png,002296.txt,1080x1920x3,uint8,1080x1920x3,uint8,1080x1920,uint16,0,19999,0.20529369212962964,0.7947063078703703,0.0,0.0,0.030477912808641976,0.25919849177201587,4,
002298,002298.png,002298.png,002298.png,002298.txt,1080x1920x3,uint8,1080x1920x3,uint8,1080x1920,uint16,0,19999,0.1942091049382716,0.8057908950617284,0.0,0.0,0.058583140432098765,0.24317869047323862,13,
002305,002305.png,002305.png,002305.png,002305.txt,1080x1920x3,uint8,1080x1920x3,uint8,1080x1920,uint16,0,19999,0.31003520447530863,0.6899647955246914,0.0,0.0,0.14379822530864197,0.2873755743106206,5,
002308,002308.png,002308.png,002308.png,002308.txt,1080x1920x3,uint8,1080x1920x3,uint8,1080x1920,uint16,0,19999,0.4087914737654321,0.5912085262345679,0.0,0.0,0.1571412037037037,0.22621849675973257,3,
002315,002315.png,002315.png,002315.png,002315.txt,1080x1920x3,uint8,1080x1920x3,uint8,1080x1920,uint16,0,19999,0.12568769290123458,0.8743123070987654,0.0,0.0,0.10845871913580248,0.24345839520295462,1,
002318,002318.png,002318.png,002318.png,002318.txt,1080x1920x3,uint8,1080x1920x3,uint8,1080x1920,uint16,0,19999,0.1776687885802469,0.8223312114197531,0.0,0.0,0.1585204475308642,0.23107864459355673,3,
002326,002326.png,002326.png,002326.png,002326.txt,1080x1920x3,uint8,1080x1920x3,uint8,1080x1920,uint16,0,10313,0.02691599151234568,0.9730840084876543,0.0,0.0,0.050611496913580245,0.2692071745793025,14,
002327,002327.png,002327.png,002327.png,002327.txt,1080x1920x3,uint8,1080x1920x3,uint8,1080x1920,uint16,0,10400,0.023874421296296296,0.9761255787037038,0.0,0.0,0.07801456404320987,0.26481063663959503,13,
002331,002331.png,002331.png,002331.png,002331.txt,1080x1920x3,uint8,1080x1920x3,uint8,1080x1920,uint16,0,19999,0.3667505787037037,0.6332494212962962,0.0,0.0,0.10323206018518519,0.2342872271935145,19,
002332,002332.png,002332.png,002332.png,002332.txt,1080x1920x3,uint8,1080x1920x3,uint8,1080x1920,uint16,0,19999,0.1699242862654321,0.8300757137345679,0.0,0.0,0.0778785686728395,0.24699942270914713,12,
002334,002334.png,002334.png,002334.png,002334.txt,1080x1920x3,uint8,1080x1920x3,uint8,1080x1920,uint16,0,19999,0.32538001543209877,0.6746199845679013,0.0,0.0,0.14185956790123458,0.2244396209716797,11,
002338,002338.png,002338.png,002338.png,002338.txt,1080x1920x3,uint8,1080x1920x3,uint8,1080x1920,uint16,0,19999,0.0688768325617284,0.9311231674382716,0.0,0.0,0.10051552854938271,0.2425263673067093,6,
002340,002340.png,002340.png,002340.png,002340.txt,1080x1920x3,uint8,1080x1920x3,uint8,1080x1920,uint16,0,19999,0.33587336033950616,0.6641266396604938,0.0,0.0,0.12453993055555555,0.23422936101754507,9,
002342,002342.png,002342.png,002342.png,002342.txt,1080x1920x3,uint8,1080x1920x3,uint8,1080x1920,uint16,0,17151,0.012788869598765433,0.9872111304012345,0.0,0.0,0.0648413387345679,0.2487956533829371,5,
002343,002343.png,002343.png,002343.png,002343.txt,1080x1920x3,uint8,1080x1920x3,uint8,1080x1920,uint16,0,16937,0.013193962191358025,0.986806037808642,0.0,0.0,0.20673707561728394,0.20921295881271362,5,
002345,002345.png,002345.png,002345.png,002345.txt,1080x1920x3,uint8,1080x1920x3,uint8,1080x1920,uint16,0,18262,0.012333622685185185,0.9876663773148148,0.0,0.0,0.09526186342592592,0.24093203246593475,5,
002346,002346.png,002346.png,002346.png,002346.txt,1080x1920x3,uint8,1080x1920x3,uint8,1080x1920,uint16,0,19987,0.013658371913580247,0.9863416280864198,0.0,0.0,0.08381799768518519,0.2426366408665975,5,
002351,002351.png,002351.png,002351.png,002351.txt,1080x1920x3,uint8,1080x1920x3,uint8,1080x1920,uint16,0,17497,0.012638888888888889,0.9873611111111111,0.0,0.0,0.06150221836419753,0.2470566431681315,5,
002357,002357.png,002357.png,002357.png,002357.txt,1080x1920x3,uint8,1080x1920x3,uint8,1080x1920,uint16,0,15297,0.013001060956790123,0.9869989390432099,0.0,0.0,0.11121238425925926,0.23427019516626993,4,
002359,002359.png,002359.png,002359.png,002359.txt,1080x1920x3,uint8,1080x1920x3,uint8,1080x1920,uint16,0,15712,0.011978684413580246,0.9880213155864197,0.0,0.0,0.23516203703703703,0.20610050360361734,4,
002372,002372.png,002372.png,002372.png,002372.txt,1080x1920x3,uint8,1080x1920x3,uint8,1080x1920,uint16,0,19999,0.02031635802469136,0.9796836419753087,0.0,0.0,0.11488136574074075,0.2408564885457357,5,
002375,002375.png,002375.png,002375.png,002375.txt,1080x1920x3,uint8,1080x1920x3,uint8,1080x1920,uint16,0,19999,0.03650752314814815,0.9634924768518518,0.0,0.0,0.06740451388888889,0.25423771639664966,5,
002378,002378.png,002378.png,002378.png,002378.txt,1080x1920x3,uint8,1080x1920x3,uint8,1080x1920,uint16,0,19999,0.1057638888888889,0.8942361111111111,0.0,0.0,0.17477864583333333,0.22785654167334238,7,
002380,002380.png,002380.png,002380.png,002380.txt,1080x1920x3,uint8,1080x1920x3,uint8,1080x1920,uint16,0,19999,0.22582851080246913,0.7741714891975309,0.0,0.0,0.101889949845679,0.24515624841054282,10,
002381,002381.png,002381.png,002381.png,002381.txt,1080x1920x3,uint8,1080x1920x3,uint8,1080x1920,uint16,0,19986,0.046471354166666666,0.9535286458333333,0.0,0.0,0.09805266203703704,0.2524363398551941,3,
002383,002383.png,002383.png,002383.png,002383.txt,1080x1920x3,uint8,1080x1920x3,uint8,1080x1920,uint16,0,19999,0.03285108024691358,0.9671489197530864,0.0,0.0,0.035125385802469135,0.26775141557057697,3,
002386,002386.png,002386.png,002386.png,002386.txt,1080x1920x3,uint8,1080x1920x3,uint8,1080x1920,uint16,0,19999,0.04468894675925926,0.9553110532407407,0.0,0.0,0.10382619598765432,0.24786361555258432,5,
002392,002392.png,002392.png,002392.png,002392.txt,1080x1920x3,uint8,1080x1920x3,uint8,1080x1920,uint16,0,19999,0.07839409722222222,0.9216059027777778,0.0,0.0,0.057665895061728395,0.26168595254421234,2,
002395,002395.png,002395.png,002395.png,002395.txt,1080x1920x3,uint8,1080x1920x3,uint8,1080x1920,uint16,0,19999,0.028586033950617283,0.9714139660493827,0.0,0.0,0.10522376543209877,0.24405575295289358,3,
002398,002398.png,002398.png,002398.png,002398.txt,1080x1920x3,uint8,1080x1920x3,uint8,1080x1920,uint16,0,19999,0.039573688271604936,0.9604263117283951,0.0,0.0,0.10385706018518519,0.2471804271141688,1,
002400,002400.png,002400.png,002400.png,002400.txt,1080x1920x3,uint8,1080x1920x3,uint8,1080x1920,uint16,0,19999,0.02255835262345679,0.9774416473765432,0.0,0.0,0.10493007330246913,0.24472576379776,2,
002413,002413.png,002413.png,002413.png,002413.txt,1080x1920x3,uint8,1080x1920x3,uint8,1080x1920,uint16,0,19999,0.08898485725308641,0.9110151427469135,0.0,0.0,0.17994695216049383,0.2161236455043157,2,
002422,002422.png,002422.png,002422.png,002422.txt,1080x1920x3,uint8,1080x1920x3,uint8,1080x1920,uint16,0,19991,0.06218701774691358,0.9378129822530864,0.0,0.0,0.09583670910493827,0.25168852508068085,3,
002425,002425.png,002425.png,002425.png,002425.txt,1080x1920x3,uint8,1080x1920x3,uint8,1080x1920,uint16,0,19999,0.12963011188271606,0.870369888117284,0.0,0.0,0.1109230324074074,0.22860017915566763,2,
002427,002427.png,002427.png,002427.png,002427.txt,1080x1920x3,uint8,1080x1920x3,uint8,1080x1920,uint16,0,19999,0.2818581211419753,0.7181418788580247,0.0,0.0,0.06630160108024691,0.25991769631703693,8,
002430,002430.png,002430.png,002430.png,002430.txt,1080x1920x3,uint8,1080x1920x3,uint8,1080x1920,uint16,0,19999,0.07872588734567901,0.921274112654321,0.0,0.0,0.05542920524691358,0.22633005678653717,2,
002432,002432.png,002432.png,002432.png,002432.txt,1080x1920x3,uint8,1080x1920x3,uint8,1080x1920,uint16,0,19999,0.14005545910493827,0.8599445408950618,0.0,0.0,0.16382619598765433,0.2189213608702024,4,
002437,002437.png,002437.png,002437.png,002437.txt,1080x1920x3,uint8,1080x1920x3,uint8,1080x1920,uint16,0,19998,0.06523823302469135,0.9347617669753087,0.0,0.0,0.09777633101851851,0.24687918027242026,1,
002440,002440.png,002440.png,002440.png,002440.txt,1080x1920x3,uint8,1080x1920x3,uint8,1080x1920,uint16,0,19999,0.17372733410493826,0.8262726658950618,0.0,0.0,0.13881365740740742,0.23104037841161093,3,
002457,002457.png,002457.png,002457.png,002457.txt,1080x1920x3,uint8,1080x1920x3,uint8,1080x1920,uint16,0,19999,0.29386622299382714,0.7061337770061729,0.0,0.0,0.11494212962962963,0.2378359685341517,12,
002460,002460.png,002460.png,002460.png,002460.txt,1080x1920x3,uint8,1080x1920x3,uint8,1080x1920,uint16,0,19999,0.2409741512345679,0.7590258487654321,0.0,0.0,0.09844376929012345,0.24240966141223907,12,
002475,002475.png,002475.png,002475.png,002475.txt,1080x1920x3,uint8,1080x1920x3,uint8,1080x1920,uint16,0,19999,0.587797550154321,0.412202449845679,0.0,0.0,0.1297685185185185,0.23607156674067178,2,
002479,002479.png,002479.png,002479.png,002479.txt,1080x1920x3,uint8,1080x1920x3,uint8,1080x1920,uint16,0,19999,0.5671764081790124,0.4328235918209877,0.0,0.0,0.12450858410493827,0.23583108186721802,4,
002494,002494.png,002494.png,002494.png,002494.txt,1080x1920x3,uint8,1080x1920x3,uint8,1080x1920,uint16,0,19999,0.2526171875,0.7473828125,0.0,0.0,0.0970900848765432,0.24579507112503052,8,
002496,002496.png,002496.png,002496.png,002496.txt,1080x1920x3,uint8,1080x1920x3,uint8,1080x1920,uint16,0,19999,0.12454764660493828,0.8754523533950618,0.0,0.0,0.07517457561728395,0.24336355924606323,7,
002497,002497.png,002497.png,002497.png,002497.txt,1080x1920x3,uint8,1080x1920x3,uint8,1080x1920,uint16,0,19999,0.25024498456790123,0.7497550154320988,0.0,0.0,0.13959153163580246,0.23553048074245453,8,
002500,002500.png,002500.png,002500.png,002500.txt,1080x1920x3,uint8,1080x1920x3,uint8,1080x1920,uint16,0,19999,0.20342206790123457,0.7965779320987655,0.0,0.0,0.12432822145061728,0.2352986733118693,6,
002506,002506.png,002506.png,002506.png,002506.txt,1080x1920x3,uint8,1080x1920x3,uint8,1080x1920,uint16,0,19999,0.4247043788580247,0.5752956211419753,0.0,0.0,0.1264284336419753,0.23733345667521158,2,
002508,002508.png,002508.png,002508.png,002508.txt,1080x1920x3,uint8,1080x1920x3,uint8,1080x1920,uint16,0,19999,0.1887987075617284,0.8112012924382717,0.0,0.0,0.08045090663580247,0.2469769169886907,2,
002509,002509.png,002509.png,002509.png,002509.txt,1080x1920x3,uint8,1080x1920x3,uint8,1080x1920,uint16,0,19999,0.12821228780864197,0.871787712191358,0.0,0.0,0.13397183641975308,0.23377314706643423,2,
002514,002514.png,002514.png,002514.png,002514.txt,1080x1920x3,uint8,1080x1920x3,uint8,1080x1920,uint16,0,19999,0.4724445408950617,0.5275554591049383,0.0,0.0,0.09849054783950617,0.2422498712937037,1,
002517,002517.png,002517.png,002517.png,002517.txt,1080x1920x3,uint8,1080x1920x3,uint8,1080x1920,uint16,0,19999,0.6012331211419754,0.3987668788580247,0.0,0.0,0.13845534336419754,0.23031604290008545,8,
002520,002520.png,002520.png,002520.png,002520.txt,1080x1920x3,uint8,1080x1920x3,uint8,1080x1920,uint16,0,19999,0.6973032407407408,0.30269675925925926,0.0,0.0,0.13006799768518518,0.28693383435408276,2,
002522,002522.png,002522.png,002522.png,002522.txt,1080x1920x3,uint8,1080x1920x3,uint8,1080x1920,uint16,0,19999,0.4215634645061728,0.5784365354938271,0.0,0.0,0.10411844135802469,0.24761509895324707,2,
002535,002535.png,002535.png,002535.png,002535.txt,1080x1920x3,uint8,1080x1920x3,uint8,1080x1920,uint16,0,19999,0.1941849922839506,0.8058150077160494,0.0,0.0,0.09922260802469136,0.23851852118968964,1,
002538,002538.png,002538.png,002538.png,002538.txt,1080x1920x3,uint8,1080x1920x3,uint8,1080x1920,uint16,0,19999,0.17183738425925926,0.8281626157407408,0.0,0.0,0.1138990162037037,0.23848700523376465,1,
002542,002542.png,002542.png,002542.png,002542.txt,1080x1920x3,uint8,1080x1920x3,uint8,1080x1920,uint16,0,19999,0.14631413966049384,0.8536858603395062,0.0,0.0,0.12236304012345679,0.24657471477985382,2,
002547,002547.png,002547.png,002547.png,002547.txt,1080x1920x3,uint8,1080x1920x3,uint8,1080x1920,uint16,0,19999,0.15266059027777779,0.8473394097222222,0.0,0.0,0.121875,0.2490043044090271,1,
002556,002556.png,002556.png,002556.png,002556.txt,1080x1920x3,uint8,1080x1920x3,uint8,1080x1920,uint16,0,19999,0.2640046296296296,0.7359953703703703,0.0,0.0,0.14961033950617283,0.2270132452249527,19,
002569,002569.png,002569.png,002569.png,002569.txt,1080x1920x3,uint8,1080x1920x3,uint8,1080x1920,uint16,0,14351,0.054293981481481485,0.9457060185185185,0.0,0.0,0.13001929012345678,0.2327646017074585,1,
002576,002576.png,002576.png,002576.png,002576.txt,1080x1920x3,uint8,1080x1920x3,uint8,1080x1920,uint16,0,19999,0.6218103780864197,0.37818962191358024,0.0,0.0,0.11229021990740741,0.24325424432754517,13,
002579,002579.png,002579.png,002579.png,002579.txt,1080x1920x3,uint8,1080x1920x3,uint8,1080x1920,uint16,0,19999,0.5421440972222222,0.45785590277777777,0.0,0.0,0.12672260802469135,0.23193222284317017,11,
002584,002584.png,002584.png,002584.png,002584.txt,1080x1920x3,uint8,1080x1920x3,uint8,1080x1920,uint16,0,19999,0.24435619212962964,0.7556438078703703,0.0,0.0,0.11401186342592592,0.23931841055552164,7,
002587,002587.png,002587.png,002587.png,002587.txt,1080x1920x3,uint8,1080x1920x3,uint8,1080x1920,uint16,0,19998,0.14292148919753087,0.8570785108024691,0.0,0.0,0.13398099922839507,0.23104296127955118,1,
002588,002588.png,002588.png,002588.png,002588.txt,1080x1920x3,uint8,1080x1920x3,uint8,1080x1920,uint16,0,19999,0.13983989197530863,0.8601601080246913,0.0,0.0,0.14929349922839505,0.22761412958304086,3,
002592,002592.png,002592.png,002592.png,002592.txt,1080x1920x3,uint8,1080x1920x3,uint8,1080x1920,uint16,0,19999,0.5767201967592592,0.4232798032407407,0.0,0.0,0.07418740354938272,0.26468396186828613,37,
002593,002593.png,002593.png,002593.png,002593.txt,1080x1920x3,uint8,1080x1920x3,uint8,1080x1920,uint16,0,19999,0.5817472029320988,0.41825279706790125,0.0,0.0,0.12163049768518519,0.24916120370229086,34,
002598,002598.png,002598.png,002598.png,002598.txt,1080x1920x3,uint8,1080x1920x3,uint8,1080x1920,uint16,0,19999,0.36725067515432097,0.632749324845679,0.0,0.0,0.11387827932098765,0.21898309141397476,27,bbox_cross_image_boundary_line_4;bbox_cross_image_boundary_line_6;bbox_cross_image_boundary_line_14
002600,002600.png,002600.png,002600.png,002600.txt,1080x1920x3,uint8,1080x1920x3,uint8,1080x1920,uint16,0,19999,0.5717626350308642,0.4282373649691358,0.0,0.0,0.1194849537037037,0.24157889684041342,40,
002604,002604.png,002604.png,002604.png,002604.txt,1080x1920x3,uint8,1080x1920x3,uint8,1080x1920,uint16,0,19999,0.5816025270061729,0.4183974729938272,0.0,0.0,0.11308256172839506,0.23472575346628824,37,
002607,002607.png,002607.png,002607.png,002607.txt,1080x1920x3,uint8,1080x1920x3,uint8,1080x1920,uint16,0,19999,0.40402536651234566,0.5959746334876543,0.0,0.0,0.12813175154320988,0.22732285410165787,24,
002625,002625.png,002625.png,002625.png,002625.txt,1080x1920x3,uint8,1080x1920x3,uint8,1080x1920,uint16,0,19999,0.4583714313271605,0.5416285686728395,0.0,0.0,0.09078800154320987,0.25330054263273877,35,
002627,002627.png,002627.png,002627.png,002627.txt,1080x1920x3,uint8,1080x1920x3,uint8,1080x1920,uint16,0,19999,0.32111496913580245,0.6788850308641975,0.0,0.0,0.13206983024691357,0.2454893241326014,33,
002630,002630.png,002630.png,002630.png,002630.txt,1080x1920x3,uint8,1080x1920x3,uint8,1080x1920,uint16,0,19999,0.43762345679012343,0.5623765432098765,0.0,0.0,0.12899450231481482,0.21539062509934107,42,
002633,002633.png,002633.png,002633.png,002633.txt,1080x1920x3,uint8,1080x1920x3,uint8,1080x1920,uint16,0,19999,0.34260609567901235,0.6573939043209877,0.0,0.0,0.11340277777777778,0.23404288291931152,34,
002634,002634.png,002634.png,002634.png,002634.txt,1080x1920x3,uint8,1080x1920x3,uint8,1080x1920,uint16,0,19999,0.3283714313271605,0.6716285686728395,0.0,0.0,0.16467978395061728,0.2275639772415161,34,
002642,002642.png,002642.png,002642.png,002642.txt,1080x1920x3,uint8,1080x1920x3,uint8,1080x1920,uint16,0,19999,0.12521074459876544,0.8747892554012345,0.0,0.0,0.13853780864197532,0.23674382269382477,1,
002663,002663.png,002663.png,002663.png,002663.txt,1080x1920x3,uint8,1080x1920x3,uint8,1080x1920,uint16,0,19999,0.5693098958333334,0.43069010416666664,0.0,0.0,0.09890817901234568,0.24656506876150766,29,
002668,002668.png,002668.png,002668.png,002668.txt,1080x1920x3,uint8,1080x1920x3,uint8,1080x1920,uint16,0,19999,0.34660831404320985,0.6533916859567901,0.0,0.0,0.13093315972222222,0.23203831911087036,22,
002671,002671.png,002671.png,002671.png,002671.txt,1080x1920x3,uint8,1080x1920x3,uint8,1080x1920,uint16,0,19999,0.5602613811728395,0.4397386188271605,0.0,0.0,0.0910546875,0.24610275030136108,28,
002676,002676.png,002676.png,002676.png,002676.txt,1080x1920x3,uint8,1080x1920x3,uint8,1080x1920,uint16,0,19999,0.25506462191358026,0.7449353780864197,0.0,0.0,0.1124416473765432,0.23892554144064584,17,
002677,002677.png,002677.png,002677.png,002677.txt,1080x1920x3,uint8,1080x1920x3,uint8,1080x1920,uint16,0,19999,0.3717573302469136,0.6282426697530864,0.0,0.0,0.12234664351851852,0.23143293460210165,19,
002687,002687.png,002687.png,002687.png,002687.txt,1080x1920x3,uint8,1080x1920x3,uint8,1080x1920,uint16,0,19999,0.3638329475308642,0.6361670524691359,0.0,0.0,0.11401813271604938,0.232628603776296,22,
002690,002690.png,002690.png,002690.png,002690.txt,1080x1920x3,uint8,1080x1920x3,uint8,1080x1920,uint16,0,19999,0.5817775848765432,0.4182224151234568,0.0,0.0,0.12170138888888889,0.23950199286142984,49,
002692,002692.png,002692.png,002692.png,002692.txt,1080x1920x3,uint8,1080x1920x3,uint8,1080x1920,uint16,0,19999,0.5306356095679012,0.46936439043209877,0.0,0.0,0.10215663580246914,0.25302180151144665,33,
002693,002693.png,002693.png,002693.png,002693.txt,1080x1920x3,uint8,1080x1920x3,uint8,1080x1920,uint16,0,19999,0.5428737461419753,0.4571262538580247,0.0,0.0,0.10521026234567901,0.24539995193481445,26,
002704,002704.png,002704.png,002704.png,002704.txt,1080x1920x3,uint8,1080x1920x3,uint8,1080x1920,uint16,0,19999,0.3703337191358025,0.6296662808641975,0.0,0.0,0.12267746913580246,0.23190200328826904,18,
002707,002707.png,002707.png,002707.png,002707.txt,1080x1920x3,uint8,1080x1920x3,uint8,1080x1920,uint16,0,19999,0.38796055169753085,0.6120394483024691,0.0,0.0,0.10666956018518518,0.23609856764475504,14,
002709,002709.png,002709.png,002709.png,002709.txt,1080x1920x3,uint8,1080x1920x3,uint8,1080x1920,uint16,0,19999,0.5647815393518518,0.4352184606481482,0.0,0.0,0.12532600308641975,0.24564590056737265,39,
002724,002724.png,002724.png,002724.png,002724.txt,1080x1920x3,uint8,1080x1920x3,uint8,1080x1920,uint16,0,19999,0.3451485339506173,0.6548514660493827,0.0,0.0,0.09861834490740741,0.22761478026707968,15,bbox_cross_image_boundary_line_2
002725,002725.png,002725.png,002725.png,002725.txt,1080x1920x3,uint8,1080x1920x3,uint8,1080x1920,uint16,0,19999,0.4331669560185185,0.5668330439814815,0.0,0.0,0.11009500385802469,0.2226523905992508,17,
002730,002730.png,002730.png,002730.png,002730.txt,1080x1920x3,uint8,1080x1920x3,uint8,1080x1920,uint16,0,19999,0.5627994791666666,0.43720052083333333,0.0,0.0,0.11580102237654322,0.24712126950422922,47,
002741,002741.png,002741.png,002741.png,002741.txt,1080x1920x3,uint8,1080x1920x3,uint8,1080x1920,uint16,0,19999,0.41867235725308644,0.5813276427469136,0.0,0.0,0.11199845679012346,0.2294341524442037,15,
002744,002744.png,002744.png,002744.png,002744.txt,1080x1920x3,uint8,1080x1920x3,uint8,1080x1920,uint16,0,19999,0.4052980324074074,0.5947019675925926,0.0,0.0,0.1253245563271605,0.22713476916154227,10,
002750,002750.png,002750.png,002750.png,002750.txt,1080x1920x3,uint8,1080x1920x3,uint8,1080x1920,uint16,0,19999,0.4052927276234568,0.5947072723765432,0.0,0.0,0.0990210262345679,0.24177340666453043,27,
002753,002753.png,002753.png,002753.png,002753.txt,1080x1920x3,uint8,1080x1920x3,uint8,1080x1920,uint16,0,19999,0.16010079089506174,0.8398992091049383,0.0,0.0,0.1543528163580247,0.2325430860122045,2,
002756,002756.png,002756.png,002756.png,002756.txt,1080x1920x3,uint8,1080x1920x3,uint8,1080x1920,uint16,0,19999,0.18579909336419753,0.8142009066358025,0.0,0.0,0.13942708333333334,0.2323871503273646,2,
002762,002762.png,002762.png,002762.png,002762.txt,1080x1920x3,uint8,1080x1920x3,uint8,1080x1920,uint16,0,19999,0.4873321759259259,0.5126678240740741,0.0,0.0,0.07076774691358025,0.2577260136604309,2,
002770,002770.png,002770.png,002770.png,002770.txt,1080x1920x3,uint8,1080x1920x3,uint8,1080x1920,uint16,0,19999,0.3680425347222222,0.6319574652777777,0.0,0.0,0.12557002314814814,0.2397125760714213,6,
002804,002804.png,002804.png,002804.png,002804.txt,1080x1920x3,uint8,1080x1920x3,uint8,1080x1920,uint16,0,19999,0.3383087384259259,0.6616912615740741,0.0,0.0,0.14240017361111112,0.23264209926128387,14,
002807,002807.png,002807.png,002807.png,002807.txt,1080x1920x3,uint8,1080x1920x3,uint8,1080x1920,uint16,0,19999,0.2979668209876543,0.7020298032407407,3.375771604938272e-06,0.0,0.14863667052469134,0.2330150455236435,9,
002816,002816.png,002816.png,002816.png,002816.txt,1080x1920x3,uint8,1080x1920x3,uint8,1080x1920,uint16,0,19999,0.1425072337962963,0.8574927662037037,0.0,0.0,0.13900270061728395,0.23160300652186075,4,
002818,002818.png,002818.png,002818.png,002818.txt,1080x1920x3,uint8,1080x1920x3,uint8,1080x1920,uint16,0,19999,0.15593460648148147,0.8440653935185185,0.0,0.0,0.14808883101851852,0.2282687028249105,5,
002821,002821.png,002821.png,002821.png,002821.txt,1080x1920x3,uint8,1080x1920x3,uint8,1080x1920,uint16,0,19999,0.23097029320987655,0.7690297067901235,0.0,0.0,0.13765673225308642,0.24053208033243814,19,
002839,002839.png,002839.png,002839.png,002839.txt,1080x1920x3,uint8,1080x1920x3,uint8,1080x1920,uint16,0,19999,0.2170654899691358,0.7829345100308642,0.0,0.0,0.13561680169753088,0.2382278839747111,5,
002842,002842.png,002842.png,002842.png,002842.txt,1080x1920x3,uint8,1080x1920x3,uint8,1080x1920,uint16,0,19999,0.08311005015432099,0.9168899498456791,0.0,0.0,0.125219425154321,0.23499228556950888,5,
002844,002844.png,002844.png,002844.png,002844.txt,1080x1920x3,uint8,1080x1920x3,uint8,1080x1920,uint16,0,19999,0.10876398533950617,0.8912360146604938,0.0,0.0,0.10314284336419753,0.23945023119449615,5,
002848,002848.png,002848.png,002848.png,002848.txt,1080x1920x3,uint8,1080x1920x3,uint8,1080x1920,uint16,0,19999,0.13285493827160494,0.8671450617283951,0.0,0.0,0.09563512731481481,0.24285365641117096,7,
002872,002872.png,002872.png,002872.png,002872.txt,1080x1920x3,uint8,1080x1920x3,uint8,1080x1920,uint16,0,19999,0.1649898726851852,0.834973476080247,3.6651234567901234e-05,0.0,0.1283641975308642,0.24260449409484863,1,
002874,002874.png,002874.png,002874.png,002874.txt,1080x1920x3,uint8,1080x1920x3,uint8,1080x1920,uint16,0,19999,0.15213686342592592,0.8478631365740741,0.0,0.0,0.1483521412037037,0.2897575795650482,1,
002876,002876.png,002876.png,002876.png,002876.txt,1080x1920x3,uint8,1080x1920x3,uint8,1080x1920,uint16,0,19934,0.15675684799382716,0.8432412229938272,1.9290123456790124e-06,0.0,0.14379629629629628,0.23176022370656332,1,
002877,002877.png,002877.png,002877.png,002877.txt,1080x1920x3,uint8,1080x1920x3,uint8,1080x1920,uint16,0,12642,0.07329957561728395,0.926700424382716,0.0,0.0,0.24784095293209876,0.23484696447849274,1,
002883,002883.png,002883.png,002883.png,002883.txt,1080x1920x3,uint8,1080x1920x3,uint8,1080x1920,uint16,0,19999,0.24196662808641975,0.7580333719135802,0.0,0.0,0.13007040895061728,0.23848958313465118,15,
002888,002888.png,002888.png,002888.png,002888.txt,1080x1920x3,uint8,1080x1920x3,uint8,1080x1920,uint16,0,19999,0.18757619598765432,0.8124238040123457,0.0,0.0,0.115234375,0.2396006981531779,16,
002897,002897.png,002897.png,002897.png,002897.txt,1080x1920x3,uint8,1080x1920x3,uint8,1080x1920,uint16,0,19999,0.265165412808642,0.7348345871913581,0.0,0.0,0.11274353780864198,0.24077161153157553,12,
002903,002903.png,002903.png,002903.png,002903.txt,1080x1920x3,uint8,1080x1920x3,uint8,1080x1920,uint16,0,19997,0.17080970293209877,0.8291902970679013,0.0,0.0,0.1153660300925926,0.2302797039349874,9,
002906,002906.png,002906.png,002906.png,002906.txt,1080x1920x3,uint8,1080x1920x3,uint8,1080x1920,uint16,0,19999,0.20387152777777778,0.7961284722222223,0.0,0.0,0.12562596450617283,0.2376189629236857,22,
002909,002909.png,002909.png,002909.png,002909.txt,1080x1920x3,uint8,1080x1920x3,uint8,1080x1920,uint16,0,19999,0.12481095679012345,0.8751890432098766,0.0,0.0,0.1111911651234568,0.23531186083952585,10,
002910,002910.png,002910.png,002910.png,002910.txt,1080x1920x3,uint8,1080x1920x3,uint8,1080x1920,uint16,0,19999,0.17373842592592592,0.8262615740740741,0.0,0.0,0.11199893904320987,0.24325392643610635,14,
002912,002912.png,002912.png,002912.png,002912.txt,1080x1920x3,uint8,1080x1920x3,uint8,1080x1920,uint16,0,19999,0.20636863425925925,0.7936140046296296,1.736111111111111e-05,0.0,0.05353539737654321,0.24834972620010376,24,
002914,002914.png,002914.png,002914.png,002914.txt,1080x1920x3,uint8,1080x1920x3,uint8,1080x1920,uint16,0,19999,0.10431954089506174,0.8956804591049383,0.0,0.0,0.14096981095679012,0.2136615887284279,12,
002918,002918.png,002918.png,002918.png,002918.txt,1080x1920x3,uint8,1080x1920x3,uint8,1080x1920,uint16,0,17298,0.10799720293209876,0.8920027970679012,0.0,0.0,0.1560715663580247,0.21546071767807007,11,
002923,002923.png,002923.png,002923.png,002923.txt,1080x1920x3,uint8,1080x1920x3,uint8,1080x1920,uint16,0,19999,0.12994212962962962,0.8700578703703704,0.0,0.0,0.1052271412037037,0.24809510012467703,3,
002935,002935.png,002935.png,002935.png,002935.txt,1080x1920x3,uint8,1080x1920x3,uint8,1080x1920,uint16,0,19999,0.25405960648148146,0.7459403935185185,0.0,0.0,0.18248746141975308,0.22700649499893188,2,
002940,002940.png,002940.png,002940.png,002940.txt,1080x1920x3,uint8,1080x1920x3,uint8,1080x1920,uint16,0,19999,0.22279272762345678,0.7772072723765432,0.0,0.0,0.15312548225308642,0.22529127697149912,3,
002946,002946.png,002946.png,002946.png,002946.txt,1080x1920x3,uint8,1080x1920x3,uint8,1080x1920,uint16,0,19999,0.551815200617284,0.44818287037037036,1.9290123456790124e-06,0.0,0.11069010416666666,0.24354263146718344,19,
002953,002953.png,002953.png,002953.png,002953.txt,1080x1920x3,uint8,1080x1920x3,uint8,1080x1920,uint16,0,19999,0.49582802854938274,0.5041719714506173,0.0,0.0,0.13170235339506173,0.24072144428888956,5,
002955,002955.png,002955.png,002955.png,002955.txt,1080x1920x3,uint8,1080x1920x3,uint8,1080x1920,uint16,0,19999,0.5044420331790124,0.49552806712962966,2.9899691358024692e-05,0.0,0.11643229166666667,0.24528259535630545,24,
002962,002962.png,002962.png,002962.png,002962.txt,1080x1920x3,uint8,1080x1920x3,uint8,1080x1920,uint16,0,19999,0.48777970679012345,0.5122159529320988,4.340277777777778e-06,0.0,0.14070794753086419,0.22623296082019806,15,
002965,002965.png,002965.png,002965.png,002965.txt,1080x1920x3,uint8,1080x1920x3,uint8,1080x1920,uint16,0,19999,0.49456404320987657,0.5054359567901234,0.0,0.0,0.1196238425925926,0.23638374110062918,12,
002970,002970.png,002970.png,002970.png,002970.txt,1080x1920x3,uint8,1080x1920x3,uint8,1080x1920,uint16,0,19999,0.5091411072530864,0.49048177083333333,0.0003771219135802469,0.0,0.10117042824074074,0.311787227789561,11,
002972,002972.png,002972.png,002972.png,002972.txt,1080x1920x3,uint8,1080x1920x3,uint8,1080x1920,uint16,0,19999,0.30176890432098763,0.6982310956790123,0.0,0.0,0.12100549768518519,0.20754307508468628,29,
002976,002976.png,002976.png,002976.png,002976.txt,1080x1920x3,uint8,1080x1920x3,uint8,1080x1920,uint16,0,19999,0.3399652777777778,0.6600347222222223,0.0,0.0,0.08982445987654321,0.22284336884816489,31,
002984,002984.png,002984.png,002984.png,002984.txt,1080x1920x3,uint8,1080x1920x3,uint8,1080x1920,uint16,0,19999,0.3400337577160494,0.6599662422839506,0.0,0.0,0.11172019675925926,0.22033017873764038,24,
002987,002987.png,002987.png,002987.png,002987.txt,1080x1920x3,uint8,1080x1920x3,uint8,1080x1920,uint16,0,19999,0.2345408950617284,0.7654591049382716,0.0,0.0,0.06117621527777778,0.22284593681494394,16,
002992,002992.png,002992.png,002992.png,002992.txt,1080x1920x3,uint8,1080x1920x3,uint8,1080x1920,uint16,0,19999,0.33382233796296296,0.666177662037037,0.0,0.0,0.1732151813271605,0.27819155156612396,7,
002996,002996.png,002996.png,002996.png,002996.txt,1080x1920x3,uint8,1080x1920x3,uint8,1080x1920,uint16,0,19999,0.25784963348765433,0.7421503665123457,0.0,0.0,0.14147328317901234,0.23738072315851846,5,
002998,002998.png,002998.png,002998.png,002998.txt,1080x1920x3,uint8,1080x1920x3,uint8,1080x1920,uint16,0,19999,0.2927309992283951,0.7072690007716049,0.0,0.0,0.12859953703703703,0.23861304422219595,7,
003004,003004.png,003004.png,003004.png,003004.txt,1080x1920x3,uint8,1080x1920x3,uint8,1080x1920,uint16,0,19999,0.2876249035493827,0.7123577353395062,1.736111111111111e-05,0.0,0.0273852237654321,0.25907857716083527,4,
003007,003007.png,003007.png,003007.png,003007.txt,1080x1920x3,uint8,1080x1920x3,uint8,1080x1920,uint16,0,19999,0.4187147955246914,0.5812852044753086,0.0,0.0,0.1284129050925926,0.23986497024695078,17,
003009,003009.png,003009.png,003009.png,003009.txt,1080x1920x3,uint8,1080x1920x3,uint8,1080x1920,uint16,0,19999,0.3513353587962963,0.6486646412037037,0.0,0.0,0.13478153935185186,0.23363329470157623,13,
003013,003013.png,003013.png,003013.png,003013.txt,1080x1920x3,uint8,1080x1920x3,uint8,1080x1920,uint16,0,19999,0.26870707947530864,0.7312929205246913,0.0,0.0,0.22153597608024692,0.20999774833520254,7,
003017,003017.png,003017.png,003017.png,003017.txt,1080x1920x3,uint8,1080x1920x3,uint8,1080x1920,uint16,0,19999,0.2990494791666667,0.7008863811728395,6.413966049382716e-05,0.0,0.11966820987654321,0.2360574205716451,6,
003019,003019.png,003019.png,003019.png,003019.txt,1080x1920x3,uint8,1080x1920x3,uint8,1080x1920,uint16,0,19999,0.2864400077160494,0.7135035686728395,5.642361111111111e-05,0.0,0.14942949459876542,0.2291219780842463,8,
003022,003022.png,003022.png,003022.png,003022.txt,1080x1920x3,uint8,1080x1920x3,uint8,1080x1920,uint16,0,19999,0.22436583719135803,0.775634162808642,0.0,0.0,0.20207947530864198,0.20623521010080972,12,
003026,003026.png,003026.png,003026.png,003026.txt,1080x1920x3,uint8,1080x1920x3,uint8,1080x1920,uint16,0,19999,0.24665557484567902,0.7529726080246913,0.00037181712962962966,0.0,0.15703944830246913,0.2281192143758138,6,
003034,003034.png,003034.png,003034.png,003034.txt,1080x1920x3,uint8,1080x1920x3,uint8,1080x1920,uint16,0,19999,0.37507378472222225,0.6249262152777778,0.0,0.0,0.03928288966049383,0.26767297585805255,7,
003040,003040.png,003040.png,003040.png,003040.txt,1080x1920x3,uint8,1080x1920x3,uint8,1080x1920,uint16,0,19999,0.2366010802469136,0.7627681327160494,0.000630787037037037,0.0,0.07571711033950618,0.251019482811292,6,
003044,003044.png,003044.png,003044.png,003044.txt,1080x1920x3,uint8,1080x1920x3,uint8,1080x1920,uint16,0,19999,0.4141840277777778,0.5858125964506172,3.375771604938272e-06,0.0,0.14477719907407408,0.22388728459676108,19,
003047,003047.png,003047.png,003047.png,003047.txt,1080x1920x3,uint8,1080x1920x3,uint8,1080x1920,uint16,0,19999,0.3784013310185185,0.6215986689814815,0.0,0.0,0.15378182870370372,0.23283147315184274,20,
003052,003052.png,003052.png,003052.png,003052.txt,1080x1920x3,uint8,1080x1920x3,uint8,1080x1920,uint16,0,19999,0.1980492862654321,0.8019507137345679,0.0,0.0,0.1459254436728395,0.23077450195948282,10,
003056,003056.png,003056.png,003056.png,003056.txt,1080x1920x3,uint8,1080x1920x3,uint8,1080x1920,uint16,0,19999,0.2163700810185185,0.7834770447530864,0.00015287422839506173,0.0,0.4298080632716049,0.1524311974644661,13,
003058,003058.png,003058.png,003058.png,003058.txt,1080x1920x3,uint8,1080x1920x3,uint8,1080x1920,uint16,0,19999,0.30812307098765435,0.6918769290123457,0.0,0.0,0.2051904899691358,0.2146592140197754,9,
003075,003075.png,003075.png,003075.png,003075.txt,1080x1920x3,uint8,1080x1920x3,uint8,1080x1920,uint16,0,19999,0.11576871141975309,0.8842312885802469,0.0,0.0,0.1175,0.2408288319905599,1,
003078,003078.png,003078.png,003078.png,003078.txt,1080x1920x3,uint8,1080x1920x3,uint8,1080x1920,uint16,0,19999,0.13846739969135802,0.861532600308642,0.0,0.0,0.13343460648148148,0.23935796320438385,1,
003080,003080.png,003080.png,003080.png,003080.txt,1080x1920x3,uint8,1080x1920x3,uint8,1080x1920,uint16,0,19956,0.14564766589506173,0.8543523341049383,0.0,0.0,0.12001832561728396,0.23897441228230795,1,
003082,003082.png,003082.png,003082.png,003082.txt,1080x1920x3,uint8,1080x1920x3,uint8,1080x1920,uint16,0,19999,0.45349440586419754,0.5465055941358025,0.0,0.0,0.18792148919753088,0.2199681748946508,10,
003085,003085.png,003085.png,003085.png,003085.txt,1080x1920x3,uint8,1080x1920x3,uint8,1080x1920,uint16,0,19999,0.4765499614197531,0.523450038580247,0.0,0.0,0.048541666666666664,0.2571154832839966,14,
003087,003087.png,003087.png,003087.png,003087.txt,1080x1920x3,uint8,1080x1920x3,uint8,1080x1920,uint16,0,19999,0.3447135416666667,0.6552864583333333,0.0,0.0,0.18198784722222222,0.21914801994959512,14,
003090,003090.png,003090.png,003090.png,003090.txt,1080x1920x3,uint8,1080x1920x3,uint8,1080x1920,uint16,0,19999,0.4390432098765432,0.5609567901234568,0.0,0.0,0.12771363811728395,0.23717239002386728,9,
003093,003093.png,003093.png,003093.png,003093.txt,1080x1920x3,uint8,1080x1920x3,uint8,1080x1920,uint16,0,19999,0.24603105709876544,0.7537326388888889,0.000236304012345679,0.0,0.08527006172839506,0.24818126360575357,17,
003096,003096.png,003096.png,003096.png,003096.txt,1080x1920x3,uint8,1080x1920x3,uint8,1080x1920,uint16,0,19997,0.14911603009259258,0.8508839699074074,0.0,0.0,0.06403838734567902,0.2524617364009221,19,
003098,003098.png,003098.png,003098.png,003098.txt,1080x1920x3,uint8,1080x1920x3,uint8,1080x1920,uint16,0,19999,0.31764226466049383,0.6823577353395062,0.0,0.0,0.10551118827160494,0.2392451117436091,19,
003102,003102.png,003102.png,003102.png,003102.txt,1080x1920x3,uint8,1080x1920x3,uint8,1080x1920,uint16,0,19999,0.2092602237654321,0.7907397762345679,0.0,0.0,0.07672019675925926,0.24949524799982706,4,
003105,003105.png,003105.png,003105.png,003105.txt,1080x1920x3,uint8,1080x1920x3,uint8,1080x1920,uint16,0,19999,0.22871865354938273,0.7712813464506173,0.0,0.0,0.11890817901234568,0.2432838280995687,5,
003107,003107.png,003107.png,003107.png,003107.txt,1080x1920x3,uint8,1080x1920x3,uint8,1080x1920,uint16,0,19999,0.28045814043209877,0.7195418595679013,0.0,0.0,0.19122010030864198,0.22035654385884604,8,bbox_cross_image_boundary_line_1;label_invalid_xywh_line_2
003109,003109.png,003109.png,003109.png,003109.txt,1080x1920x3,uint8,1080x1920x3,uint8,1080x1920,uint16,0,19999,0.2791922260802469,0.720807773919753,0.0,0.0,0.05152488425925926,0.2595814069112142,4,
003124,003124.png,003124.png,003124.png,003124.txt,1080x1920x3,uint8,1080x1920x3,uint8,1080x1920,uint16,0,19999,0.8529041280864198,0.14709587191358026,0.0,0.0,0.2567534722222222,0.19502057631810507,1,
003125,003125.png,003125.png,003125.png,003125.txt,1080x1920x3,uint8,1080x1920x3,uint8,1080x1920,uint16,0,19701,0.907626350308642,0.09237364969135803,0.0,0.0,0.30602864583333333,0.18373488883177438,1,
003127,003127.png,003127.png,003127.png,003127.txt,1080x1920x3,uint8,1080x1920x3,uint8,1080x1920,uint16,0,5890,0.9989790702160494,0.0010209297839506174,0.0,0.0,0.428681037808642,0.15429140875736871,1,
003133,003133.png,003133.png,003133.png,003133.txt,1080x1920x3,uint8,1080x1920x3,uint8,1080x1920,uint16,0,19999,0.1477300347222222,0.8522699652777778,0.0,0.0,0.1105955825617284,0.23691904544830322,8,
003134,003134.png,003134.png,003134.png,003134.txt,1080x1920x3,uint8,1080x1920x3,uint8,1080x1920,uint16,0,19999,0.06282407407407407,0.9371759259259259,0.0,0.0,0.03507426697530864,0.25475436449050903,3,
003138,003138.png,003138.png,003138.png,003138.txt,1080x1920x3,uint8,1080x1920x3,uint8,1080x1920,uint16,0,19999,0.046830632716049383,0.9531693672839506,0.0,0.0,0.031842689043209874,0.25466210146745044,3,
003139,003139.png,003139.png,003139.png,003139.txt,1080x1920x3,uint8,1080x1920x3,uint8,1080x1920,uint16,0,19999,0.04635657793209876,0.9536434220679012,0.0,0.0,0.02670042438271605,0.25345711410045624,3,
003148,003148.png,003148.png,003148.png,003148.txt,1080x1920x3,uint8,1080x1920x3,uint8,1080x1920,uint16,0,19999,0.6251302083333333,0.3748697916666667,0.0,0.0,0.3017828896604938,0.19061985115210214,10,
003152,003152.png,003152.png,003152.png,003152.txt,1080x1920x3,uint8,1080x1920x3,uint8,1080x1920,uint16,0,19999,0.34952980324074073,0.6504701967592592,0.0,0.0,0.0032701581790123458,0.26206082105636597,23,
003154,003154.png,003154.png,003154.png,003154.txt,1080x1920x3,uint8,1080x1920x3,uint8,1080x1920,uint16,0,19999,0.25810426311728396,0.741895736882716,0.0,0.0,0.15753279320987654,0.2187927563985189,23,
003157,003157.png,003157.png,003157.png,003157.txt,1080x1920x3,uint8,1080x1920x3,uint8,1080x1920,uint16,0,19999,0.27414448302469135,0.7258555169753086,0.0,0.0,0.18211323302469135,0.21994695564111075,21,
003159,003159.png,003159.png,003159.png,003159.txt,1080x1920x3,uint8,1080x1920x3,uint8,1080x1920,uint16,0,19999,0.33035445601851854,0.6696455439814815,0.0,0.0,0.04015962577160494,0.2554343541463216,21,
003160,003160.png,003160.png,003160.png,003160.txt,1080x1920x3,uint8,1080x1920x3,uint8,1080x1920,uint16,0,19999,0.32981240354938274,0.6701875964506173,0.0,0.0,0.10776572145061729,0.2456690420707067,22,
003162,003162.png,003162.png,003162.png,003162.txt,1080x1920x3,uint8,1080x1920x3,uint8,1080x1920,uint16,0,12034,0.17058449074074075,0.8289998070987654,0.00041570216049382716,0.0,0.10993971836419753,0.23956436415513357,1,
003165,003165.png,003165.png,003165.png,003165.txt,1080x1920x3,uint8,1080x1920x3,uint8,1080x1920,uint16,0,12472,0.10934413580246914,0.8906558641975308,0.0,0.0,0.1048070987654321,0.23871817191441855,1,
003168,003168.png,003168.png,003168.png,003168.txt,1080x1920x3,uint8,1080x1920x3,uint8,1080x1920,uint16,0,7063,0.15212094907407409,0.8477589699074074,0.00012008101851851852,0.0,0.1095167824074074,0.23823237419128418,1,
003170,003170.png,003170.png,003170.png,003170.txt,1080x1920x3,uint8,1080x1920x3,uint8,1080x1920,uint16,0,8075,0.12774112654320988,0.8699831211419753,0.0022757523148148147,0.0,0.12329812885802469,0.23389885326226553,1,
003179,003179.png,003179.png,003179.png,003179.txt,1080x1920x3,uint8,1080x1920x3,uint8,1080x1920,uint16,0,19999,0.19348717206790123,0.8065128279320988,0.0,0.0,0.03191309799382716,0.2647685209910075,13,
003186,003186.png,003186.png,003186.png,003186.txt,1080x1920x3,uint8,1080x1920x3,uint8,1080x1920,uint16,0,19999,0.15715615354938273,0.8428438464506173,0.0,0.0,0.1054981674382716,0.24036715428034464,15,
003192,003192.png,003192.png,003192.png,003192.txt,1080x1920x3,uint8,1080x1920x3,uint8,1080x1920,uint16,0,19999,0.24474971064814816,0.7552502893518519,0.0,0.0,0.07602719907407407,0.24494951963424683,6,
003193,003193.png,003193.png,003193.png,003193.txt,1080x1920x3,uint8,1080x1920x3,uint8,1080x1920,uint16,0,19999,0.22692515432098764,0.7730748456790123,0.0,0.0,0.10648726851851852,0.23524401585261026,4,
003197,003197.png,003197.png,003197.png,003197.txt,1080x1920x3,uint8,1080x1920x3,uint8,1080x1920,uint16,0,19966,0.28400318287037035,0.7159968171296296,0.0,0.0,0.19078028549382717,0.20431230465571085,5,
003198,003198.png,003198.png,003198.png,003198.txt,1080x1920x3,uint8,1080x1920x3,uint8,1080x1920,uint16,0,19996,0.2914385609567901,0.7085614390432099,0.0,0.0,0.10196469907407407,0.2258590484658877,5,
003200,003200.png,003200.png,003200.png,003200.txt,1080x1920x3,uint8,1080x1920x3,uint8,1080x1920,uint16,0,19999,0.3171846064814815,0.6820047260802469,0.0008106674382716049,0.0,0.08842592592592592,0.24422132472197214,6,
003218,003218.png,003218.png,003218.png,003218.txt,1080x1920x3,uint8,1080x1920x3,uint8,1080x1920,uint16,0,19999,0.14879581404320988,0.8512041859567901,0.0,0.0,0.1582397762345679,0.2278523643811544,2,
003219,003219.png,003219.png,003219.png,003219.txt,1080x1920x3,uint8,1080x1920x3,uint8,1080x1920,uint16,0,19999,0.15246190200617285,0.8475380979938272,0.0,0.0,0.1358396026234568,0.23496720691521963,2,
003225,003225.png,003225.png,003225.png,003225.txt,1080x1920x3,uint8,1080x1920x3,uint8,1080x1920,uint16,0,19999,0.16566743827160493,0.8343325617283951,0.0,0.0,0.09137538580246914,0.24493376910686493,4,
003227,003227.png,003227.png,003227.png,003227.txt,1080x1920x3,uint8,1080x1920x3,uint8,1080x1920,uint16,0,19999,0.19502845293209878,0.8049715470679012,0.0,0.0,0.20200906635802468,0.21978234748045603,3,
003234,003234.png,003234.png,003234.png,003234.txt,1080x1920x3,uint8,1080x1920x3,uint8,1080x1920,uint16,0,19999,0.2848533950617284,0.7151466049382716,0.0,0.0,0.10155815972222222,0.24134355783462524,9,
003237,003237.png,003237.png,003237.png,003237.txt,1080x1920x3,uint8,1080x1920x3,uint8,1080x1920,uint16,0,19999,0.23266975308641974,0.7673152970679012,1.4949845679012346e-05,0.0,0.1120900848765432,0.23636413117249808,6,
003240,003240.png,003240.png,003240.png,003240.txt,1080x1920x3,uint8,1080x1920x3,uint8,1080x1920,uint16,0,19999,0.20284095293209878,0.7971590470679012,0.0,0.0,0.12197193287037036,0.23462577164173126,8,bbox_cross_image_boundary_line_1
003244,003244.png,003244.png,003244.png,003244.txt,1080x1920x3,uint8,1080x1920x3,uint8,1080x1920,uint16,0,19999,0.23661458333333332,0.7633280285493828,5.738811728395062e-05,0.0,0.08770640432098765,0.24576774736245474,7,
003246,003246.png,003246.png,003246.png,003246.txt,1080x1920x3,uint8,1080x1920x3,uint8,1080x1920,uint16,0,19999,0.25038049768518517,0.7496195023148148,0.0,0.0,0.09543643904320988,0.2422794500986735,6,
003257,003257.png,003257.png,003257.png,003257.txt,1080x1920x3,uint8,1080x1920x3,uint8,1080x1920,uint16,0,19999,0.10447434413580246,0.8955256558641975,0.0,0.0,0.21433786651234568,0.20859375099341074,7,
003262,003262.png,003262.png,003262.png,003262.txt,1080x1920x3,uint8,1080x1920x3,uint8,1080x1920,uint16,0,19999,0.4880271026234568,0.5119728973765432,0.0,0.0,0.15641782407407406,0.22389338910579681,32,
003265,003265.png,003265.png,003265.png,003265.txt,1080x1920x3,uint8,1080x1920x3,uint8,1080x1920,uint16,0,19999,0.5376880787037037,0.4623119212962963,0.0,0.0,0.13544077932098766,0.2297161171833674,34,
003269,003269.png,003269.png,003269.png,003269.txt,1080x1920x3,uint8,1080x1920x3,uint8,1080x1920,uint16,0,19999,0.49362702546296294,0.506372974537037,0.0,0.0,0.1485325038580247,0.22552373011906943,29,
003273,003273.png,003273.png,003273.png,003273.txt,1080x1920x3,uint8,1080x1920x3,uint8,1080x1920,uint16,0,19999,0.5910493827160493,0.4089506172839506,0.0,0.0,0.08524016203703703,0.2460500200589498,14,
003279,003279.png,003279.png,003279.png,003279.txt,1080x1920x3,uint8,1080x1920x3,uint8,1080x1920,uint16,0,19999,0.6004166666666667,0.39958333333333335,0.0,0.0,0.10857735339506173,0.24097093443075815,14,
003282,003282.png,003282.png,003282.png,003282.txt,1080x1920x3,uint8,1080x1920x3,uint8,1080x1920,uint16,0,19999,0.18037278163580248,0.8196272183641975,0.0,0.0,0.08518663194444444,0.2431597262620926,24,
003288,003288.png,003288.png,003288.png,003288.txt,1080x1920x3,uint8,1080x1920x3,uint8,1080x1920,uint16,0,19999,0.49744743441358025,0.5025525655864198,0.0,0.0,0.13537181712962962,0.23758584260940552,22,
003298,003298.png,003298.png,003298.png,003298.txt,1080x1920x3,uint8,1080x1920x3,uint8,1080x1920,uint16,0,19999,0.3664130015432099,0.6335869984567901,0.0,0.0,0.13828751929012345,0.22110757728417715,8,
003299,003299.png,003299.png,003299.png,003299.txt,1080x1920x3,uint8,1080x1920x3,uint8,1080x1920,uint16,0,19999,0.3458569637345679,0.6541430362654321,0.0,0.0,0.13855179398148149,0.2197836289803187,8,
003301,003301.png,003301.png,003301.png,003301.txt,1080x1920x3,uint8,1080x1920x3,uint8,1080x1920,uint16,0,19999,0.45144675925925926,0.5485532407407407,0.0,0.0,0.08516975308641975,0.25115933517615,15,
003304,003304.png,003304.png,003304.png,003304.txt,1080x1920x3,uint8,1080x1920x3,uint8,1080x1920,uint16,0,19999,0.4539896797839506,0.5460103202160493,0.0,0.0,0.10351996527777778,0.3066200415293376,14,
003309,003309.png,003309.png,003309.png,003309.txt,1080x1920x3,uint8,1080x1920x3,uint8,1080x1920,uint16,0,19999,0.41879967206790125,0.5812003279320987,0.0,0.0,0.16159625771604938,0.2340229550997416,9,
003312,003312.png,003312.png,003312.png,003312.txt,1080x1920x3,uint8,1080x1920x3,uint8,1080x1920,uint16,0,19999,0.4544391396604938,0.5455608603395061,0.0,0.0,0.1350390625,0.24237140019734701,16,
003314,003314.png,003314.png,003314.png,003314.txt,1080x1920x3,uint8,1080x1920x3,uint8,1080x1920,uint16,0,19999,0.4627932098765432,0.5372067901234568,0.0,0.0,0.16536024305555555,0.23490708569685617,16,
003315,003315.png,003315.png,003315.png,003315.txt,1080x1920x3,uint8,1080x1920x3,uint8,1080x1920,uint16,0,19999,0.4671508487654321,0.5328491512345679,0.0,0.0,0.22750626929012346,0.2173228512207667,15,
003317,003317.png,003317.png,003317.png,003317.txt,1080x1920x3,uint8,1080x1920x3,uint8,1080x1920,uint16,0,19999,0.44851321373456793,0.5514867862654321,0.0,0.0,0.15562885802469137,0.21827449897925058,18,
003338,003338.png,003338.png,003338.png,003338.txt,1080x1920x3,uint8,1080x1920x3,uint8,1080x1920,uint16,0,19999,0.15275173611111112,0.8472482638888889,0.0,0.0,0.13764564043209876,0.2433230479558309,2,
003340,003340.png,003340.png,003340.png,003340.txt,1080x1920x3,uint8,1080x1920x3,uint8,1080x1920,uint16,0,19999,0.15459346064814813,0.8454065393518518,0.0,0.0,0.12100694444444444,0.2468730757633845,6,
003342,003342.png,003342.png,003342.png,003342.txt,1080x1920x3,uint8,1080x1920x3,uint8,1080x1920,uint16,0,19999,0.1570799575617284,0.8429200424382716,0.0,0.0,0.20604311342592593,0.2201488564411799,1,
003343,003343.png,003343.png,003343.png,003343.txt,1080x1920x3,uint8,1080x1920x3,uint8,1080x1920,uint16,0,19999,0.15325569058641975,0.8467443094135803,0.0,0.0,0.1535812114197531,0.23263792196909586,1,
003346,003346.png,003346.png,003346.png,003346.txt,1080x1920x3,uint8,1080x1920x3,uint8,1080x1920,uint16,0,19999,0.1740919174382716,0.8259080825617284,0.0,0.0,0.1485985725308642,0.23381751775741577,4,
003348,003348.png,003348.png,003348.png,003348.txt,1080x1920x3,uint8,1080x1920x3,uint8,1080x1920,uint16,0,19999,0.15935619212962962,0.8406438078703704,0.0,0.0,0.2115793788580247,0.22051086525122324,1,
003349,003349.png,003349.png,003349.png,003349.txt,1080x1920x3,uint8,1080x1920x3,uint8,1080x1920,uint16,0,19999,0.16339747299382715,0.8366025270061729,0.0,0.0,0.18031153549382717,0.2263937145471573,1,
003353,003353.png,003353.png,003353.png,003353.txt,1080x1920x3,uint8,1080x1920x3,uint8,1080x1920,uint16,0,19999,0.19120756172839506,0.808759162808642,3.3275462962962965e-05,0.0,0.12533757716049382,0.24080889920393625,2,
003357,003357.png,003357.png,003357.png,003357.txt,1080x1920x3,uint8,1080x1920x3,uint8,1080x1920,uint16,0,19999,0.15256944444444445,0.8474107831790123,1.9772376543209878e-05,0.0,0.13139322916666665,0.2792399724324544,1,
003363,003363.png,003363.png,003363.png,003363.txt,1080x1920x3,uint8,1080x1920x3,uint8,1080x1920,uint16,0,19999,0.4118142361111111,0.5881857638888889,0.0,0.0,0.15885416666666666,0.2232224146525065,13,
003368,003368.png,003368.png,003368.png,003368.txt,1080x1920x3,uint8,1080x1920x3,uint8,1080x1920,uint16,0,19999,0.423275462962963,0.5767245370370371,0.0,0.0,0.14743634259259258,0.21239101390043894,6,
003375,003375.png,003375.png,003375.png,003375.txt,1080x1920x3,uint8,1080x1920x3,uint8,1080x1920,uint16,0,19999,0.5380979938271605,0.4619020061728395,0.0,0.0,0.1449141589506173,0.22309863567352295,23,
003380,003380.png,003380.png,003380.png,003380.txt,1080x1920x3,uint8,1080x1920x3,uint8,1080x1920,uint16,0,19999,0.6687774884259259,0.33122251157407406,0.0,0.0,0.2721170910493827,0.20048225422700247,23,
003386,003386.png,003386.png,003386.png,003386.txt,1080x1920x3,uint8,1080x1920x3,uint8,1080x1920,uint16,0,19999,0.33892409336419754,0.6609360532407408,0.0001398533950617284,0.0,0.17456404320987653,0.2189920941988627,7,
003389,003389.png,003389.png,003389.png,003389.txt,1080x1920x3,uint8,1080x1920x3,uint8,1080x1920,uint16,0,19999,0.3690649112654321,0.6309350887345679,0.0,0.0,0.20036747685185186,0.22339892387390137,7,
003393,003393.png,003393.png,003393.png,003393.txt,1080x1920x3,uint8,1080x1920x3,uint8,1080x1920,uint16,0,19999,0.3135590277777778,0.6864409722222222,0.0,0.0,0.12047212577160493,0.23314686119556427,4,
003405,003405.png,003405.png,003405.png,003405.txt,1080x1920x3,uint8,1080x1920x3,uint8,1080x1920,uint16,0,19999,0.2933786651234568,0.7066213348765432,0.0,0.0,0.09863425925925925,0.2492213249206543,1,
003408,003408.png,003408.png,003408.png,003408.txt,1080x1920x3,uint8,1080x1920x3,uint8,1080x1920,uint16,0,19999,0.29509452160493826,0.7049054783950617,0.0,0.0,0.10583719135802469,0.2379954308271408,2,
003409,003409.png,003409.png,003409.png,003409.txt,1080x1920x3,uint8,1080x1920x3,uint8,1080x1920,uint16,0,19999,0.2383786651234568,0.7616213348765432,0.0,0.0,0.20241271219135804,0.2116743872563044,5,
003411,003411.png,003411.png,003411.png,003411.txt,1080x1920x3,uint8,1080x1920x3,uint8,1080x1920,uint16,0,19999,0.3040412808641975,0.6959587191358024,0.0,0.0,0.1587842399691358,0.22248425086339316,8,
003419,003419.png,003419.png,003419.png,003419.txt,1080x1920x3,uint8,1080x1920x3,uint8,1080x1920,uint16,0,19999,0.3776012731481482,0.6223987268518518,0.0,0.0,0.07740596064814814,0.24205793937047324,22,
003421,003421.png,003421.png,003421.png,003421.txt,1080x1920x3,uint8,1080x1920x3,uint8,1080x1920,uint16,0,19999,0.2938503086419753,0.7061496913580247,0.0,0.0,0.1182079475308642,0.2500392198562622,11,
003422,003422.png,003422.png,003422.png,003422.txt,1080x1920x3,uint8,1080x1920x3,uint8,1080x1920,uint16,0,19999,0.4388213734567901,0.5611728395061728,5.787037037037037e-06,0.0,0.1777811535493827,0.23177854220072427,13,
003425,003425.png,003425.png,003425.png,003425.txt,1080x1920x3,uint8,1080x1920x3,uint8,1080x1920,uint16,0,19999,0.318804012345679,0.681195987654321,0.0,0.0,0.16349633487654322,0.23897955318291983,16,
003430,003430.png,003430.png,003430.png,003430.txt,1080x1920x3,uint8,1080x1920x3,uint8,1080x1920,uint16,0,19999,0.27328173225308644,0.7267182677469136,0.0,0.0,0.08802083333333334,0.25338927408059436,14,
003443,003443.png,003443.png,003443.png,003443.txt,1080x1920x3,uint8,1080x1920x3,uint8,1080x1920,uint16,0,19999,0.33489535108024693,0.6651046489197531,0.0,0.0,0.10530574845679012,0.2526041666666667,1,
003444,003444.png,003444.png,003444.png,003444.txt,1080x1920x3,uint8,1080x1920x3,uint8,1080x1920,uint16,0,19999,0.3168484760802469,0.6831515239197531,0.0,0.0,0.05810474537037037,0.265117347240448,1,
003448,003448.png,003448.png,003448.png,003448.txt,1080x1920x3,uint8,1080x1920x3,uint8,1080x1920,uint16,0,19999,0.3889954668209877,0.6109900655864198,1.4467592592592593e-05,0.0,0.14767409336419754,0.24225662151972452,1,
003451,003451.png,003451.png,003451.png,003451.txt,1080x1920x3,uint8,1080x1920x3,uint8,1080x1920,uint16,0,19999,0.4657426697530864,0.5342573302469136,0.0,0.0,0.15160445601851852,0.21639821430047354,19,
003452,003452.png,003452.png,003452.png,003452.txt,1080x1920x3,uint8,1080x1920x3,uint8,1080x1920,uint16,0,19999,0.4835373263888889,0.5164626736111111,0.0,0.0,0.06604263117283951,0.24506205320358276,18,
003455,003455.png,003455.png,003455.png,003455.txt,1080x1920x3,uint8,1080x1920x3,uint8,1080x1920,uint16,0,19999,0.38232783564814815,0.6176721643518519,0.0,0.0,0.10520833333333333,0.23323174317677817,14,
003457,003457.png,003457.png,003457.png,003457.txt,1080x1920x3,uint8,1080x1920x3,uint8,1080x1920,uint16,0,19999,0.29783082561728397,0.7021691743827161,0.0,0.0,0.05058545524691358,0.26508134603500366,14,
003460,003460.png,003460.png,003460.png,003460.txt,1080x1920x3,uint8,1080x1920x3,uint8,1080x1920,uint16,0,19999,0.4715991512345679,0.5284008487654321,0.0,0.0,0.13854311342592593,0.21583365897337595,9,
003466,003466.png,003466.png,003466.png,003466.txt,1080x1920x3,uint8,1080x1920x3,uint8,1080x1920,uint16,0,19999,0.16919560185185184,0.8308043981481481,0.0,0.0,0.1384963348765432,0.23130915562311807,15,
003468,003468.png,003468.png,003468.png,003468.txt,1080x1920x3,uint8,1080x1920x3,uint8,1080x1920,uint16,0,19999,0.34931327160493825,0.6506867283950617,0.0,0.0,0.2107325424382716,0.22377250591913858,7,
003469,003469.png,003469.png,003469.png,003469.txt,1080x1920x3,uint8,1080x1920x3,uint8,1080x1920,uint16,0,19999,0.4225192901234568,0.5774807098765432,0.0,0.0,0.25349729938271603,0.20901813606421152,2,
003472,003472.png,003472.png,003472.png,003472.txt,1080x1920x3,uint8,1080x1920x3,uint8,1080x1920,uint16,0,19999,0.5827174961419753,0.4172825038580247,0.0,0.0,0.13868007330246915,0.23864744106928507,4,
003475,003475.png,003475.png,003475.png,003475.txt,1080x1920x3,uint8,1080x1920x3,uint8,1080x1920,uint16,0,19999,0.4208101851851852,0.5791898148148148,0.0,0.0,0.11470871913580247,0.24972639977931976,12,
003477,003477.png,003477.png,003477.png,003477.txt,1080x1920x3,uint8,1080x1920x3,uint8,1080x1920,uint16,0,19999,0.21917872299382715,0.7808212770061729,0.0,0.0,0.11862413194444445,0.2365460991859436,21,
003480,003480.png,003480.png,003480.png,003480.txt,1080x1920x3,uint8,1080x1920x3,uint8,1080x1920,uint16,0,19999,0.2509476273148148,0.7490523726851852,0.0,0.0,0.08450954861111111,0.2528964082400004,11,
003485,003485.png,003485.png,003485.png,003485.txt,1080x1920x3,uint8,1080x1920x3,uint8,1080x1920,uint16,0,19999,0.10157841435185185,0.8984143518518518,7.2337962962962966e-06,0.0,0.1385127314814815,0.23485725621382395,21,
003487,003487.png,003487.png,003487.png,003487.txt,1080x1920x3,uint8,1080x1920x3,uint8,1080x1920,uint16,0,17681,0.04524980709876543,0.9547501929012345,0.0,0.0,0.0885180362654321,0.23699202636877695,7,
003489,003489.png,003489.png,003489.png,003489.txt,1080x1920x3,uint8,1080x1920x3,uint8,1080x1920,uint16,0,19999,0.11178530092592592,0.888214699074074,0.0,0.0,0.13099729938271604,0.23766589164733887,19,
003490,003490.png,003490.png,003490.png,003490.txt,1080x1920x3,uint8,1080x1920x3,uint8,1080x1920,uint16,0,19999,0.13857349537037036,0.8614265046296297,0.0,0.0,0.1474266975308642,0.22880337138970694,18,
003515,003515.png,003515.png,003515.png,003515.txt,1080x1920x3,uint8,1080x1920x3,uint8,1080x1920,uint16,0,19999,0.46238618827160494,0.5376138117283951,0.0,0.0,0.13541666666666666,0.235375185807546,10,
003517,003517.png,003517.png,003517.png,003517.txt,1080x1920x3,uint8,1080x1920x3,uint8,1080x1920,uint16,0,19999,0.3103250385802469,0.689674961419753,0.0,0.0,0.10805941358024691,0.24594136079152426,10,
003519,003519.png,003519.png,003519.png,003519.txt,1080x1920x3,uint8,1080x1920x3,uint8,1080x1920,uint16,0,19999,0.3323456790123457,0.6676543209876543,0.0,0.0,0.1286371527777778,0.23852590719858804,10,
003524,003524.png,003524.png,003524.png,003524.txt,1080x1920x3,uint8,1080x1920x3,uint8,1080x1920,uint16,0,19999,0.3953761574074074,0.6046238425925926,0.0,0.0,0.1271730324074074,0.2359927942355474,3,
003526,003526.png,003526.png,003526.png,003526.txt,1080x1920x3,uint8,1080x1920x3,uint8,1080x1920,uint16,0,19999,0.45820650077160496,0.541793499228395,0.0,0.0,0.12074604552469136,0.24526138603687286,5,
003529,003529.png,003529.png,003529.png,003529.txt,1080x1920x3,uint8,1080x1920x3,uint8,1080x1920,uint16,0,19999,0.42693769290123457,0.5730623070987654,0.0,0.0,0.13858362268518518,0.23643904427687326,7,
003532,003532.png,003532.png,003532.png,003532.txt,1080x1920x3,uint8,1080x1920x3,uint8,1080x1920,uint16,0,19999,0.37459346064814814,0.6254065393518519,0.0,0.0,0.13824556327160495,0.23400173584620157,2,
003535,003535.png,003535.png,003535.png,003535.txt,1080x1920x3,uint8,1080x1920x3,uint8,1080x1920,uint16,0,19999,0.3245799575617284,0.6754200424382716,0.0,0.0,0.1520119598765432,0.2283696581919988,3,
003537,003537.png,003537.png,003537.png,003537.txt,1080x1920x3,uint8,1080x1920x3,uint8,1080x1920,uint16,0,19999,0.4229494598765432,0.5770505401234568,0.0,0.0,0.13541666666666666,0.23148726920286813,1,
003541,003541.png,003541.png,003541.png,003541.txt,1080x1920x3,uint8,1080x1920x3,uint8,1080x1920,uint16,0,19999,0.25971402391975307,0.7402859760802469,0.0,0.0,0.1145384837962963,0.24802887439727783,4,
003543,003543.png,003543.png,003543.png,003543.txt,1080x1920x3,uint8,1080x1920x3,uint8,1080x1920,uint16,0,19005,0.14264467592592592,0.8569391396604938,0.0004161844135802469,0.0,0.12196421682098765,0.26495980719725293,2,
003546,003546.png,003546.png,003546.png,003546.txt,1080x1920x3,uint8,1080x1920x3,uint8,1080x1920,uint16,0,19999,0.16516155478395061,0.8348384452160493,0.0,0.0,0.18828944830246913,0.2565586467583974,5,
003557,003557.png,003557.png,003557.png,003557.txt,1080x1920x3,uint8,1080x1920x3,uint8,1080x1920,uint16,0,19999,0.1968918788580247,0.8031081211419753,0.0,0.0,0.1576586612654321,0.2348958303531011,6,
003566,003566.png,003566.png,003566.png,003566.txt,1080x1920x3,uint8,1080x1920x3,uint8,1080x1920,uint16,0,19999,0.24558545524691358,0.7544145447530864,0.0,0.0,0.23744743441358024,0.2160564512014389,8,
003570,003570.png,003570.png,003570.png,003570.txt,1080x1920x3,uint8,1080x1920x3,uint8,1080x1920,uint16,0,19999,0.2050270061728395,0.7949729938271605,0.0,0.0,0.09481963734567901,0.25681038200855255,9,
003574,003574.png,003574.png,003574.png,003574.txt,1080x1920x3,uint8,1080x1920x3,uint8,1080x1920,uint16,0,19999,0.26088493441358024,0.7391083140432099,6.751543209876544e-06,0.0,0.10196807484567902,0.25434060394763947,6,
003588,003588.png,003588.png,003588.png,003588.txt,1080x1920x3,uint8,1080x1920x3,uint8,1080x1920,uint16,0,19999,0.4397511574074074,0.5602488425925926,0.0,0.0,0.10854552469135803,0.228688915570577,14,
003592,003592.png,003592.png,003592.png,003592.txt,1080x1920x3,uint8,1080x1920x3,uint8,1080x1920,uint16,0,19999,0.26739149305555554,0.7326085069444445,0.0,0.0,0.14315248842592593,0.2202842061718305,5,
003594,003594.png,003594.png,003594.png,003594.txt,1080x1920x3,uint8,1080x1920x3,uint8,1080x1920,uint16,0,19999,0.3354962384259259,0.6645037615740741,0.0,0.0,0.11531298225308642,0.2945212821165721,7,
003595,003595.png,003595.png,003595.png,003595.txt,1080x1920x3,uint8,1080x1920x3,uint8,1080x1920,uint16,0,19999,0.3057653356481482,0.6942346643518519,0.0,0.0,0.12836516203703704,0.21984374523162842,7,
003597,003597.png,003597.png,003597.png,003597.txt,1080x1920x3,uint8,1080x1920x3,uint8,1080x1920,uint16,0,19999,0.3200925925925926,0.6799074074074074,0.0,0.0,0.10186487268518518,0.23833912114302316,4,
003603,003603.png,003603.png,003603.png,003603.txt,1080x1920x3,uint8,1080x1920x3,uint8,1080x1920,uint16,0,9207,0.02003809799382716,0.9799619020061728,0.0,0.0,0.12864583333333332,0.22937885920206705,5,
003606,003606.png,003606.png,003606.png,003606.txt,1080x1920x3,uint8,1080x1920x3,uint8,1080x1920,uint16,0,7183,0.023394097222222222,0.9766059027777778,0.0,0.0,0.11179108796296296,0.23753472169240317,4,
003608,003608.png,003608.png,003608.png,003608.txt,1080x1920x3,uint8,1080x1920x3,uint8,1080x1920,uint16,0,7874,0.022418016975308642,0.9775819830246913,0.0,0.0,0.09175925925925926,0.2261464794476827,5,
003609,003609.png,003609.png,003609.png,003609.txt,1080x1920x3,uint8,1080x1920x3,uint8,1080x1920,uint16,0,7932,0.021997492283950617,0.9780025077160494,0.0,0.0,0.12529176311728396,0.20716660966475806,6,
003613,003613.png,003613.png,003613.png,003613.txt,1080x1920x3,uint8,1080x1920x3,uint8,1080x1920,uint16,0,18353,0.017903645833333332,0.9820963541666666,0.0,0.0,0.10511670524691358,0.24598026275634766,11,
003620,003620.png,003620.png,003620.png,003620.txt,1080x1920x3,uint8,1080x1920x3,uint8,1080x1920,uint16,0,19999,0.40122636959876545,0.5987736304012345,0.0,0.0,0.09519868827160494,0.24634483953317007,12,
003626,003626.png,003626.png,003626.png,003626.txt,1080x1920x3,uint8,1080x1920x3,uint8,1080x1920,uint16,0,19999,0.1479441550925926,0.8520558449074074,0.0,0.0,0.11501639660493827,0.23602334161599478,2,
003637,003637.png,003637.png,003637.png,003637.txt,1080x1920x3,uint8,1080x1920x3,uint8,1080x1920,uint16,0,19999,0.17926649305555556,0.8192597415123457,0.0014737654320987653,0.0,0.12864583333333332,0.23767071962356567,4,
003639,003639.png,003639.png,003639.png,003639.txt,1080x1920x3,uint8,1080x1920x3,uint8,1080x1920,uint16,0,19986,0.16520399305555555,0.834765625,3.0381944444444444e-05,0.0,0.12861111111111112,0.23220743238925934,5,
003642,003642.png,003642.png,003642.png,003642.txt,1080x1920x3,uint8,1080x1920x3,uint8,1080x1920,uint16,0,19999,0.27787471064814817,0.7221252893518518,0.0,0.0,0.06890625,0.25435346364974976,18,
003645,003645.png,003645.png,003645.png,003645.txt,1080x1920x3,uint8,1080x1920x3,uint8,1080x1920,uint16,0,19999,0.18052613811728396,0.8194738618827161,0.0,0.0,0.13536458333333334,0.22992412249247232,19,
003647,003647.png,003647.png,003647.png,003647.txt,1080x1920x3,uint8,1080x1920x3,uint8,1080x1920,uint16,0,19999,0.09320167824074074,0.9067983217592592,0.0,0.0,0.1420558449074074,0.2290454556544622,13,
003648,003648.png,003648.png,003648.png,003648.txt,1080x1920x3,uint8,1080x1920x3,uint8,1080x1920,uint16,0,19999,0.16506221064814816,0.8349377893518518,0.0,0.0,0.12162712191358024,0.23661554356416067,14,
003653,003653.png,003653.png,003653.png,003653.txt,1080x1920x3,uint8,1080x1920x3,uint8,1080x1920,uint16,0,19999,0.4422048611111111,0.5577951388888889,0.0,0.0,0.09525559413580247,0.24783693253993988,19,
003656,003656.png,003656.png,003656.png,003656.txt,1080x1920x3,uint8,1080x1920x3,uint8,1080x1920,uint16,0,19999,0.2772043788580247,0.7227956211419753,0.0,0.0,0.12531057098765433,0.236791729927063,20,
003659,003659.png,003659.png,003659.png,003659.txt,1080x1920x3,uint8,1080x1920x3,uint8,1080x1920,uint16,0,19999,0.30818479938271603,0.691815200617284,0.0,0.0,0.1285812114197531,0.229486882686615,15,
003661,003661.png,003661.png,003661.png,003661.txt,1080x1920x3,uint8,1080x1920x3,uint8,1080x1920,uint16,0,19999,0.1367288773148148,0.8632711226851851,0.0,0.0,0.1446870177469136,0.2370296468337377,3,
003663,003663.png,003663.png,003663.png,003663.txt,1080x1920x3,uint8,1080x1920x3,uint8,1080x1920,uint16,0,19999,0.11334828317901234,0.8866517168209876,0.0,0.0,0.13203028549382717,0.22244149446487427,2,
003667,003667.png,003667.png,003667.png,003667.txt,1080x1920x3,uint8,1080x1920x3,uint8,1080x1920,uint16,0,19999,0.05945842978395062,0.940535300925926,6.26929012345679e-06,0.0,0.10536699459876543,0.2333503713210424,3,
003675,003675.png,003675.png,003675.png,003675.txt,1080x1920x3,uint8,1080x1920x3,uint8,1080x1920,uint16,0,19999,0.27004292052469137,0.7299570794753086,0.0,0.0,0.1412152777777778,0.22655189037322998,11,
003678,003678.png,003678.png,003678.png,003678.txt,1080x1920x3,uint8,1080x1920x3,uint8,1080x1920,uint16,0,19999,0.22477141203703704,0.775228587962963,0.0,0.0,0.1681809413580247,0.2237011343240738,4,
003679,003679.png,003679.png,003679.png,003679.txt,1080x1920x3,uint8,1080x1920x3,uint8,1080x1920,uint16,0,19999,0.23010609567901236,0.7698939043209877,0.0,0.0,0.06939814814814815,0.24934639036655426,9,bbox_cross_image_boundary_line_9
003692,003692.png,003692.png,003692.png,003692.txt,1080x1920x3,uint8,1080x1920x3,uint8,1080x1920,uint16,0,19999,0.03601417824074074,0.9639858217592593,0.0,0.0,0.055130690586419756,0.26549961666266125,2,
003696,003696.png,003696.png,003696.png,003696.txt,1080x1920x3,uint8,1080x1920x3,uint8,1080x1920,uint16,0,14274,0.01578510802469136,0.9842148919753086,0.0,0.0,0.1186207561728395,0.2493145614862442,1,
003703,003703.png,003703.png,003703.png,003703.txt,1080x1920x3,uint8,1080x1920x3,uint8,1080x1920,uint16,0,13630,0.015804398148148147,0.9841956018518518,0.0,0.0,0.1268484760802469,0.24716371297836304,2,
003706,003706.png,003706.png,003706.png,003706.txt,1080x1920x3,uint8,1080x1920x3,uint8,1080x1920,uint16,0,11455,0.05373746141975309,0.9462625385802469,0.0,0.0,0.08412326388888888,0.23009838163852692,1,
003709,003709.png,003709.png,003709.png,003709.txt,1080x1920x3,uint8,1080x1920x3,uint8,1080x1920,uint16,0,10486,0.13447000385802468,0.8654306520061729,9.934413580246914e-05,0.0,0.12386815200617284,0.2410558064778646,3,
003714,003714.png,003714.png,003714.png,003714.txt,1080x1920x3,uint8,1080x1920x3,uint8,1080x1920,uint16,0,19999,0.020252218364197532,0.9797477816358025,0.0,0.0,0.3696064814814815,0.17733892301718393,4,
003722,003722.png,003722.png,003722.png,003722.txt,1080x1920x3,uint8,1080x1920x3,uint8,1080x1920,uint16,0,19999,0.133891300154321,0.8661086998456791,0.0,0.0,0.11319974922839506,0.24496045211950937,1,
003723,003723.png,003723.png,003723.png,003723.txt,1080x1920x3,uint8,1080x1920x3,uint8,1080x1920,uint16,0,19999,0.12313030478395062,0.8768696952160494,0.0,0.0,0.09763888888888889,0.2514023929834366,1,
003725,003725.png,003725.png,003725.png,003725.txt,1080x1920x3,uint8,1080x1920x3,uint8,1080x1920,uint16,0,19999,0.0386670524691358,0.9613329475308642,0.0,0.0,0.11521412037037038,0.24471289416154227,1,
003730,003730.png,003730.png,003730.png,003730.txt,1080x1920x3,uint8,1080x1920x3,uint8,1080x1920,uint16,0,14842,0.033227237654320986,0.966772762345679,0.0,0.0,0.13522183641975308,0.24636767307917276,1,
003731,003731.png,003731.png,003731.png,003731.txt,1080x1920x3,uint8,1080x1920x3,uint8,1080x1920,uint16,0,19999,0.6811795910493827,0.3188204089506173,0.0,0.0,0.1751784336419753,0.2225360075632731,8,
003733,003733.png,003733.png,003733.png,003733.txt,1080x1920x3,uint8,1080x1920x3,uint8,1080x1920,uint16,0,19999,0.5609085648148148,0.4390914351851852,0.0,0.0,0.12189863040123457,0.2379131317138672,13,
003739,003739.png,003739.png,003739.png,003739.txt,1080x1920x3,uint8,1080x1920x3,uint8,1080x1920,uint16,0,19999,0.3505010609567901,0.6494989390432099,0.0,0.0,0.12502652391975308,0.24161489804585776,9,
003741,003741.png,003741.png,003741.png,003741.txt,1080x1920x3,uint8,1080x1920x3,uint8,1080x1920,uint16,0,19999,0.25582175925925926,0.7441782407407408,0.0,0.0,0.16506896219135803,0.21481996277968088,2,
003744,003744.png,003744.png,003744.png,003744.txt,1080x1920x3,uint8,1080x1920x3,uint8,1080x1920,uint16,0,19977,0.2123953510802469,0.7876046489197531,0.0,0.0,0.18093653549382716,0.22332594295342764,2,
003747,003747.png,003747.png,003747.png,003747.txt,1080x1920x3,uint8,1080x1920x3,uint8,1080x1920,uint16,0,19999,0.11310812114197531,0.8868918788580247,0.0,0.0,0.12860677083333333,0.23158243795235953,3,
003749,003749.png,003749.png,003749.png,003749.txt,1080x1920x3,uint8,1080x1920x3,uint8,1080x1920,uint16,0,19998,0.1121214313271605,0.8878785686728395,0.0,0.0,0.14494936342592593,0.2247337947289149,2,
003752,003752.png,003752.png,003752.png,003752.txt,1080x1920x3,uint8,1080x1920x3,uint8,1080x1920,uint16,0,19999,0.479453125,0.520546875,0.0,0.0,0.11489776234567901,0.22615869343280792,7,
003757,003757.png,003757.png,003757.png,003757.txt,1080x1920x3,uint8,1080x1920x3,uint8,1080x1920,uint16,0,19999,0.483852237654321,0.516147762345679,0.0,0.0,0.15188705632716049,0.21597929298877716,20,
003762,003762.png,003762.png,003762.png,003762.txt,1080x1920x3,uint8,1080x1920x3,uint8,1080x1920,uint16,0,19999,0.2857884837962963,0.7142115162037037,0.0,0.0,0.12181037808641976,0.2374598185221354,1,
003764,003764.png,003764.png,003764.png,003764.txt,1080x1920x3,uint8,1080x1920x3,uint8,1080x1920,uint16,0,19999,0.3961535493827161,0.5251176697530864,0.07872878086419753,0.0,0.2965263310185185,0.195283571879069,2,
003766,003766.png,003766.png,003766.png,003766.txt,1080x1920x3,uint8,1080x1920x3,uint8,1080x1920,uint16,0,19999,0.416147762345679,0.545991512345679,0.03786072530864198,0.0,0.05503761574074074,0.3079832196235657,3,
003767,003767.png,003767.png,003767.png,003767.txt,1080x1920x3,uint8,1080x1920x3,uint8,1080x1920,uint16,0,19999,0.46260127314814814,0.526021412037037,0.011377314814814814,0.0,0.22650077160493828,0.20374710857868195,3,
003769,003769.png,003769.png,003769.png,003769.txt,1080x1920x3,uint8,1080x1920x3,uint8,1080x1920,uint16,0,19999,0.25787085262345677,0.741737075617284,0.00039207175925925927,0.0,0.1286371527777778,0.23016557594140372,3,
003770,003770.png,003770.png,003770.png,003770.txt,1080x1920x3,uint8,1080x1920x3,uint8,1080x1920,uint16,0,19999,0.27067370756172837,0.7252874228395062,0.004038869598765432,0.0,0.01656057098765432,0.3284114599227905,3,
003782,003782.png,003782.png,003782.png,003782.txt,1080x1920x3,uint8,1080x1920x3,uint8,1080x1920,uint16,0,19999,0.08305314429012346,0.9169468557098766,0.0,0.0,0.11474151234567902,0.2341589480638504,4,
003783,003783.png,003783.png,003783.png,003783.txt,1080x1920x3,uint8,1080x1920x3,uint8,1080x1920,uint16,0,19999,0.07185040509259259,0.9281495949074074,0.0,0.0,0.1043581211419753,0.2437400370836258,5,
003788,003788.png,003788.png,003788.png,003788.txt,1080x1920x3,uint8,1080x1920x3,uint8,1080x1920,uint16,0,19999,0.07842833719135803,0.921571662808642,0.0,0.0,0.17043402777777777,0.22101337214310965,5,
003790,003790.png,003790.png,003790.png,003790.txt,1080x1920x3,uint8,1080x1920x3,uint8,1080x1920,uint16,0,19999,0.09653163580246914,0.9034683641975308,0.0,0.0,0.07216531635802469,0.2498874713977178,5,
003794,003794.png,003794.png,003794.png,003794.txt,1080x1920x3,uint8,1080x1920x3,uint8,1080x1920,uint16,0,19999,0.45839940200617285,0.5415914351851852,9.162808641975309e-06,0.0,0.07639322916666667,0.25417663156986237,1,
003805,003805.png,003805.png,003805.png,003805.txt,1080x1920x3,uint8,1080x1920x3,uint8,1080x1920,uint16,0,19999,0.3704099151234568,0.6295307677469136,5.931712962962963e-05,0.0,0.17493441358024692,0.2331095685561498,1,
003813,003813.png,003813.png,003813.png,003813.txt,1080x1920x3,uint8,1080x1920x3,uint8,1080x1920,uint16,0,19999,0.4676051311728395,0.532239101080247,0.00015576774691358024,0.0,0.2864626736111111,0.1930005798737208,1,
003815,003815.png,003815.png,003815.png,003815.txt,1080x1920x3,uint8,1080x1920x3,uint8,1080x1920,uint16,0,19999,0.5082142168209877,0.4917423804012346,4.340277777777778e-05,0.0,0.28291329089506173,0.19080215195814768,3,
003817,003817.png,003817.png,003817.png,003817.txt,1080x1920x3,uint8,1080x1920x3,uint8,1080x1920,uint16,0,19999,0.6069666280864198,0.3929827353395062,5.063657407407407e-05,0.0,0.17680266203703704,0.21800057590007782,3,label_invalid_xywh_line_3
003820,003820.png,003820.png,003820.png,003820.txt,1080x1920x3,uint8,1080x1920x3,uint8,1080x1920,uint16,0,19999,0.49102141203703703,0.508740837191358,0.00023775077160493826,0.0,0.2708458719135802,0.20418531199296316,3,
003824,003824.png,003824.png,003824.png,003824.txt,1080x1920x3,uint8,1080x1920x3,uint8,1080x1920,uint16,0,19999,0.6394656635802469,0.3605343364197531,0.0,0.0,0.09511911651234568,0.24989583094914755,1,
003827,003827.png,003827.png,003827.png,003827.txt,1080x1920x3,uint8,1080x1920x3,uint8,1080x1920,uint16,0,11665,0.027603684413580246,0.9723963155864197,0.0,0.0,0.15556712962962962,0.22866094609101614,1,
003830,003830.png,003830.png,003830.png,003830.txt,1080x1920x3,uint8,1080x1920x3,uint8,1080x1920,uint16,0,19999,0.12728636188271605,0.872713638117284,0.0,0.0,0.32883005401234566,0.1812847231825193,7,
003836,003836.png,003836.png,003836.png,003836.txt,1080x1920x3,uint8,1080x1920x3,uint8,1080x1920,uint16,0,19999,0.4164766589506173,0.5835233410493827,0.0,0.0,0.37862750771604936,0.16435635089874268,2,
003838,003838.png,003838.png,003838.png,003838.txt,1080x1920x3,uint8,1080x1920x3,uint8,1080x1920,uint16,0,19999,0.4917467206790124,0.5082532793209876,0.0,0.0,0.14046778549382716,0.2303382158279419,2,
003843,003843.png,003843.png,003843.png,003843.txt,1080x1920x3,uint8,1080x1920x3,uint8,1080x1920,uint16,0,19999,0.08283709490740741,0.9171629050925926,0.0,0.0,0.005172646604938272,0.26515914499759674,7,
003847,003847.png,003847.png,003847.png,003847.txt,1080x1920x3,uint8,1080x1920x3,uint8,1080x1920,uint16,0,19999,0.21590904706790123,0.7840909529320987,0.0,0.0,0.12319396219135803,0.23397151629130045,5,
003852,003852.png,003852.png,003852.png,003852.txt,1080x1920x3,uint8,1080x1920x3,uint8,1080x1920,uint16,0,19999,0.024155574845679012,0.975844425154321,0.0,0.0,0.08497974537037037,0.2981738696495692,1,
003856,003856.png,003856.png,003856.png,003856.txt,1080x1920x3,uint8,1080x1920x3,uint8,1080x1920,uint16,0,18031,0.01961226851851852,0.9803877314814815,0.0,0.0,0.23888503086419752,0.19333397845427194,1,
003857,003857.png,003857.png,003857.png,003857.txt,1080x1920x3,uint8,1080x1920x3,uint8,1080x1920,uint16,0,19998,0.024019097222222223,0.9759809027777778,0.0,0.0,0.11073591820987655,0.2240506038069725,1,
003859,003859.png,003859.png,003859.png,003859.txt,1080x1920x3,uint8,1080x1920x3,uint8,1080x1920,uint16,0,18080,0.01792824074074074,0.9820717592592593,0.0,0.0,0.10433400848765433,0.2280320922533671,1,
003860,003860.png,003860.png,003860.png,003860.txt,1080x1920x3,uint8,1080x1920x3,uint8,1080x1920,uint16,0,17047,0.018289930555555556,0.9817100694444445,0.0,0.0,0.0818383487654321,0.2324955016374588,1,
003863,003863.png,003863.png,003863.png,003863.txt,1080x1920x3,uint8,1080x1920x3,uint8,1080x1920,uint16,0,19999,0.4401875964506173,0.5598124035493827,0.0,0.0,0.0,0.26929205159346264,12,
003868,003868.png,003868.png,003868.png,003868.txt,1080x1920x3,uint8,1080x1920x3,uint8,1080x1920,uint16,0,13926,0.019362943672839507,0.9806370563271605,0.0,0.0,0.07392939814814815,0.23396508395671844,2,
003869,003869.png,003869.png,003869.png,003869.txt,1080x1920x3,uint8,1080x1920x3,uint8,1080x1920,uint16,0,14989,0.019077449845679013,0.980922550154321,0.0,0.0,0.2278245563271605,0.20161104450623193,1,
003872,003872.png,003872.png,003872.png,003872.txt,1080x1920x3,uint8,1080x1920x3,uint8,1080x1920,uint16,0,19999,0.4020129243827161,0.5979870756172839,0.0,0.0,0.1045384837962963,0.23415444791316986,10,
003873,003873.png,003873.png,003873.png,003873.txt,1080x1920x3,uint8,1080x1920x3,uint8,1080x1920,uint16,0,19999,0.2832079475308642,0.7167920524691358,0.0,0.0,0.14372685185185186,0.22451325009266535,16,
003882,003882.png,003882.png,003882.png,003882.txt,1080x1920x3,uint8,1080x1920x3,uint8,1080x1920,uint16,0,19999,0.29596547067901235,0.7040345293209876,0.0,0.0,0.1228467399691358,0.232156311472257,8,
003890,003890.png,003890.png,003890.png,003890.txt,1080x1920x3,uint8,1080x1920x3,uint8,1080x1920,uint16,0,19999,0.022240547839506172,0.9777594521604939,0.0,0.0,0.14203125,0.23886766533056894,3,
003895,003895.png,003895.png,003895.png,003895.txt,1080x1920x3,uint8,1080x1920x3,uint8,1080x1920,uint16,0,14296,0.017183641975308642,0.9828163580246914,0.0,0.0,0.12609278549382716,0.22221354395151138,3,
003896,003896.png,003896.png,003896.png,003896.txt,1080x1920x3,uint8,1080x1920x3,uint8,1080x1920,uint16,0,14745,0.017251157407407406,0.9827488425925925,0.0,0.0,0.1324286265432099,0.21664577474196753,5,
003898,003898.png,003898.png,003898.png,003898.txt,1080x1920x3,uint8,1080x1920x3,uint8,1080x1920,uint16,0,14863,0.01732301311728395,0.9826769868827161,0.0,0.0,0.05362364969135802,0.24886123339335123,5,
003900,003900.png,003900.png,003900.png,003900.txt,1080x1920x3,uint8,1080x1920x3,uint8,1080x1920,uint16,0,19998,0.015542534722222221,0.9844574652777778,0.0,0.0,0.13849488811728394,0.23595775663852692,10,
003902,003902.png,003902.png,003902.png,003902.txt,1080x1920x3,uint8,1080x1920x3,uint8,1080x1920,uint16,0,19999,0.26014612268518517,0.7398538773148148,0.0,0.0,0.11861882716049382,0.25506750742594403,9,
003904,003904.png,003904.png,003904.png,003904.txt,1080x1920x3,uint8,1080x1920x3,uint8,1080x1920,uint16,0,19999,0.13314332561728395,0.8668566743827161,0.0,0.0,0.11187837577160493,0.2504835327466329,2,
003916,003916.png,003916.png,003916.png,003916.txt,1080x1920x3,uint8,1080x1920x3,uint8,1080x1920,uint16,0,19999,0.06440345293209876,0.9355965470679012,0.0,0.0,0.12158034336419753,0.2379185954729716,3,
003919,003919.png,003919.png,003919.png,003919.txt,1080x1920x3,uint8,1080x1920x3,uint8,1080x1920,uint16,0,19999,0.07213348765432098,0.927866512345679,0.0,0.0,0.18400800540123458,0.21850983301798502,4,
003923,003923.png,003923.png,003923.png,003923.txt,1080x1920x3,uint8,1080x1920x3,uint8,1080x1920,uint16,0,19999,0.07369068287037037,0.9263093171296296,0.0,0.0,0.09864679783950617,0.23123681545257568,6,
003925,003925.png,003925.png,003925.png,003925.txt,1080x1920x3,uint8,1080x1920x3,uint8,1080x1920,uint16,0,19999,0.10681086033950617,0.8931891396604938,0.0,0.0,0.08294077932098766,0.2355832060178121,6,
003926,003926.png,003926.png,003926.png,003926.txt,1080x1920x3,uint8,1080x1920x3,uint8,1080x1920,uint16,0,19999,0.07965760030864198,0.920342399691358,0.0,0.0,0.1041063850308642,0.234658882021904,6,
003930,003930.png,003930.png,003930.png,003930.txt,1080x1920x3,uint8,1080x1920x3,uint8,1080x1920,uint16,0,19999,0.1457860725308642,0.8542139274691358,0.0,0.0,0.07473524305555555,0.24265849590301514,6,
003934,003934.png,003934.png,003934.png,003934.txt,1080x1920x3,uint8,1080x1920x3,uint8,1080x1920,uint16,0,19999,0.6990287422839506,0.3009712577160494,0.0,0.0,0.0651832561728395,0.25220775604248047,25,
003941,003941.png,003941.png,003941.png,003941.txt,1080x1920x3,uint8,1080x1920x3,uint8,1080x1920,uint16,0,19999,0.3362702546296296,0.6637297453703703,0.0,0.0,0.08938898533950618,0.2531815816958745,31,
003942,003942.png,003942.png,003942.png,003942.txt,1080x1920x3,uint8,1080x1920x3,uint8,1080x1920,uint16,0,19999,0.2834182098765432,0.7165817901234568,0.0,0.0,0.07844280478395062,0.24128729104995728,26,bbox_cross_image_boundary_line_1
003946,003946.png,003946.png,003946.png,003946.txt,1080x1920x3,uint8,1080x1920x3,uint8,1080x1920,uint16,0,19999,0.4299238040123457,0.5700761959876544,0.0,0.0,0.11850597993827161,0.2449967861175537,28,
003949,003949.png,003949.png,003949.png,003949.txt,1080x1920x3,uint8,1080x1920x3,uint8,1080x1920,uint16,0,19999,0.4876456404320988,0.5123543595679012,0.0,0.0,0.060987654320987655,0.2611201157172521,34,
003955,003955.png,003955.png,003955.png,003955.txt,1080x1920x3,uint8,1080x1920x3,uint8,1080x1920,uint16,0,19999,0.24436149691358025,0.7556385030864198,0.0,0.0,0.1813768325617284,0.22257941464583078,48,
003958,003958.png,003958.png,003958.png,003958.txt,1080x1920x3,uint8,1080x1920x3,uint8,1080x1920,uint16,0,19999,0.22571759259259258,0.7742824074074074,0.0,0.0,0.14283130787037038,0.23161072035630545,46,
003963,003963.png,003963.png,003963.png,003963.txt,1080x1920x3,uint8,1080x1920x3,uint8,1080x1920,uint16,0,19999,0.5532518325617284,0.4467481674382716,0.0,0.0,0.10189043209876543,0.23693769673506418,44,bbox_cross_image_boundary_line_40
003965,003965.png,003965.png,003965.png,003965.txt,1080x1920x3,uint8,1080x1920x3,uint8,1080x1920,uint16,0,19999,0.5093041087962963,0.4906958912037037,0.0,0.0,0.16305459104938272,0.2218637466430664,50,
003973,003973.png,003973.png,003973.png,003973.txt,1080x1920x3,uint8,1080x1920x3,uint8,1080x1920,uint16,0,19999,0.5744945987654321,0.4255054012345679,0.0,0.0,0.06575810185185185,0.25293788810571033,49,
003974,003974.png,003974.png,003974.png,003974.txt,1080x1920x3,uint8,1080x1920x3,uint8,1080x1920,uint16,0,19999,0.46010898919753085,0.5398910108024692,0.0,0.0,0.004441550925925926,0.2627674887577693,45,
003976,003976.png,003976.png,003976.png,003976.txt,1080x1920x3,uint8,1080x1920x3,uint8,1080x1920,uint16,0,19999,0.4061521026234568,0.5938478973765432,0.0,0.0,0.07240644290123457,0.2476453185081482,54,
003979,003979.png,003979.png,003979.png,003979.txt,1080x1920x3,uint8,1080x1920x3,uint8,1080x1920,uint16,0,19999,0.3872362075617284,0.6127637924382716,0.0,0.0,0.10169270833333334,0.2409886121749878,45,
003980,003980.png,003980.png,003980.png,003980.txt,1080x1920x3,uint8,1080x1920x3,uint8,1080x1920,uint16,0,19999,0.3445240162037037,0.6554759837962963,0.0,0.0,0.05026813271604938,0.25465374688307446,53,
003982,003982.png,003982.png,003982.png,003982.txt,1080x1920x3,uint8,1080x1920x3,uint8,1080x1920,uint16,0,19999,0.5490403163580246,0.4509596836419753,0.0,0.0,0.07388599537037037,0.2328980192542076,66,
003985,003985.png,003985.png,003985.png,003985.txt,1080x1920x3,uint8,1080x1920x3,uint8,1080x1920,uint16,0,19999,0.4419685570987654,0.5580314429012345,0.0,0.0,0.020146122685185185,0.2548495332400004,56,
003987,003987.png,003987.png,003987.png,003987.txt,1080x1920x3,uint8,1080x1920x3,uint8,1080x1920,uint16,0,19999,0.3014086612654321,0.6985913387345679,0.0,0.0,0.046865354938271604,0.2585487365722656,56,
003993,003993.png,003993.png,003993.png,003993.txt,1080x1920x3,uint8,1080x1920x3,uint8,1080x1920,uint16,0,19999,0.5105685763888889,0.48943142361111114,0.0,0.0,0.1541478587962963,0.23219650983810425,23,
003996,003996.png,003996.png,003996.png,003996.txt,1080x1920x3,uint8,1080x1920x3,uint8,1080x1920,uint16,0,19999,0.3703684413580247,0.6296315586419753,0.0,0.0,0.09605131172839507,0.2397743066151937,23,
hehe_1_00000111,hehe_1_00000111.png,hehe_1_00000111.png,hehe_1_00000111.png,hehe_1_00000111.txt,1080x1920x3,uint8,1080x1920x3,uint8,1080x1920,uint16,0,19999,0.5399131944444444,0.46008680555555553,0.0,0.0,0.00016493055555555556,0.8375276525815328,15,
hehe_3_00000001,hehe_3_00000001.png,hehe_3_00000001.png,hehe_3_00000001.png,hehe_3_00000001.txt,1080x1920x3,uint8,1080x1920x3,uint8,1080x1920,uint16,0,19999,0.8134953703703703,0.18650462962962963,0.0,0.0,0.00019868827160493828,1.5178012450536091,28,
hehe_6_00000054,hehe_6_00000054.png,hehe_6_00000054.png,hehe_6_00000054.png,hehe_6_00000054.txt,1080x1920x3,uint8,1080x1920x3,uint8,1080x1920,uint16,0,19999,0.8160054976851852,0.18399450231481482,0.0,0.0,0.0,1.871191143989563,18,
hehe_8_00000135,hehe_8_00000135.png,hehe_8_00000135.png,hehe_8_00000135.png,hehe_8_00000135.txt,1080x1920x3,uint8,1080x1920x3,uint8,1080x1920,uint16,0,19999,0.5870987654320987,0.41290123456790123,0.0,0.0,0.0,1.1339573661486309,19,
hehe_10_00000044,hehe_10_00000044.png,hehe_10_00000044.png,hehe_10_00000044.png,hehe_10_00000044.txt,1080x1920x3,uint8,1080x1920x3,uint8,1080x1920,uint16,0,19999,0.3540287422839506,0.6459712577160494,0.0,0.0,6.36574074074074e-05,1.0129124919573467,14,
hehe_14_00000113,hehe_14_00000113.png,hehe_14_00000113.png,hehe_14_00000113.png,hehe_14_00000113.txt,1080x1920x3,uint8,1080x1920x3,uint8,1080x1920,uint16,0,19999,0.3535407021604938,0.6464592978395062,0.0,0.0,0.0010358796296296297,1.4499312043190002,11,
hehe_16_00000102,hehe_16_00000102.png,hehe_16_00000102.png,hehe_16_00000102.png,hehe_16_00000102.txt,1080x1920x3,uint8,1080x1920x3,uint8,1080x1920,uint16,0,19999,0.5349845679012346,0.46501543209876545,0.0,0.0,3.809799382716049e-05,1.3246891101201375,17,
hehe_19_00000013,hehe_19_00000013.png,hehe_19_00000013.png,hehe_19_00000013.png,hehe_19_00000013.txt,1080x1920x3,uint8,1080x1920x3,uint8,1080x1920,uint16,0,19999,0.5205425347222222,0.4794574652777778,0.0,0.0,1.736111111111111e-05,1.4739445447921753,27,
hehe_22_00000004,hehe_22_00000004.png,hehe_22_00000004.png,hehe_22_00000004.png,hehe_22_00000004.txt,1080x1920x3,uint8,1080x1920x3,uint8,1080x1920,uint16,0,19999,0.42520640432098766,0.5747935956790123,0.0,0.0,9.645061728395062e-07,0.8780864079793295,10,
hehe_23_00000021,hehe_23_00000021.png,hehe_23_00000021.png,hehe_23_00000021.png,hehe_23_00000021.txt,1080x1920x3,uint8,1080x1920x3,uint8,1080x1920,uint16,0,19999,0.3628641010802469,0.6371358989197531,0.0,0.0,0.0,0.9252327879269918,15,
hehe_25_00000001,hehe_25_00000001.png,hehe_25_00000001.png,hehe_25_00000001.png,hehe_25_00000001.txt,1080x1920x3,uint8,1080x1920x3,uint8,1080x1920,uint16,0,19999,0.28360291280864197,0.716397087191358,0.0,0.0,9.066358024691358e-05,1.2589892148971558,6,
hehe_31_00000001,hehe_31_00000001.png,hehe_31_00000001.png,hehe_31_00000001.png,hehe_31_00000001.txt,1080x1920x3,uint8,1080x1920x3,uint8,1080x1920,uint16,0,19999,0.3079190779320988,0.6920809220679013,0.0,0.0,6.99266975308642e-05,0.8444071412086487,13,
hehe_39_00000020,hehe_39_00000020.png,hehe_39_00000020.png,hehe_39_00000020.png,hehe_39_00000020.txt,1080x1920x3,uint8,1080x1920x3,uint8,1080x1920,uint16,0,19999,0.5220370370370371,0.477962962962963,0.0,0.0,0.012309027777777778,0.6764872471491495,13,
hehe_40_00000033,hehe_40_00000033.png,hehe_40_00000033.png,hehe_40_00000033.png,hehe_40_00000033.txt,1080x1920x3,uint8,1080x1920x3,uint8,1080x1920,uint16,0,19999,0.5887041859567901,0.41129581404320986,0.0,0.0,0.0006221064814814815,0.6441374023755392,7,
hehe_41_00000096,hehe_41_00000096.png,hehe_41_00000096.png,hehe_41_00000096.png,hehe_41_00000096.txt,1080x1920x3,uint8,1080x1920x3,uint8,1080x1920,uint16,0,19999,0.48561824845679014,0.5143817515432099,0.0,0.0,0.0015070408950617284,0.6337606112162272,6,
hehe_45_00000001,hehe_45_00000001.png,hehe_45_00000001.png,hehe_45_00000001.png,hehe_45_00000001.txt,1080x1920x3,uint8,1080x1920x3,uint8,1080x1920,uint16,0,19999,0.5005545910493827,0.4994454089506173,0.0,0.0,0.00022231867283950616,2.602381686369578,10,
hehe_48_00000001,hehe_48_00000001.png,hehe_48_00000001.png,hehe_48_00000001.png,hehe_48_00000001.txt,1080x1920x3,uint8,1080x1920x3,uint8,1080x1920,uint16,0,19999,0.2549652777777778,0.7450347222222222,0.0,0.0,0.00017650462962962962,1.7383529742558796,2,
hehe_52_00000107,hehe_52_00000107.png,hehe_52_00000107.png,hehe_52_00000107.png,hehe_52_00000107.txt,1080x1920x3,uint8,1080x1920x3,uint8,1080x1920,uint16,0,19999,0.5251610725308642,0.4748389274691358,0.0,0.0,0.004808545524691358,0.5355044404665629,3,
hehe_61_00000090,hehe_61_00000090.png,hehe_61_00000090.png,hehe_61_00000090.png,hehe_61_00000090.txt,1080x1920x3,uint8,1080x1920x3,uint8,1080x1920,uint16,0,19999,0.36216917438271606,0.637830825617284,0.0,0.0,0.00040653935185185183,1.5350305636723836,12,
hehe_63_00000153,hehe_63_00000153.png,hehe_63_00000153.png,hehe_63_00000153.png,hehe_63_00000153.txt,1080x1920x3,uint8,1080x1920x3,uint8,1080x1920,uint16,0,19999,0.28410059799382714,0.7158994020061729,0.0,0.0,0.00014467592592592592,1.2045624653498332,6,
hehe_65_00000229,hehe_65_00000229.png,hehe_65_00000229.png,hehe_65_00000229.png,hehe_65_00000229.txt,1080x1920x3,uint8,1080x1920x3,uint8,1080x1920,uint16,0,19999,0.2677985146604938,0.7322014853395061,0.0,0.0,0.0,1.2466042637825012,8,
hehe_69_00000070,hehe_69_00000070.png,hehe_69_00000070.png,hehe_69_00000070.png,hehe_69_00000070.txt,1080x1920x3,uint8,1080x1920x3,uint8,1080x1920,uint16,0,19998,0.8651041666666667,0.13489583333333333,0.0,0.0,0.0002613811728395062,1.3704610268274944,2,
hehe_81_00000050,hehe_81_00000050.png,hehe_81_00000050.png,hehe_81_00000050.png,hehe_81_00000050.txt,1080x1920x3,uint8,1080x1920x3,uint8,1080x1920,uint16,0,19999,0.3726466049382716,0.6273533950617284,0.0,0.0,2.4112654320987653e-05,1.4619100292523701,8,
hehe_86_00000253,hehe_86_00000253.png,hehe_86_00000253.png,hehe_86_00000253.png,hehe_86_00000253.txt,1080x1920x3,uint8,1080x1920x3,uint8,1080x1920,uint16,0,19999,0.28835407021604936,0.7116459297839506,0.0,0.0,0.001427469135802469,0.8130934834480286,5,
hehe_87_00000315,hehe_87_00000315.png,hehe_87_00000315.png,hehe_87_00000315.png,hehe_87_00000315.txt,1080x1920x3,uint8,1080x1920x3,uint8,1080x1920,uint16,0,19999,0.31289158950617285,0.6871084104938272,0.0,0.0,0.000779320987654321,0.8579732775688171,7,
hehe_100_000001_049_00000001,hehe_100_000001_049_00000001.png,hehe_100_000001_049_00000001.png,hehe_100_000001_049_00000001.png,hehe_100_000001_049_00000001.txt,1080x1920x3,uint8,1080x1920x3,uint8,1080x1920,uint16,0,19923,0.21268614969135802,0.787313850308642,0.0,0.0,0.0005420524691358025,2.2162123918533325,1,
hehe_101_000001_049_00000022,hehe_101_000001_049_00000022.png,hehe_101_000001_049_00000022.png,hehe_101_000001_049_00000022.png,hehe_101_000001_049_00000022.txt,1080x1920x3,uint8,1080x1920x3,uint8,1080x1920,uint16,0,19994,0.1997627314814815,0.8001287615740741,0.00010850694444444444,0.0,0.07590760030864198,2.0758079290390015,1,
hehe_102_000001_049_00000043,hehe_102_000001_049_00000043.png,hehe_102_000001_049_00000043.png,hehe_102_000001_049_00000043.png,hehe_102_000001_049_00000043.txt,1080x1920x3,uint8,1080x1920x3,uint8,1080x1920,uint16,0,19996,0.20560956790123458,0.7943904320987655,0.0,0.0,0.03800877700617284,1.9606928428014119,2,
hehe_104_000001_050_00000172,hehe_104_000001_050_00000172.png,hehe_104_000001_050_00000172.png,hehe_104_000001_050_00000172.png,hehe_104_000001_050_00000172.txt,1080x1920x3,uint8,1080x1920x3,uint8,1080x1920,uint16,0,19999,0.8029610339506172,0.1970389660493827,0.0,0.0,0.006336805555555556,0.6446080803871155,1,
hehe_105_000002_001_00000201,hehe_105_000002_001_00000201.png,hehe_105_000002_001_00000201.png,hehe_105_000002_001_00000201.png,hehe_105_000002_001_00000201.txt,1080x1920x3,uint8,1080x1920x3,uint8,1080x1920,uint16,0,19739,0.2758318865740741,0.7241681134259259,0.0,0.0,0.03315007716049383,0.944459875424703,2,
hehe_107_000002_001_00000101,hehe_107_000002_001_00000101.png,hehe_107_000002_001_00000101.png,hehe_107_000002_001_00000101.png,hehe_107_000002_001_00000101.txt,1080x1920x3,uint8,1080x1920x3,uint8,1080x1920,uint16,0,19848,0.2947106481481481,0.7052893518518518,0.0,0.0,0.030224247685185186,0.9256378412246704,2,
hehe_111_000002_003_00000001,hehe_111_000002_003_00000001.png,hehe_111_000002_003_00000001.png,hehe_111_000002_003_00000001.png,hehe_111_000002_003_00000001.txt,1080x1920x3,uint8,1080x1920x3,uint8,1080x1920,uint16,0,12963,0.34779176311728394,0.6519058641975308,0.0003023726851851852,0.0,0.16833863811728395,1.545918862024943,11,
hehe_112_000002_003_00000082,hehe_112_000002_003_00000082.png,hehe_112_000002_003_00000082.png,hehe_112_000002_003_00000082.png,hehe_112_000002_003_00000082.txt,1080x1920x3,uint8,1080x1920x3,uint8,1080x1920,uint16,0,19999,0.2848070987654321,0.7151929012345679,0.0,0.0,0.012000385802469135,1.9447189966837566,12,
hehe_113_000002_003_00000163,hehe_113_000002_003_00000163.png,hehe_113_000002_003_00000163.png,hehe_113_000002_003_00000163.png,hehe_113_000002_003_00000163.txt,1080x1920x3,uint8,1080x1920x3,uint8,1080x1920,uint16,0,15095,0.28471064814814817,0.7152893518518518,0.0,0.0,0.01658371913580247,1.8561097780863445,13,
hehe_114_000002_003_00000244,hehe_114_000002_003_00000244.png,hehe_114_000002_003_00000244.png,hehe_114_000002_003_00000244.png,hehe_114_000002_003_00000244.txt,1080x1920x3,uint8,1080x1920x3,uint8,1080x1920,uint16,0,18862,0.29009837962962964,0.7099016203703704,0.0,0.0,0.015952932098765433,1.9153510332107544,13,
hehe_115_000002_003_00000325,hehe_115_000002_003_00000325.png,hehe_115_000002_003_00000325.png,hehe_115_000002_003_00000325.png,hehe_115_000002_003_00000325.txt,1080x1920x3,uint8,1080x1920x3,uint8,1080x1920,uint16,0,19974,0.29790316358024693,0.7020172646604939,7.957175925925927e-05,0.0,0.016980613425925925,1.9037236372629802,13,
hehe_117_000002_004_00000049,hehe_117_000002_004_00000049.png,hehe_117_000002_004_00000049.png,hehe_117_000002_004_00000049.png,hehe_117_000002_004_00000049.txt,1080x1920x3,uint8,1080x1920x3,uint8,1080x1920,uint16,0,3527,0.1074488811728395,0.8925511188271605,0.0,0.0,0.00018470293209876543,2.0003015995025635,1,
hehe_118_000002_004_00000097,hehe_118_000002_004_00000097.png,hehe_118_000002_004_00000097.png,hehe_118_000002_004_00000097.png,hehe_118_000002_004_00000097.txt,1080x1920x3,uint8,1080x1920x3,uint8,1080x1920,uint16,0,19999,0.15903356481481482,0.8409587191358024,7.71604938271605e-06,0.0,4.340277777777778e-06,1.4138133724530537,1,
hehe_131_000002_007_00000001,hehe_131_000002_007_00000001.png,hehe_131_000002_007_00000001.png,hehe_131_000002_007_00000001.png,hehe_131_000002_007_00000001.txt,1080x1920x3,uint8,1080x1920x3,uint8,1080x1920,uint16,0,16216,0.05250916280864198,0.9474908371913581,0.0,0.0,4.050925925925926e-05,2.314550518989563,1,
hehe_146_000002_010_00000166,hehe_146_000002_010_00000166.png,hehe_146_000002_010_00000166.png,hehe_146_000002_010_00000166.png,hehe_146_000002_010_00000166.txt,1080x1920x3,uint8,1080x1920x3,uint8,1080x1920,uint16,0,19962,0.23382619598765433,0.7661738040123457,0.0,0.0,0.021533564814814814,1.124589780966441,2,
hehe_173_000002_024_00000105,hehe_173_000002_024_00000105.png,hehe_173_000002_024_00000105.png,hehe_173_000002_024_00000105.png,hehe_173_000002_024_00000105.txt,1080x1920x3,uint8,1080x1920x3,uint8,1080x1920,uint16,0,19999,0.6570732060185185,0.34292679398148146,0.0,0.0,0.00014274691358024693,1.2257854143778484,19,
hehe_176_000002_025_00000001,hehe_176_000002_025_00000001.png,hehe_176_000002_025_00000001.png,hehe_176_000002_025_00000001.png,hehe_176_000002_025_00000001.txt,1080x1920x3,uint8,1080x1920x3,uint8,1080x1920,uint16,0,19999,0.59625,0.40375,0.0,0.0,0.002145061728395062,0.6264641185601553,8,
hehe_178_000002_025_00000079,hehe_178_000002_025_00000079.png,hehe_178_000002_025_00000079.png,hehe_178_000002_025_00000079.png,hehe_178_000002_025_00000079.txt,1080x1920x3,uint8,1080x1920x3,uint8,1080x1920,uint16,0,19999,0.3987702546296296,0.6012297453703703,0.0,0.0,0.012154706790123457,0.3935580650965373,11,
hehe_180_000002_025_00000157,hehe_180_000002_025_00000157.png,hehe_180_000002_025_00000157.png,hehe_180_000002_025_00000157.png,hehe_180_000002_025_00000157.txt,1080x1920x3,uint8,1080x1920x3,uint8,1080x1920,uint16,0,19999,0.4269926697530864,0.5730073302469135,0.0,0.0,0.003181423611111111,0.5003980100154877,8,
hehe_184_000002_027_00000109,hehe_184_000002_027_00000109.png,hehe_184_000002_027_00000109.png,hehe_184_000002_027_00000109.png,hehe_184_000002_027_00000109.txt,1080x1920x3,uint8,1080x1920x3,uint8,1080x1920,uint16,0,19999,0.21596257716049383,0.7840374228395062,0.0,0.0,1.9290123456790124e-06,1.0746621092160542,6,
hehe_186_000002_028_00000050,hehe_186_000002_028_00000050.png,hehe_186_000002_028_00000050.png,hehe_186_000002_028_00000050.png,hehe_186_000002_028_00000050.txt,1080x1920x3,uint8,1080x1920x3,uint8,1080x1920,uint16,0,19996,0.12642168209876542,0.8735783179012345,0.0,0.0,0.0012075617283950617,1.4460159540176392,2,
hehe_190_000002_029_00000072,hehe_190_000002_029_00000072.png,hehe_190_000002_029_00000072.png,hehe_190_000002_029_00000072.png,hehe_190_000002_029_00000072.txt,1080x1920x3,uint8,1080x1920x3,uint8,1080x1920,uint16,0,19999,0.252509162808642,0.747490837191358,0.0,0.0,0.0,1.6172078053156536,5,
hehe_191_000002_029_00000143,hehe_191_000002_029_00000143.png,hehe_191_000002_029_00000143.png,hehe_191_000002_029_00000143.png,hehe_191_000002_029_00000143.txt,1080x1920x3,uint8,1080x1920x3,uint8,1080x1920,uint16,0,19999,0.29531925154320987,0.7046807484567901,0.0,0.0,9.934413580246914e-05,1.3405940930048625,5,
hehe_193_000002_029_00000285,hehe_193_000002_029_00000285.png,hehe_193_000002_029_00000285.png,hehe_193_000002_029_00000285.png,hehe_193_000002_029_00000285.txt,1080x1920x3,uint8,1080x1920x3,uint8,1080x1920,uint16,0,19999,0.3086723572530864,0.6913276427469136,0.0,0.0,0.0004046103395061728,1.442416747411092,15,
hehe_195_000002_030_00000057,hehe_195_000002_030_00000057.png,hehe_195_000002_030_00000057.png,hehe_195_000002_030_00000057.png,hehe_195_000002_030_00000057.txt,1080x1920x3,uint8,1080x1920x3,uint8,1080x1920,uint16,0,19999,0.4407503858024691,0.5592496141975308,0.0,0.0,0.0003612075617283951,1.3892975250879924,11,
hehe_196_000002_030_00000113,hehe_196_000002_030_00000113.png,hehe_196_000002_030_00000113.png,hehe_196_000002_030_00000113.png,hehe_196_000002_030_00000113.txt,1080x1920x3,uint8,1080x1920x3,uint8,1080x1920,uint16,0,19999,0.3157585841049383,0.6842414158950617,0.0,0.0,0.0002922453703703704,1.0232439637184143,4,
hehe_209_000002_033_00000133,hehe_209_000002_033_00000133.png,hehe_209_000002_033_00000133.png,hehe_209_000002_033_00000133.png,hehe_209_000002_033_00000133.txt,1080x1920x3,uint8,1080x1920x3,uint8,1080x1920,uint16,0,19999,0.29106819058641975,0.7089318094135802,0.0,0.0,0.002077546296296296,1.2239458163579304,6,
hehe_219_000002_039_00000185,hehe_219_000002_039_00000185.png,hehe_219_000002_039_00000185.png,hehe_219_000002_039_00000185.png,hehe_219_000002_039_00000185.txt,1080x1920x3,uint8,1080x1920x3,uint8,1080x1920,uint16,0,19999,0.2729417438271605,0.7270582561728395,0.0,0.0,0.0004759837962962963,1.5631497502326965,5,
hehe_221_000002_041_00000050,hehe_221_000002_041_00000050.png,hehe_221_000002_041_00000050.png,hehe_221_000002_041_00000050.png,hehe_221_000002_041_00000050.txt,1080x1920x3,uint8,1080x1920x3,uint8,1080x1920,uint16,0,19999,0.25950086805555556,0.7404991319444445,0.0,0.0,0.009730902777777778,1.608291208744049,21,
hehe_222_000002_041_00000099,hehe_222_000002_041_00000099.png,hehe_222_000002_041_00000099.png,hehe_222_000002_041_00000099.png,hehe_222_000002_041_00000099.txt,1080x1920x3,uint8,1080x1920x3,uint8,1080x1920,uint16,0,19999,0.20915702160493826,0.7908429783950617,0.0,0.0,0.019755015432098764,2.2906070152918496,12,
hehe_223_000002_041_00000148,hehe_223_000002_041_00000148.png,hehe_223_000002_041_00000148.png,hehe_223_000002_041_00000148.png,hehe_223_000002_041_00000148.txt,1080x1920x3,uint8,1080x1920x3,uint8,1080x1920,uint16,0,19999,0.23895351080246913,0.7610464891975308,0.0,0.0,0.007525077160493827,2.368644873301188,19,
hehe_224_000002_041_00000197,hehe_224_000002_041_00000197.png,hehe_224_000002_041_00000197.png,hehe_224_000002_041_00000197.png,hehe_224_000002_041_00000197.txt,1080x1920x3,uint8,1080x1920x3,uint8,1080x1920,uint16,0,19999,0.4349975887345679,0.565002411265432,0.0,0.0,0.004286265432098766,3.4030407269795737,9,
hehe_229_000002_043_00000001,hehe_229_000002_043_00000001.png,hehe_229_000002_043_00000001.png,hehe_229_000002_043_00000001.png,hehe_229_000002_043_00000001.txt,1080x1920x3,uint8,1080x1920x3,uint8,1080x1920,uint16,0,19999,0.592259837962963,0.40774016203703706,0.0,0.0,0.00034915123456790125,3.730741341908773,15,
hehe_230_000002_043_00000061,hehe_230_000002_043_00000061.png,hehe_230_000002_043_00000061.png,hehe_230_000002_043_00000061.png,hehe_230_000002_043_00000061.txt,1080x1920x3,uint8,1080x1920x3,uint8,1080x1920,uint16,0,19999,0.6347868441358024,0.36521315586419756,0.0,0.0,0.00042293595679012346,2.0520466963450112,15,
hehe_232_000002_043_00000181,hehe_232_000002_043_00000181.png,hehe_232_000002_043_00000181.png,hehe_232_000002_043_00000181.png,hehe_232_000002_043_00000181.txt,1080x1920x3,uint8,1080x1920x3,uint8,1080x1920,uint16,0,19999,0.333013599537037,0.666986400462963,0.0,0.0,0.0008810763888888889,3.15437380472819,9,
hehe_234_000002_044_00000055,hehe_234_000002_044_00000055.png,hehe_234_000002_044_00000055.png,hehe_234_000002_044_00000055.png,hehe_234_000002_044_00000055.txt,1080x1920x3,uint8,1080x1920x3,uint8,1080x1920,uint16,0,19999,0.49448398919753084,0.5055160108024691,0.0,0.0,0.0021219135802469135,5.094688097635905,8,
hehe_235_000002_044_00000109,hehe_235_000002_044_00000109.png,hehe_235_000002_044_00000109.png,hehe_235_000002_044_00000109.png,hehe_235_000002_044_00000109.txt,1080x1920x3,uint8,1080x1920x3,uint8,1080x1920,uint16,0,19999,0.14614438657407408,0.853855613425926,0.0,0.0,0.000193383487654321,4.576062202453613,3,
hehe_237_000002_044_00000217,hehe_237_000002_044_00000217.png,hehe_237_000002_044_00000217.png,hehe_237_000002_044_00000217.png,hehe_237_000002_044_00000217.txt,1080x1920x3,uint8,1080x1920x3,uint8,1080x1920,uint16,0,19999,0.34867091049382715,0.6513290895061729,0.0,0.0,0.0003607253086419753,5.133595625559489,9,
hehe_238_000002_045_00000001,hehe_238_000002_045_00000001.png,hehe_238_000002_045_00000001.png,hehe_238_000002_045_00000001.png,hehe_238_000002_045_00000001.txt,1080x1920x3,uint8,1080x1920x3,uint8,1080x1920,uint16,0,19999,0.4165162037037037,0.5834837962962963,0.0,0.0,0.007234760802469136,0.8978041609128317,9,
hehe_239_000002_045_00000050,hehe_239_000002_045_00000050.png,hehe_239_000002_045_00000050.png,hehe_239_000002_045_00000050.png,hehe_239_000002_045_00000050.txt,1080x1920x3,uint8,1080x1920x3,uint8,1080x1920,uint16,0,19999,0.2801904899691358,0.7198095100308642,0.0,0.0,0.003324652777777778,1.4341811140378316,4,
hehe_240_000002_045_00000099,hehe_240_000002_045_00000099.png,hehe_240_000002_045_00000099.png,hehe_240_000002_045_00000099.png,hehe_240_000002_045_00000099.txt,1080x1920x3,uint8,1080x1920x3,uint8,1080x1920,uint16,0,19999,0.1468677662037037,0.8531322337962963,0.0,0.0,0.00043836805555555556,2.1507924795150757,4,
hehe_241_000002_045_00000148,hehe_241_000002_045_00000148.png,hehe_241_000002_045_00000148.png,hehe_241_000002_045_00000148.png,hehe_241_000002_045_00000148.txt,1080x1920x3,uint8,1080x1920x3,uint8,1080x1920,uint16,0,19999,0.2000733024691358,0.7999266975308642,0.0,0.0,0.0008757716049382716,1.3954272667566936,5,
hehe_244_000002_047_00000062,hehe_244_000002_047_00000062.png,hehe_244_000002_047_00000062.png,hehe_244_000002_047_00000062.png,hehe_244_000002_047_00000062.txt,1080x1920x3,uint8,1080x1920x3,uint8,1080x1920,uint16,0,19999,0.5236844135802469,0.4763155864197531,0.0,0.0,8.728780864197531e-05,1.8565396865208943,11,
hehe_247_000002_047_00000245,hehe_247_000002_047_00000245.png,hehe_247_000002_047_00000245.png,hehe_247_000002_047_00000245.png,hehe_247_000002_047_00000245.txt,1080x1920x3,uint8,1080x1920x3,uint8,1080x1920,uint16,0,19999,0.4726615547839506,0.5273384452160493,0.0,0.0,0.0016343557098765433,2.1699147621790567,6,
hehe_249_000002_048_00000061,hehe_249_000002_048_00000061.png,hehe_249_000002_048_00000061.png,hehe_249_000002_048_00000061.png,hehe_249_000002_048_00000061.txt,1080x1920x3,uint8,1080x1920x3,uint8,1080x1920,uint16,0,19999,0.4071127507716049,0.5928872492283951,0.0,0.0,1.2056327160493826e-05,1.517307420571645,3,
hehe_250_000002_048_00000121,hehe_250_000002_048_00000121.png,hehe_250_000002_048_00000121.png,hehe_250_000002_048_00000121.png,hehe_250_000002_048_00000121.txt,1080x1920x3,uint8,1080x1920x3,uint8,1080x1920,uint16,0,19999,0.35149498456790124,0.6485050154320988,0.0,0.0,9.645061728395062e-07,1.035632073879242,5,
hehe_254_000002_049_00000071,hehe_254_000002_049_00000071.png,hehe_254_000002_049_00000071.png,hehe_254_000002_049_00000071.png,hehe_254_000002_049_00000071.txt,1080x1920x3,uint8,1080x1920x3,uint8,1080x1920,uint16,0,19999,0.3495408950617284,0.6504591049382716,0.0,0.0,4.1956018518518515e-05,0.43359021345774335,7,
hehe_256_000002_049_00000211,hehe_256_000002_049_00000211.png,hehe_256_000002_049_00000211.png,hehe_256_000002_049_00000211.png,hehe_256_000002_049_00000211.txt,1080x1920x3,uint8,1080x1920x3,uint8,1080x1920,uint16,0,19999,0.21133487654320987,0.7886651234567901,0.0,0.0,9.645061728395062e-07,0.6226173440615336,9,
hehe_258_000002_050_00000066,hehe_258_000002_050_00000066.png,hehe_258_000002_050_00000066.png,hehe_258_000002_050_00000066.png,hehe_258_000002_050_00000066.txt,1080x1920x3,uint8,1080x1920x3,uint8,1080x1920,uint16,0,19999,0.24643470293209876,0.7535652970679012,0.0,0.0,9.645061728395061e-05,2.0190152724583945,8,
hehe_259_000002_050_00000131,hehe_259_000002_050_00000131.png,hehe_259_000002_050_00000131.png,hehe_259_000002_050_00000131.png,hehe_259_000002_050_00000131.txt,1080x1920x3,uint8,1080x1920x3,uint8,1080x1920,uint16,0,19999,0.2973070987654321,0.7026929012345678,0.0,0.0,9.548611111111112e-05,1.8187519311904907,5,
hehe_268_000002_058_00000051,hehe_268_000002_058_00000051.png,hehe_268_000002_058_00000051.png,hehe_268_000002_058_00000051.png,hehe_268_000002_058_00000051.txt,1080x1920x3,uint8,1080x1920x3,uint8,1080x1920,uint16,0,19999,0.14673900462962963,0.8532609953703704,0.0,0.0,0.006617959104938271,1.740495761235555,1,
hehe_274_000002_060_00000105,hehe_274_000002_060_00000105.png,hehe_274_000002_060_00000105.png,hehe_274_000002_060_00000105.png,hehe_274_000002_060_00000105.txt,1080x1920x3,uint8,1080x1920x3,uint8,1080x1920,uint16,0,19999,0.3245355902777778,0.6754644097222222,0.0,0.0,0.0006722608024691358,2.542537967363993,8,
hehe_278_000002_066_00000050,hehe_278_000002_066_00000050.png,hehe_278_000002_066_00000050.png,hehe_278_000002_066_00000050.png,hehe_278_000002_066_00000050.txt,1080x1920x3,uint8,1080x1920x3,uint8,1080x1920,uint16,0,19999,0.7035112847222222,0.29648871527777776,0.0,0.0,0.0,1.7214969396591187,5,
hehe_279_000002_066_00000099,hehe_279_000002_066_00000099.png,hehe_279_000002_066_00000099.png,hehe_279_000002_066_00000099.png,hehe_279_000002_066_00000099.txt,1080x1920x3,uint8,1080x1920x3,uint8,1080x1920,uint16,0,19999,0.4999117476851852,0.5000882523148148,0.0,0.0,0.0003423996913580247,1.906556765238444,6,
hehe_287_000002_070_00000130,hehe_287_000002_070_00000130.png,hehe_287_000002_070_00000130.png,hehe_287_000002_070_00000130.png,hehe_287_000002_070_00000130.txt,1080x1920x3,uint8,1080x1920x3,uint8,1080x1920,uint16,0,19619,0.24908564814814815,0.7509143518518518,0.0,0.0,0.012125771604938272,0.7807828585306803,1,
hehe_289_000002_071_00000001,hehe_289_000002_071_00000001.png,hehe_289_000002_071_00000001.png,hehe_289_000002_071_00000001.png,hehe_289_000002_071_00000001.txt,1080x1920x3,uint8,1080x1920x3,uint8,1080x1920,uint16,0,19999,0.31354118441358025,0.6864588155864197,0.0,0.0,0.0055613425925925926,1.023755431175232,15,
hehe_290_000002_071_00000051,hehe_290_000002_071_00000051.png,hehe_290_000002_071_00000051.png,hehe_290_000002_071_00000051.png,hehe_290_000002_071_00000051.txt,1080x1920x3,uint8,1080x1920x3,uint8,1080x1920,uint16,0,19999,0.3117119984567901,0.6882880015432099,0.0,0.0,0.00012876157407407408,0.6431774099667867,10,
hehe_295_000002_072_00000189,hehe_295_000002_072_00000189.png,hehe_295_000002_072_00000189.png,hehe_295_000002_072_00000189.png,hehe_295_000002_072_00000189.txt,1080x1920x3,uint8,1080x1920x3,uint8,1080x1920,uint16,0,19996,0.06479070216049383,0.9352092978395061,0.0,0.0,0.0006785300925925926,2.424072821935018,6,
hehe_296_000002_074_00000001,hehe_296_000002_074_00000001.png,hehe_296_000002_074_00000001.png,hehe_296_000002_074_00000001.png,hehe_296_000002_074_00000001.txt,1080x1920x3,uint8,1080x1920x3,uint8,1080x1920,uint16,0,19999,0.5237229938271605,0.4762268518518519,5.015432098765432e-05,0.0,0.024499421296296297,0.9722531040509542,16,
hehe_297_000002_074_00000075,hehe_297_000002_074_00000075.png,hehe_297_000002_074_00000075.png,hehe_297_000002_074_00000075.png,hehe_297_000002_074_00000075.txt,1080x1920x3,uint8,1080x1920x3,uint8,1080x1920,uint16,0,19999,0.3818287037037037,0.6181712962962963,0.0,0.0,0.0010238233024691358,1.6375868717829387,15,
hehe_298_000002_074_00000223,hehe_298_000002_074_00000223.png,hehe_298_000002_074_00000223.png,hehe_298_000002_074_00000223.png,hehe_298_000002_074_00000223.txt,1080x1920x3,uint8,1080x1920x3,uint8,1080x1920,uint16,0,19999,0.47282069830246914,0.5271793016975309,0.0,0.0,0.0011665702160493826,1.2227597832679749,4,
hehe_299_000002_074_00000297,hehe_299_000002_074_00000297.png,hehe_299_000002_074_00000297.png,hehe_299_000002_074_00000297.png,hehe_299_000002_074_00000297.txt,1080x1920x3,uint8,1080x1920x3,uint8,1080x1920,uint16,0,19999,0.35531539351851854,0.6446846064814815,0.0,0.0,1.3503086419753087e-05,1.1580353180567424,2,
hehe_300_000002_076_00000001,hehe_300_000002_076_00000001.png,hehe_300_000002_076_00000001.png,hehe_300_000002_076_00000001.png,hehe_300_000002_076_00000001.txt,1080x1920x3,uint8,1080x1920x3,uint8,1080x1920,uint16,0,19999,0.6497979359567901,0.35020206404320986,0.0,0.0,0.0005661651234567901,2.3632834752400718,14,
hehe_301_000002_076_00000042,hehe_301_000002_076_00000042.png,hehe_301_000002_076_00000042.png,hehe_301_000002_076_00000042.png,hehe_301_000002_076_00000042.txt,1080x1920x3,uint8,1080x1920x3,uint8,1080x1920,uint16,0,19995,0.7311631944444444,0.26883680555555556,0.0,0.0,6.462191358024691e-05,1.3601890206336975,5,
shuming_0_00000001,shuming_0_00000001.png,shuming_0_00000001.png,shuming_0_00000001.png,shuming_0_00000001.txt,1080x1920x3,uint8,1080x1920x3,uint8,1080x1920,uint16,0,19918,0.07083960262345679,0.9291603973765432,0.0,0.0,0.0019830246913580245,1.0695856014887493,12,
shuming_2_00000045,shuming_2_00000045.png,shuming_2_00000045.png,shuming_2_00000045.png,shuming_2_00000045.txt,1080x1920x3,uint8,1080x1920x3,uint8,1080x1920,uint16,0,17222,0.07795621141975309,0.9220437885802469,0.0,0.0,0.003960744598765432,1.064678172270457,13,
shuming_9_00000357,shuming_9_00000357.png,shuming_9_00000357.png,shuming_9_00000357.png,shuming_9_00000357.txt,1080x1920x3,uint8,1080x1920x3,uint8,1080x1920,uint16,0,19568,0.06188416280864197,0.938115837191358,0.0,0.0,0.004196084104938272,0.9702932039896647,13,
shuming_12_00000224,shuming_12_00000224.png,shuming_12_00000224.png,shuming_12_00000224.png,shuming_12_00000224.txt,1080x1920x3,uint8,1080x1920x3,uint8,1080x1920,uint16,0,19644,0.06609953703703704,0.9339004629629629,0.0,0.0,4.822530864197531e-07,0.9988348682721456,13,
shuming_13_00000355,shuming_13_00000355.png,shuming_13_00000355.png,shuming_13_00000355.png,shuming_13_00000355.txt,1080x1920x3,uint8,1080x1920x3,uint8,1080x1920,uint16,0,19994,0.05414448302469136,0.9458555169753087,0.0,0.0,0.002308545524691358,0.9843164682388306,13,
shuming_16_00000203,shuming_16_00000203.png,shuming_16_00000203.png,shuming_16_00000203.png,shuming_16_00000203.txt,1080x1920x3,uint8,1080x1920x3,uint8,1080x1920,uint16,0,19992,0.06972704475308641,0.9302729552469136,0.0,0.0,0.002312403549382716,0.953340748945872,13,
shuming_21_00000331,shuming_21_00000331.png,shuming_21_00000331.png,shuming_21_00000331.png,shuming_21_00000331.txt,1080x1920x3,uint8,1080x1920x3,uint8,1080x1920,uint16,0,9473,0.03216965663580247,0.9678303433641975,0.0,0.0,0.0,0.9238734642664591,3,
shuming_22_00000135,shuming_22_00000135.png,shuming_22_00000135.png,shuming_22_00000135.png,shuming_22_00000135.txt,1080x1920x3,uint8,1080x1920x3,uint8,1080x1920,uint16,0,5340,0.1265943287037037,0.8734056712962963,0.0,0.0,0.00020592206790123456,0.9674697717030843,1,
shuming_24_00000001,shuming_24_00000001.png,shuming_24_00000001.png,shuming_24_00000001.png,shuming_24_00000001.txt,1080x1920x3,uint8,1080x1920x3,uint8,1080x1920,uint16,0,19977,0.1280150462962963,0.8719849537037037,0.0,0.0,0.0012152777777777778,1.326074481010437,1,
shuming_25_00000095,shuming_25_00000095.png,shuming_25_00000095.png,shuming_25_00000095.png,shuming_25_00000095.txt,1080x1920x3,uint8,1080x1920x3,uint8,1080x1920,uint16,0,5345,0.04853877314814815,0.9514612268518519,0.0,0.0,0.00020688657407407407,0.9758799274762472,1,
shuming_29_00000006,shuming_29_00000006.png,shuming_29_00000006.png,shuming_29_00000006.png,shuming_29_00000006.txt,1080x1920x3,uint8,1080x1920x3,uint8,1080x1920,uint16,0,19999,0.41595871913580246,0.5840412808641975,0.0,0.0,0.0005362654320987655,1.7697138388951619,7,
shuming_35_00000199,shuming_35_00000199.png,shuming_35_00000199.png,shuming_35_00000199.png,shuming_35_00000199.txt,1080x1920x3,uint8,1080x1920x3,uint8,1080x1920,uint16,0,19999,0.31402970679012343,0.6859702932098766,0.0,0.0,4.822530864197531e-07,1.4676016171773274,12,
shuming_37_00000261,shuming_37_00000261.png,shuming_37_00000261.png,shuming_37_00000261.png,shuming_37_00000261.txt,1080x1920x3,uint8,1080x1920x3,uint8,1080x1920,uint16,0,19999,0.2335961612654321,0.7664038387345679,0.0,0.0,2.507716049382716e-05,1.6918682257334392,4,
shuming_39_00000018,shuming_39_00000018.png,shuming_39_00000018.png,shuming_39_00000018.png,shuming_39_00000018.txt,1080x1920x3,uint8,1080x1920x3,uint8,1080x1920,uint16,0,8100,0.03353346836419753,0.9664665316358024,0.0,0.0,0.0,0.9538329641024271,3,
shuming_40_00000065,shuming_40_00000065.png,shuming_40_00000065.png,shuming_40_00000065.png,shuming_40_00000065.txt,1080x1920x3,uint8,1080x1920x3,uint8,1080x1920,uint16,0,11416,0.04795572916666667,0.9520442708333333,0.0,0.0,0.0006066743827160494,1.0235246221224468,2,
shuming_45_00000001,shuming_45_00000001.png,shuming_45_00000001.png,shuming_45_00000001.png,shuming_45_00000001.txt,1080x1920x3,uint8,1080x1920x3,uint8,1080x1920,uint16,0,19999,0.46791087962962963,0.5320891203703704,0.0,0.0,0.00026475694444444447,1.2954771121342976,4,
shuming_52_00000032,shuming_52_00000032.png,shuming_52_00000032.png,shuming_52_00000032.png,shuming_52_00000032.txt,1080x1920x3,uint8,1080x1920x3,uint8,1080x1920,uint16,0,19999,0.24746141975308641,0.7525385802469136,0.0,0.0,0.005689139660493827,0.8864248991012573,10,
shuming_57_00000001,shuming_57_00000001.png,shuming_57_00000001.png,shuming_57_00000001.png,shuming_57_00000001.txt,1080x1920x3,uint8,1080x1920x3,uint8,1080x1920,uint16,0,19998,0.1516724537037037,0.8483275462962963,0.0,0.0,0.0,1.3822993834813435,5,
shuming_61_00000001,shuming_61_00000001.png,shuming_61_00000001.png,shuming_61_00000001.png,shuming_61_00000001.txt,1080x1920x3,uint8,1080x1920x3,uint8,1080x1920,uint16,0,12321,0.04362847222222222,0.9563715277777778,0.0,0.0,9.645061728395062e-07,1.070923348267873,2,
shuming_63_00000393,shuming_63_00000393.png,shuming_63_00000393.png,shuming_63_00000393.png,shuming_63_00000393.txt,1080x1920x3,uint8,1080x1920x3,uint8,1080x1920,uint16,0,16931,0.05617380401234568,0.9438261959876543,0.0,0.0,2.8935185185185184e-06,1.1153928836186726,10,
shuming_65_00000043,shuming_65_00000043.png,shuming_65_00000043.png,shuming_65_00000043.png,shuming_65_00000043.txt,1080x1920x3,uint8,1080x1920x3,uint8,1080x1920,uint16,0,9816,0.09464891975308642,0.9053510802469136,0.0,0.0,0.0030357831790123455,1.1407947540283203,12,
shuming_66_00000159,shuming_66_00000159.png,shuming_66_00000159.png,shuming_66_00000159.png,shuming_66_00000159.txt,1080x1920x3,uint8,1080x1920x3,uint8,1080x1920,uint16,0,10475,0.0959717399691358,0.9040282600308642,0.0,0.0,0.0030068479938271603,1.0963027278582256,12,
shuming_67_00000001,shuming_67_00000001.png,shuming_67_00000001.png,shuming_67_00000001.png,shuming_67_00000001.txt,1080x1920x3,uint8,1080x1920x3,uint8,1080x1920,uint16,0,19999,0.1279128086419753,0.8720871913580247,0.0,0.0,0.00011140046296296297,1.2958912054697673,3,
shuming_68_00000033,shuming_68_00000033.png,shuming_68_00000033.png,shuming_68_00000033.png,shuming_68_00000033.txt,1080x1920x3,uint8,1080x1920x3,uint8,1080x1920,uint16,0,19999,0.22202690972222222,0.7779730902777777,0.0,0.0,0.0002589699074074074,1.511094371477763,12,
shuming_72_00000270,shuming_72_00000270.png,shuming_72_00000270.png,shuming_72_00000270.png,shuming_72_00000270.txt,1080x1920x3,uint8,1080x1920x3,uint8,1080x1920,uint16,0,19999,0.11660734953703704,0.883392650462963,0.0,0.0,0.0002748842592592593,2.051535209019979,26,
shuming_74_00000173,shuming_74_00000173.png,shuming_74_00000173.png,shuming_74_00000173.png,shuming_74_00000173.txt,1080x1920x3,uint8,1080x1920x3,uint8,1080x1920,uint16,0,19999,0.3778930362654321,0.6221040702160494,2.8935185185185184e-06,0.0,0.0013715277777777777,1.485705018043518,8,
shuming_78_00000046,shuming_78_00000046.png,shuming_78_00000046.png,shuming_78_00000046.png,shuming_78_00000046.txt,1080x1920x3,uint8,1080x1920x3,uint8,1080x1920,uint16,0,19999,0.25809847608024694,0.7419015239197531,0.0,0.0,0.0034403935185185184,1.2746370236078899,15,
shuming_80_00000187,shuming_80_00000187.png,shuming_80_00000187.png,shuming_80_00000187.png,shuming_80_00000187.txt,1080x1920x3,uint8,1080x1920x3,uint8,1080x1920,uint16,0,19999,0.2810209297839506,0.7189790702160493,0.0,0.0,0.003998842592592593,1.3749167521794636,14,
shuming_85_00000273,shuming_85_00000273.png,shuming_85_00000273.png,shuming_85_00000273.png,shuming_85_00000273.txt,1080x1920x3,uint8,1080x1920x3,uint8,1080x1920,uint16,0,19994,0.07177662037037037,0.9282233796296296,0.0,0.0,0.0016198881172839507,1.6988162597020466,5,
shuming_90_00000328,shuming_90_00000328.png,shuming_90_00000328.png,shuming_90_00000328.png,shuming_90_00000328.txt,1080x1920x3,uint8,1080x1920x3,uint8,1080x1920,uint16,0,19940,0.08836516203703704,0.911634837962963,0.0,0.0,0.0,0.9448633790016174,2,
shuming_97_00000279,shuming_97_00000279.png,shuming_97_00000279.png,shuming_97_00000279.png,shuming_97_00000279.txt,1080x1920x3,uint8,1080x1920x3,uint8,1080x1920,uint16,0,19999,0.1349734760802469,0.8650265239197531,0.0,0.0,0.00034915123456790125,1.3468042214711506,1,
shuming_102_00000228,shuming_102_00000228.png,shuming_102_00000228.png,shuming_102_00000228.png,shuming_102_00000228.txt,1080x1920x3,uint8,1080x1920x3,uint8,1080x1920,uint16,0,19995,0.27389564043209874,0.7261043595679012,0.0,0.0,0.0018127893518518519,0.768892765045166,0,
shuming_114_00000351,shuming_114_00000351.png,shuming_114_00000351.png,shuming_114_00000351.png,shuming_114_00000351.txt,1080x1920x3,uint8,1080x1920x3,uint8,1080x1920,uint16,0,10830,0.06596595293209877,0.9340340470679013,0.0,0.0,0.007359664351851852,1.652782956759135,3,
shuming_115_00000140,shuming_115_00000140.png,shuming_115_00000140.png,shuming_115_00000140.png,shuming_115_00000140.txt,1080x1920x3,uint8,1080x1920x3,uint8,1080x1920,uint16,0,10506,0.06448350694444445,0.9355164930555555,0.0,0.0,0.00443335262345679,1.5137146313985188,4,
shuming_116_00000223,shuming_116_00000223.png,shuming_116_00000223.png,shuming_116_00000223.png,shuming_116_00000223.txt,1080x1920x3,uint8,1080x1920x3,uint8,1080x1920,uint16,0,13678,0.05068672839506173,0.9493132716049383,0.0,0.0,0.004479648919753086,1.4813599189122517,3,
shuming_118_00000216,shuming_118_00000216.png,shuming_118_00000216.png,shuming_118_00000216.png,shuming_118_00000216.txt,1080x1920x3,uint8,1080x1920x3,uint8,1080x1920,uint16,0,19999,0.12001591435185185,0.8799840856481481,0.0,0.0,1.3020833333333334e-05,1.462504466374715,6,
shuming_125_00000363,shuming_125_00000363.png,shuming_125_00000363.png,shuming_125_00000363.png,shuming_125_00000363.txt,1080x1920x3,uint8,1080x1920x3,uint8,1080x1920,uint16,0,19999,0.1301437114197531,0.8698562885802469,0.0,0.0,0.0,1.9807288249333699,5,
shuming_130_00000408,shuming_130_00000408.png,shuming_130_00000408.png,shuming_130_00000408.png,shuming_130_00000408.txt,1080x1920x3,uint8,1080x1920x3,uint8,1080x1920,uint16,0,18778,0.05201388888888889,0.9479861111111111,0.0,0.0,0.0021026234567901236,1.7505706151326497,10,
shuming_133_00000038,shuming_133_00000038.png,shuming_133_00000038.png,shuming_133_00000038.png,shuming_133_00000038.txt,1080x1920x3,uint8,1080x1920x3,uint8,1080x1920,uint16,0,12076,0.02271894290123457,0.9772810570987654,0.0,0.0,0.001638695987654321,1.267131547133128,8,
shuming_135_00000356,shuming_135_00000356.png,shuming_135_00000356.png,shuming_135_00000356.png,shuming_135_00000356.txt,1080x1920x3,uint8,1080x1920x3,uint8,1080x1920,uint16,0,10623,0.025426311728395063,0.974573688271605,0.0,0.0,0.0,1.412869115670522,3,
shuming_139_00000166,shuming_139_00000166.png,shuming_139_00000166.png,shuming_139_00000166.png,shuming_139_00000166.txt,1080x1920x3,uint8,1080x1920x3,uint8,1080x1920,uint16,0,16717,0.04251060956790124,0.9574893904320988,0.0,0.0,0.0005854552469135802,1.6086233258247375,1,
shuming_143_00000385,shuming_143_00000385.png,shuming_143_00000385.png,shuming_143_00000385.png,shuming_143_00000385.txt,1080x1920x3,uint8,1080x1920x3,uint8,1080x1920,uint16,0,10807,0.029539448302469136,0.9704605516975309,0.0,0.0,4.8225308641975306e-05,0.9631745219230652,15,
shuming_145_00000172,shuming_145_00000172.png,shuming_145_00000172.png,shuming_145_00000172.png,shuming_145_00000172.txt,1080x1920x3,uint8,1080x1920x3,uint8,1080x1920,uint16,0,13749,0.037897376543209876,0.9621026234567901,0.0,0.0,4.822530864197531e-07,1.3702929019927979,6,
shuming_147_00000179,shuming_147_00000179.png,shuming_147_00000179.png,shuming_147_00000179.png,shuming_147_00000179.txt,1080x1920x3,uint8,1080x1920x3,uint8,1080x1920,uint16,0,13419,0.05081886574074074,0.9491811342592592,0.0,0.0,9.645061728395062e-07,1.3442052602767944,6,
shuming_150_00000326,shuming_150_00000326.png,shuming_150_00000326.png,shuming_150_00000326.png,shuming_150_00000326.txt,1080x1920x3,uint8,1080x1920x3,uint8,1080x1920,uint16,0,13745,0.0456544174382716,0.9543455825617284,0.0,0.0,0.0,1.3571132222811382,6,
shuming_155_00000033,shuming_155_00000033.png,shuming_155_00000033.png,shuming_155_00000033.png,shuming_155_00000033.txt,1080x1920x3,uint8,1080x1920x3,uint8,1080x1920,uint16,0,19997,0.04923225308641975,0.9507677469135802,0.0,0.0,2.604166666666667e-05,1.0744334856669109,2,
shuming_156_00000368,shuming_156_00000368.png,shuming_156_00000368.png,shuming_156_00000368.png,shuming_156_00000368.txt,1080x1920x3,uint8,1080x1920x3,uint8,1080x1920,uint16,0,19996,0.06166570216049383,0.9383342978395062,0.0,0.0,0.0,1.1248115698496501,2,
shuming_158_00000074,shuming_158_00000074.png,shuming_158_00000074.png,shuming_158_00000074.png,shuming_158_00000074.txt,1080x1920x3,uint8,1080x1920x3,uint8,1080x1920,uint16,0,19994,0.042664448302469134,0.9573355516975308,0.0,0.0,9.645061728395062e-06,1.6380877296129863,1,
shuming_165_00000030,shuming_165_00000030.png,shuming_165_00000030.png,shuming_165_00000030.png,shuming_165_00000030.txt,1080x1920x3,uint8,1080x1920x3,uint8,1080x1920,uint16,0,10376,0.03880738811728395,0.9611926118827161,0.0,0.0,1.9290123456790124e-06,0.8518444697062174,13,
shuming_173_00000150,shuming_173_00000150.png,shuming_173_00000150.png,shuming_173_00000150.png,shuming_173_00000150.txt,1080x1920x3,uint8,1080x1920x3,uint8,1080x1920,uint16,0,19997,0.05183738425925926,0.9481626157407408,0.0,0.0,0.004694733796296297,0.9523739417394003,13,
shuming_174_00000200,shuming_174_00000200.png,shuming_174_00000200.png,shuming_174_00000200.png,shuming_174_00000200.txt,1080x1920x3,uint8,1080x1920x3,uint8,1080x1920,uint16,0,19999,0.05452739197530864,0.9454726080246914,0.0,0.0,2.8935185185185186e-05,0.9767804741859436,13,
shuming_178_00000173,shuming_178_00000173.png,shuming_178_00000173.png,shuming_178_00000173.png,shuming_178_00000173.txt,1080x1920x3,uint8,1080x1920x3,uint8,1080x1920,uint16,0,19997,0.0596387924382716,0.9403612075617284,0.0,0.0,0.0036222029320987655,0.9608391324679056,12,
shuming_181_00000323,shuming_181_00000323.png,shuming_181_00000323.png,shuming_181_00000323.png,shuming_181_00000323.txt,1080x1920x3,uint8,1080x1920x3,uint8,1080x1920,uint16,0,8752,0.07864728009259259,0.9213527199074074,0.0,0.0,0.003060378086419753,1.157868762811025,3,
shuming_182_00000086,shuming_182_00000086.png,shuming_182_00000086.png,shuming_182_00000086.png,shuming_182_00000086.txt,1080x1920x3,uint8,1080x1920x3,uint8,1080x1920,uint16,0,7601,0.06580246913580247,0.9341975308641975,0.0,0.0,6.751543209876544e-06,0.8524074157079061,1,
shuming_195_00000379,shuming_195_00000379.png,shuming_195_00000379.png,shuming_195_00000379.png,shuming_195_00000379.txt,1080x1920x3,uint8,1080x1920x3,uint8,1080x1920,uint16,0,8033,0.05670042438271605,0.943299575617284,0.0,0.0,7.71604938271605e-06,2.565877676010132,1,
shuming_204_00000268,shuming_204_00000268.png,shuming_204_00000268.png,shuming_204_00000268.png,shuming_204_00000268.txt,1080x1920x3,uint8,1080x1920x3,uint8,1080x1920,uint16,0,16183,0.028069058641975307,0.9719309413580247,0.0,0.0,0.0003255208333333333,0.5680738687515259,22,
shuming_206_00000265,shuming_206_00000265.png,shuming_206_00000265.png,shuming_206_00000265.png,shuming_206_00000265.txt,1080x1920x3,uint8,1080x1920x3,uint8,1080x1920,uint16,0,19999,0.07461805555555556,0.9253819444444444,0.0,0.0,0.0,1.3694592118263245,5,
shuming_208_00000285,shuming_208_00000285.png,shuming_208_00000285.png,shuming_208_00000285.png,shuming_208_00000285.txt,1080x1920x3,uint8,1080x1920x3,uint8,1080x1920,uint16,0,19999,0.03892457561728395,0.9610754243827161,0.0,0.0,0.0,1.380520502726237,5,
shuming_215_00000189,shuming_215_00000189.png,shuming_215_00000189.png,shuming_215_00000189.png,shuming_215_00000189.txt,1080x1920x3,uint8,1080x1920x3,uint8,1080x1920,uint16,0,16116,0.05645688657407407,0.9435431134259259,0.0,0.0,3.520447530864198e-05,1.620165268580119,8,
shuming_225_00000136,shuming_225_00000136.png,shuming_225_00000136.png,shuming_225_00000136.png,shuming_225_00000136.txt,1080x1920x3,uint8,1080x1920x3,uint8,1080x1920,uint16,0,16433,0.05089747299382716,0.9491025270061728,0.0,0.0,7.71604938271605e-06,1.5897804697354634,8,
shuming_227_00000023,shuming_227_00000023.png,shuming_227_00000023.png,shuming_227_00000023.png,shuming_227_00000023.txt,1080x1920x3,uint8,1080x1920x3,uint8,1080x1920,uint16,0,19973,0.05381124614197531,0.9461887538580247,0.0,0.0,4.3885030864197534e-05,1.5259709358215332,8,
shuming_228_00000257,shuming_228_00000257.png,shuming_228_00000257.png,shuming_228_00000257.png,shuming_228_00000257.txt,1080x1920x3,uint8,1080x1920x3,uint8,1080x1920,uint16,0,15796,0.050934124228395064,0.949065875771605,0.0,0.0,4.822530864197531e-07,1.601743181546529,9,
shuming_229_00000042,shuming_229_00000042.png,shuming_229_00000042.png,shuming_229_00000042.png,shuming_229_00000042.txt,1080x1920x3,uint8,1080x1920x3,uint8,1080x1920,uint16,0,15638,0.04087528935185185,0.9591247106481482,0.0,0.0,9.645061728395062e-07,1.3069395820299785,4,
shuming_230_00000101,shuming_230_00000101.png,shuming_230_00000101.png,shuming_230_00000101.png,shuming_230_00000101.txt,1080x1920x3,uint8,1080x1920x3,uint8,1080x1920,uint16,0,12102,0.03884982638888889,0.9611501736111111,0.0,0.0,0.0,1.2930137713750203,4,
shuming_237_00000290,shuming_237_00000290.png,shuming_237_00000290.png,shuming_237_00000290.png,shuming_237_00000290.txt,1080x1920x3,uint8,1080x1920x3,uint8,1080x1920,uint16,0,8057,0.09752073688271605,0.902479263117284,0.0,0.0,1.3020833333333334e-05,1.052808662255605,1,
shuming_245_00000415,shuming_245_00000415.png,shuming_245_00000415.png,shuming_245_00000415.png,shuming_245_00000415.txt,1080x1920x3,uint8,1080x1920x3,uint8,1080x1920,uint16,0,8427,0.11220389660493828,0.8877961033950618,0.0,0.0,0.0,1.0150012771288555,1,
shuming_246_00000274,shuming_246_00000274.png,shuming_246_00000274.png,shuming_246_00000274.png,shuming_246_00000274.txt,1080x1920x3,uint8,1080x1920x3,uint8,1080x1920,uint16,0,7834,0.09162471064814814,0.9083752893518519,0.0,0.0,2.2665895061728396e-05,1.05860435962677,1,
shuming_250_00000253,shuming_250_00000253.png,shuming_250_00000253.png,shuming_250_00000253.png,shuming_250_00000253.txt,1080x1920x3,uint8,1080x1920x3,uint8,1080x1920,uint16,0,7846,0.08794126157407407,0.9120587384259259,0.0,0.0,9.645061728395062e-06,1.0131802956263225,1,
shuming_253_00000398,shuming_253_00000398.png,shuming_253_00000398.png,shuming_253_00000398.png,shuming_253_00000398.txt,1080x1920x3,uint8,1080x1920x3,uint8,1080x1920,uint16,0,18792,0.11183400848765432,0.8881659915123457,0.0,0.0,0.0,1.1260718901952107,1,
shuming_256_00000366,shuming_256_00000366.png,shuming_256_00000366.png,shuming_256_00000366.png,shuming_256_00000366.txt,1080x1920x3,uint8,1080x1920x3,uint8,1080x1920,uint16,0,8025,0.11654947916666666,0.8834505208333333,0.0,0.0,2.4112654320987654e-06,1.1336464881896973,1,
shuming_259_00000175,shuming_259_00000175.png,shuming_259_00000175.png,shuming_259_00000175.png,shuming_259_00000175.txt,1080x1920x3,uint8,1080x1920x3,uint8,1080x1920,uint16,0,18189,0.11066068672839506,0.889339313271605,0.0,0.0,4.340277777777778e-06,1.116790771484375,1,
shuming_262_00000257,shuming_262_00000257.png,shuming_262_00000257.png,shuming_262_00000257.png,shuming_262_00000257.txt,1080x1920x3,uint8,1080x1920x3,uint8,1080x1920,uint16,0,3906,0.08296537422839506,0.9170346257716049,0.0,0.0,0.040339506172839504,0.5262278119723002,5,
shuming_271_00000357,shuming_271_00000357.png,shuming_271_00000357.png,shuming_271_00000357.png,shuming_271_00000357.txt,1080x1920x3,uint8,1080x1920x3,uint8,1080x1920,uint16,0,19999,0.7108902391975309,0.28910976080246914,0.0,0.0,0.0031360918209876543,1.3315869371096294,23,
shuming_277_00000236,shuming_277_00000236.png,shuming_277_00000236.png,shuming_277_00000236.png,shuming_277_00000236.txt,1080x1920x3,uint8,1080x1920x3,uint8,1080x1920,uint16,0,19999,0.22338252314814816,0.7766174768518519,0.0,0.0,7.233796296296296e-05,1.4181796709696453,11,
shuming_278_00000186,shuming_278_00000186.png,shuming_278_00000186.png,shuming_278_00000186.png,shuming_278_00000186.txt,1080x1920x3,uint8,1080x1920x3,uint8,1080x1920,uint16,0,19999,0.10653163580246913,0.8934683641975308,0.0,0.0,0.0018851273148148147,1.2826507687568665,14,
shuming_281_00000021,shuming_281_00000021.png,shuming_281_00000021.png,shuming_281_00000021.png,shuming_281_00000021.txt,1080x1920x3,uint8,1080x1920x3,uint8,1080x1920,uint16,0,19213,0.17213975694444444,0.8278602430555555,0.0,0.0,0.0,1.4630173047383626,2,
shuming_283_00000014,shuming_283_00000014.png,shuming_283_00000014.png,shuming_283_00000014.png,shuming_283_00000014.txt,1080x1920x3,uint8,1080x1920x3,uint8,1080x1920,uint16,0,19945,0.4328592785493827,0.5671407214506173,0.0,0.0,2.170138888888889e-05,1.5138152837753296,2,
shuming_284_00000029,shuming_284_00000029.png,shuming_284_00000029.png,shuming_284_00000029.png,shuming_284_00000029.txt,1080x1920x3,uint8,1080x1920x3,uint8,1080x1920,uint16,0,19996,0.2670606674382716,0.7329393325617284,0.0,0.0,0.0,1.87086288134257,2,
shuming_304_00000152,shuming_304_00000152.png,shuming_304_00000152.png,shuming_304_00000152.png,shuming_304_00000152.txt,1080x1920x3,uint8,1080x1920x3,uint8,1080x1920,uint16,0,19865,0.06579330632716049,0.9342066936728395,0.0,0.0,0.007255497685185185,1.3175867994626362,1,
shuming_306_00000136,shuming_306_00000136.png,shuming_306_00000136.png,shuming_306_00000136.png,shuming_306_00000136.txt,1080x1920x3,uint8,1080x1920x3,uint8,1080x1920,uint16,0,17132,0.08994454089506172,0.9100554591049382,0.0,0.0,1.6878858024691356e-05,1.931084434191386,3,
shuming_309_00000310,shuming_309_00000310.png,shuming_309_00000310.png,shuming_309_00000310.png,shuming_309_00000310.txt,1080x1920x3,uint8,1080x1920x3,uint8,1080x1920,uint16,0,19998,0.24046006944444445,0.7595399305555556,0.0,0.0,5.063657407407407e-05,2.4408748547236123,1,
shuming_311_00000029,shuming_311_00000029.png,shuming_311_00000029.png,shuming_311_00000029.png,shuming_311_00000029.txt,1080x1920x3,uint8,1080x1920x3,uint8,1080x1920,uint16,0,19996,0.27943431712962963,0.7205656828703704,0.0,0.0,0.0,2.284304896990458,1,
shuming_314_00000301,shuming_314_00000301.png,shuming_314_00000301.png,shuming_314_00000301.png,shuming_314_00000301.txt,1080x1920x3,uint8,1080x1920x3,uint8,1080x1920,uint16,0,8807,0.05072241512345679,0.9492775848765432,0.0,0.0,3.375771604938272e-06,0.8270810643831888,4,
shuming_317_00000056,shuming_317_00000056.png,shuming_317_00000056.png,shuming_317_00000056.png,shuming_317_00000056.txt,1080x1920x3,uint8,1080x1920x3,uint8,1080x1920,uint16,0,9061,0.029779128086419752,0.9702208719135802,0.0,0.0,0.002752700617283951,1.0792123079299927,4,
shuming_321_00000066,shuming_321_00000066.png,shuming_321_00000066.png,shuming_321_00000066.png,shuming_321_00000066.txt,1080x1920x3,uint8,1080x1920x3,uint8,1080x1920,uint16,0,19239,0.04201051311728395,0.957989486882716,0.0,0.0,3.375771604938271e-05,1.4994630813598633,9,
shuming_327_00000224,shuming_327_00000224.png,shuming_327_00000224.png,shuming_327_00000224.png,shuming_327_00000224.txt,1080x1920x3,uint8,1080x1920x3,uint8,1080x1920,uint16,0,19051,0.11649402006172839,0.8835059799382716,0.0,0.0,3.375771604938272e-06,1.0903176267941792,1,
shuming_328_00000176,shuming_328_00000176.png,shuming_328_00000176.png,shuming_328_00000176.png,shuming_328_00000176.txt,1080x1920x3,uint8,1080x1920x3,uint8,1080x1920,uint16,0,18586,0.12230661651234567,0.8776933834876544,0.0,0.0,3.375771604938272e-06,1.0334619084994,1,
shuming_329_00000063,shuming_329_00000063.png,shuming_329_00000063.png,shuming_329_00000063.png,shuming_329_00000063.txt,1080x1920x3,uint8,1080x1920x3,uint8,1080x1920,uint16,0,14608,0.09795814043209876,0.9020418595679013,0.0,0.0,0.0002662037037037037,1.094742774963379,1,
shuming_330_00000176,shuming_330_00000176.png,shuming_330_00000176.png,shuming_330_00000176.png,shuming_330_00000176.txt,1080x1920x3,uint8,1080x1920x3,uint8,1080x1920,uint16,0,16859,0.10608072916666667,0.8939192708333333,0.0,0.0,0.0,1.0944132606188457,1,
shuming_337_00000209,shuming_337_00000209.png,shuming_337_00000209.png,shuming_337_00000209.png,shuming_337_00000209.txt,1080x1920x3,uint8,1080x1920x3,uint8,1080x1920,uint16,0,19999,0.7699223572530864,0.23007764274691359,0.0,0.0,2.652391975308642e-05,2.3831523656845093,36,
shuming_340_00000020,shuming_340_00000020.png,shuming_340_00000020.png,shuming_340_00000020.png,shuming_340_00000020.txt,1080x1920x3,uint8,1080x1920x3,uint8,1080x1920,uint16,0,19999,0.7573466435185185,0.24265335648148148,0.0,0.0,5.497685185185185e-05,2.0502854585647583,41,
shuming_342_00000275,shuming_342_00000275.png,shuming_342_00000275.png,shuming_342_00000275.png,shuming_342_00000275.txt,1080x1920x3,uint8,1080x1920x3,uint8,1080x1920,uint16,0,19999,0.9460648148148149,0.05393518518518518,0.0,0.0,0.0,1.3444894552230835,45,
shuming_343_00000288,shuming_343_00000288.png,shuming_343_00000288.png,shuming_343_00000288.png,shuming_343_00000288.txt,1080x1920x3,uint8,1080x1920x3,uint8,1080x1920,uint16,0,19999,0.9585831404320988,0.04141685956790123,0.0,0.0,2.4594907407407408e-05,1.3090396722157795,50,
shuming_357_00000306,shuming_357_00000306.png,shuming_357_00000306.png,shuming_357_00000306.png,shuming_357_00000306.txt,1080x1920x3,uint8,1080x1920x3,uint8,1080x1920,uint16,0,19999,0.6010257523148148,0.3989742476851852,0.0,0.0,1.54320987654321e-05,2.6912522315979004,33,
shuming_373_00000007,shuming_373_00000007.png,shuming_373_00000007.png,shuming_373_00000007.png,shuming_373_00000007.txt,1080x1920x3,uint8,1080x1920x3,uint8,1080x1920,uint16,0,19999,0.47107880015432096,0.528921199845679,0.0,0.0,0.0006983024691358025,2.5868090987205505,12,
shuming_375_00000012,shuming_375_00000012.png,shuming_375_00000012.png,shuming_375_00000012.png,shuming_375_00000012.txt,1080x1920x3,uint8,1080x1920x3,uint8,1080x1920,uint16,0,19999,0.4868870563271605,0.5131129436728395,0.0,0.0,0.0013305362654320988,2.4937596718470254,8,
shuming_377_00000053,shuming_377_00000053.png,shuming_377_00000053.png,shuming_377_00000053.png,shuming_377_00000053.txt,1080x1920x3,uint8,1080x1920x3,uint8,1080x1920,uint16,0,19999,0.4764626736111111,0.5235373263888888,0.0,0.0,2.218364197530864e-05,1.0672322114308674,9,
shuming_380_00000005,shuming_380_00000005.png,shuming_380_00000005.png,shuming_380_00000005.png,shuming_380_00000005.txt,1080x1920x3,uint8,1080x1920x3,uint8,1080x1920,uint16,0,19999,0.48428867669753084,0.5157113233024692,0.0,0.0,3.2310956790123456e-05,1.0213024020195007,13,
shuming_381_00000195,shuming_381_00000195.png,shuming_381_00000195.png,shuming_381_00000195.png,shuming_381_00000195.txt,1080x1920x3,uint8,1080x1920x3,uint8,1080x1920,uint16,0,19999,0.36759596836419756,0.6318465470679012,0.0005574845679012345,0.0,0.00011043595679012346,2.4070486227671304,4,
shuming_384_00000171,shuming_384_00000171.png,shuming_384_00000171.png,shuming_384_00000171.png,shuming_384_00000171.txt,1080x1920x3,uint8,1080x1920x3,uint8,1080x1920,uint16,0,19999,0.34313898533950615,0.6567423804012346,0.00011863425925925926,0.0,0.0006071566358024691,2.3186413447062173,5,
shuming_386_00000007,shuming_386_00000007.png,shuming_386_00000007.png,shuming_386_00000007.png,shuming_386_00000007.txt,1080x1920x3,uint8,1080x1920x3,uint8,1080x1920,uint16,0,19999,0.4371995563271605,0.5628004436728395,0.0,0.0,8.198302469135803e-06,0.9871402382850647,10,
shuming_392_00000032,shuming_392_00000032.png,shuming_392_00000032.png,shuming_392_00000032.png,shuming_392_00000032.txt,1080x1920x3,uint8,1080x1920x3,uint8,1080x1920,uint16,0,19999,0.44872926311728395,0.551270736882716,0.0,0.0,7.71604938271605e-06,0.9803941448529562,11,
shuming_393_00000084,shuming_393_00000084.png,shuming_393_00000084.png,shuming_393_00000084.png,shuming_393_00000084.txt,1080x1920x3,uint8,1080x1920x3,uint8,1080x1920,uint16,0,19999,0.5368586033950618,0.46314139660493825,0.0,0.0,0.0024310378086419755,1.3487332661946614,9,
shuming_396_00000045,shuming_396_00000045.png,shuming_396_00000045.png,shuming_396_00000045.png,shuming_396_00000045.txt,1080x1920x3,uint8,1080x1920x3,uint8,1080x1920,uint16,0,19999,0.5978510802469136,0.4021489197530864,0.0,0.0,0.0019873649691358026,1.5631359020868938,8,
shuming_400_00000081,shuming_400_00000081.png,shuming_400_00000081.png,shuming_400_00000081.png,shuming_400_00000081.txt,1080x1920x3,uint8,1080x1920x3,uint8,1080x1920,uint16,0,19999,0.4296648341049383,0.5703351658950617,0.0,0.0,0.0,0.8681979775428772,9,
shuming_401_00000230,shuming_401_00000230.png,shuming_401_00000230.png,shuming_401_00000230.png,shuming_401_00000230.txt,1080x1920x3,uint8,1080x1920x3,uint8,1080x1920,uint16,0,19999,0.5162123842592593,0.48378761574074075,0.0,0.0,4.822530864197531e-06,2.465456247329712,3,
shuming_402_00000053,shuming_402_00000053.png,shuming_402_00000053.png,shuming_402_00000053.png,shuming_402_00000053.txt,1080x1920x3,uint8,1080x1920x3,uint8,1080x1920,uint16,0,19999,0.5492418981481482,0.45075810185185183,0.0,0.0,3.858024691358025e-06,2.515622059504191,3,
shuming_403_00000023,shuming_403_00000023.png,shuming_403_00000023.png,shuming_403_00000023.png,shuming_403_00000023.txt,1080x1920x3,uint8,1080x1920x3,uint8,1080x1920,uint16,0,19999,0.4657397762345679,0.5342433449074074,1.6878858024691356e-05,0.0,0.00014419367283950618,2.4432921409606934,3,
shuming_404_00000048,shuming_404_00000048.png,shuming_404_00000048.png,shuming_404_00000048.png,shuming_404_00000048.txt,1080x1920x3,uint8,1080x1920x3,uint8,1080x1920,uint16,0,19999,0.48661458333333335,0.5133854166666667,0.0,0.0,1.2056327160493826e-05,2.4028964042663574,3,
shuming_410_00000037,shuming_410_00000037.png,shuming_410_00000037.png,shuming_410_00000037.png,shuming_410_00000037.txt,1080x1920x3,uint8,1080x1920x3,uint8,1080x1920,uint16,0,19999,0.4880565200617284,0.5119434799382716,0.0,0.0,0.00012249228395061728,1.44766104221344,11,
shuming_411_00000031,shuming_411_00000031.png,shuming_411_00000031.png,shuming_411_00000031.png,shuming_411_00000031.txt,1080x1920x3,uint8,1080x1920x3,uint8,1080x1920,uint16,0,19981,0.45689380787037037,0.5431061921296296,0.0,0.0,0.00014130015432098765,1.4917685786883037,3,
shuming_413_00000061,shuming_413_00000061.png,shuming_413_00000061.png,shuming_413_00000061.png,shuming_413_00000061.txt,1080x1920x3,uint8,1080x1920x3,uint8,1080x1920,uint16,0,19999,0.5014438657407407,0.49855613425925926,0.0,0.0,5.160108024691358e-05,1.9112621545791626,3,
shuming_414_00000005,shuming_414_00000005.png,shuming_414_00000005.png,shuming_414_00000005.png,shuming_414_00000005.txt,1080x1920x3,uint8,1080x1920x3,uint8,1080x1920,uint16,0,19999,0.5682417052469135,0.4317582947530864,0.0,0.0,9.934413580246914e-05,1.561572790145874,3,
shuming_415_00000040,shuming_415_00000040.png,shuming_415_00000040.png,shuming_415_00000040.png,shuming_415_00000040.txt,1080x1920x3,uint8,1080x1920x3,uint8,1080x1920,uint16,0,19999,0.5439067322530864,0.45609326774691356,0.0,0.0,5.787037037037037e-06,1.8852707147598267,3,
shuming_417_00000134,shuming_417_00000134.png,shuming_417_00000134.png,shuming_417_00000134.png,shuming_417_00000134.txt,1080x1920x3,uint8,1080x1920x3,uint8,1080x1920,uint16,0,19999,0.4221947337962963,0.5778052662037036,0.0,0.0,0.028170331790123456,0.9956166545550028,8,
shuming_419_00000053,shuming_419_00000053.png,shuming_419_00000053.png,shuming_419_00000053.png,shuming_419_00000053.txt,1080x1920x3,uint8,1080x1920x3,uint8,1080x1920,uint16,0,19999,0.613690200617284,0.38630979938271603,0.0,0.0,0.00029899691358024693,0.7727826038996378,6,
shuming_420_00000156,shuming_420_00000156.png,shuming_420_00000156.png,shuming_420_00000156.png,shuming_420_00000156.txt,1080x1920x3,uint8,1080x1920x3,uint8,1080x1920,uint16,0,19999,0.4443205054012346,0.5556761188271605,3.375771604938272e-06,0.0,0.0,0.9917534788449606,7,
shuming_425_00000056,shuming_425_00000056.png,shuming_425_00000056.png,shuming_425_00000056.png,shuming_425_00000056.txt,1080x1920x3,uint8,1080x1920x3,uint8,1080x1920,uint16,0,19999,0.4200487075617284,0.5799512924382716,0.0,0.0,2.5559413580246914e-05,1.8531777461369832,11,
shuming_426_00000088,shuming_426_00000088.png,shuming_426_00000088.png,shuming_426_00000088.png,shuming_426_00000088.txt,1080x1920x3,uint8,1080x1920x3,uint8,1080x1920,uint16,0,19999,0.6767182677469136,0.32328173225308643,0.0,0.0,4.340277777777778e-06,2.314930558204651,12,
shuming_430_00000125,shuming_430_00000125.png,shuming_430_00000125.png,shuming_430_00000125.png,shuming_430_00000125.txt,1080x1920x3,uint8,1080x1920x3,uint8,1080x1920,uint16,0,19999,0.6210296103395062,0.37897038966049384,0.0,0.0,0.00021460262345679012,0.7898022731145223,19,
shuming_431_00000134,shuming_431_00000134.png,shuming_431_00000134.png,shuming_431_00000134.png,shuming_431_00000134.txt,1080x1920x3,uint8,1080x1920x3,uint8,1080x1920,uint16,0,19999,0.6201123649691358,0.3798876350308642,0.0,0.0,0.00028115354938271605,0.7532776991526285,21,
shuming_435_00000005,shuming_435_00000005.png,shuming_435_00000005.png,shuming_435_00000005.png,shuming_435_00000005.txt,1080x1920x3,uint8,1080x1920x3,uint8,1080x1920,uint16,0,19999,0.5040287422839507,0.4959712577160494,0.0,0.0,9.35570987654321e-05,0.585106094678243,5,
shuming_439_00000034,shuming_439_00000034.png,shuming_439_00000034.png,shuming_439_00000034.png,shuming_439_00000034.txt,1080x1920x3,uint8,1080x1920x3,uint8,1080x1920,uint16,0,19999,0.4933738425925926,0.5066261574074075,0.0,0.0,0.001915991512345679,0.6858281890551249,5,
shuming_440_00000022,shuming_440_00000022.png,shuming_440_00000022.png,shuming_440_00000022.png,shuming_440_00000022.txt,1080x1920x3,uint8,1080x1920x3,uint8,1080x1920,uint16,0,19999,0.4481409143518518,0.5518590856481481,0.0,0.0,0.0027174961419753085,0.8770129283269247,2,
shuming_443_00000026,shuming_443_00000026.png,shuming_443_00000026.png,shuming_443_00000026.png,shuming_443_00000026.txt,1080x1920x3,uint8,1080x1920x3,uint8,1080x1920,uint16,0,19999,0.4941488233024691,0.5058511766975309,0.0,0.0,4.822530864197531e-07,0.800436278184255,10,
shuming_447_00000074,shuming_447_00000074.png,shuming_447_00000074.png,shuming_447_00000074.png,shuming_447_00000074.txt,1080x1920x3,uint8,1080x1920x3,uint8,1080x1920,uint16,0,19999,0.4943995949074074,0.5056004050925926,0.0,0.0,4.822530864197531e-07,0.7462287942568461,7,
shuming_452_00000047,shuming_452_00000047.png,shuming_452_00000047.png,shuming_452_00000047.png,shuming_452_00000047.txt,1080x1920x3,uint8,1080x1920x3,uint8,1080x1920,uint16,0,19999,0.5795833333333333,0.42041666666666666,0.0,0.0,0.0,0.8152588208516439,14,
shuming_460_00000016,shuming_460_00000016.png,shuming_460_00000016.png,shuming_460_00000016.png,shuming_460_00000016.txt,1080x1920x3,uint8,1080x1920x3,uint8,1080x1920,uint16,0,19999,0.6274619020061728,0.37253809799382714,0.0,0.0,0.00042197145061728393,0.9337815145651499,16,
shuming_461_00000082,shuming_461_00000082.png,shuming_461_00000082.png,shuming_461_00000082.png,shuming_461_00000082.txt,1080x1920x3,uint8,1080x1920x3,uint8,1080x1920,uint16,0,19999,0.5059288194444445,0.49407118055555554,0.0,0.0,5.5459104938271606e-05,2.3979121446609497,12,
shuming_464_00000098,shuming_464_00000098.png,shuming_464_00000098.png,shuming_464_00000098.png,shuming_464_00000098.txt,1080x1920x3,uint8,1080x1920x3,uint8,1080x1920,uint16,0,19999,0.5134543788580247,0.4865456211419753,0.0,0.0,0.0015007716049382717,2.4676536917686462,17,
shuming_465_00000030,shuming_465_00000030.png,shuming_465_00000030.png,shuming_465_00000030.png,shuming_465_00000030.txt,1080x1920x3,uint8,1080x1920x3,uint8,1080x1920,uint16,0,19999,0.457827449845679,0.542172550154321,0.0,0.0,1.1574074074074073e-05,0.9254851142565409,8,
shuming_466_00000062,shuming_466_00000062.png,shuming_466_00000062.png,shuming_466_00000062.png,shuming_466_00000062.txt,1080x1920x3,uint8,1080x1920x3,uint8,1080x1920,uint16,0,19999,0.38116319444444446,0.6188368055555555,0.0,0.0,4.822530864197531e-06,1.165665825208028,10,
shuming_470_00000057,shuming_470_00000057.png,shuming_470_00000057.png,shuming_470_00000057.png,shuming_470_00000057.txt,1080x1920x3,uint8,1080x1920x3,uint8,1080x1920,uint16,0,19999,0.4395018325617284,0.5604981674382716,0.0,0.0,4.340277777777778e-06,0.8995200196901957,12,
shuming_476_00000059,shuming_476_00000059.png,shuming_476_00000059.png,shuming_476_00000059.png,shuming_476_00000059.txt,1080x1920x3,uint8,1080x1920x3,uint8,1080x1920,uint16,0,19999,0.44655960648148146,0.5534403935185185,0.0,0.0,1.2056327160493826e-05,2.4524118900299072,12,
shuming_478_00000002,shuming_478_00000002.png,shuming_478_00000002.png,shuming_478_00000002.png,shuming_478_00000002.txt,1080x1920x3,uint8,1080x1920x3,uint8,1080x1920,uint16,0,19999,0.5348389274691357,0.4651610725308642,0.0,0.0,1.6878858024691356e-05,1.5223286151885986,14,
shuming_482_00000018,shuming_482_00000018.png,shuming_482_00000018.png,shuming_482_00000018.png,shuming_482_00000018.txt,1080x1920x3,uint8,1080x1920x3,uint8,1080x1920,uint16,0,19999,0.29949604552469133,0.7005039544753087,0.0,0.0,9.114583333333334e-05,0.8577845493952433,7,
shuming_483_00000028,shuming_483_00000028.png,shuming_483_00000028.png,shuming_483_00000028.png,shuming_483_00000028.txt,1080x1920x3,uint8,1080x1920x3,uint8,1080x1920,uint16,0,19999,0.5004557291666667,0.49954427083333336,0.0,0.0,0.00010947145061728395,0.8350478808085123,21,
shuming_484_00000041,shuming_484_00000041.png,shuming_484_00000041.png,shuming_484_00000041.png,shuming_484_00000041.txt,1080x1920x3,uint8,1080x1920x3,uint8,1080x1920,uint16,0,19999,0.5265697337962963,0.4734302662037037,0.0,0.0,2.7488425925925926e-05,0.7725328008333842,22,
shuming_485_00000027,shuming_485_00000027.png,shuming_485_00000027.png,shuming_485_00000027.png,shuming_485_00000027.txt,1080x1920x3,uint8,1080x1920x3,uint8,1080x1920,uint16,0,19999,0.22431905864197532,0.7756809413580247,0.0,0.0,2.9899691358024692e-05,0.8561532100041708,5,
shuming_486_00000001,shuming_486_00000001.png,shuming_486_00000001.png,shuming_486_00000001.png,shuming_486_00000001.txt,1080x1920x3,uint8,1080x1920x3,uint8,1080x1920,uint16,0,19999,0.34881413966049385,0.6511858603395062,0.0,0.0,0.0007320601851851852,0.9016701976458231,8,
shuming_490_00000131,shuming_490_00000131.png,shuming_490_00000131.png,shuming_490_00000131.png,shuming_490_00000131.txt,1080x1920x3,uint8,1080x1920x3,uint8,1080x1920,uint16,0,19372,0.04578317901234568,0.9542168209876544,0.0,0.0,0.00011670524691358024,1.8697929779688518,1,
shuming_496_00000002,shuming_496_00000002.png,shuming_496_00000002.png,shuming_496_00000002.png,shuming_496_00000002.txt,1080x1920x3,uint8,1080x1920x3,uint8,1080x1920,uint16,0,19999,0.1673755787037037,0.8326244212962963,0.0,0.0,7.860725308641976e-05,1.9447768529256184,1,
shuming_497_00000051,shuming_497_00000051.png,shuming_497_00000051.png,shuming_497_00000051.png,shuming_497_00000051.txt,1080x1920x3,uint8,1080x1920x3,uint8,1080x1920,uint16,0,19999,0.4974990354938272,0.5025009645061729,0.0,0.0,0.00022810570987654322,2.0383198261260986,11,
shuming_498_00000035,shuming_498_00000035.png,shuming_498_00000035.png,shuming_498_00000035.png,shuming_498_00000035.txt,1080x1920x3,uint8,1080x1920x3,uint8,1080x1920,uint16,0,19999,0.4739549575617284,0.5260450424382717,0.0,0.0,9.596836419753087e-05,2.333592176437378,12,
shuming_503_00000052,shuming_503_00000052.png,shuming_503_00000052.png,shuming_503_00000052.png,shuming_503_00000052.txt,1080x1920x3,uint8,1080x1920x3,uint8,1080x1920,uint16,0,19999,0.4497593557098765,0.5502406442901234,0.0,0.0,9.645061728395062e-07,2.687110980351766,13,
shuming_505_00000027,shuming_505_00000027.png,shuming_505_00000027.png,shuming_505_00000027.png,shuming_505_00000027.txt,1080x1920x3,uint8,1080x1920x3,uint8,1080x1920,uint16,0,19998,0.10355709876543209,0.8964371141975309,5.787037037037037e-06,0.0,0.00032744984567901233,2.462900956471761,7,
shuming_525_00000084,shuming_525_00000084.png,shuming_525_00000084.png,shuming_525_00000084.png,shuming_525_00000084.txt,1080x1920x3,uint8,1080x1920x3,uint8,1080x1920,uint16,0,19999,0.12125626929012345,0.8787437307098765,0.0,0.0,0.0005454282407407407,1.1707581082979839,3,
shuming_526_00000001,shuming_526_00000001.png,shuming_526_00000001.png,shuming_526_00000001.png,shuming_526_00000001.txt,1080x1920x3,uint8,1080x1920x3,uint8,1080x1920,uint16,0,19999,0.12930941358024692,0.870690586419753,0.0,0.0,0.0002970679012345679,1.295143723487854,3,
shuming_533_00000162,shuming_533_00000162.png,shuming_533_00000162.png,shuming_533_00000162.png,shuming_533_00000162.txt,1080x1920x3,uint8,1080x1920x3,uint8,1080x1920,uint16,0,19999,0.7224030671296297,0.27759693287037035,0.0,0.0,0.0001099537037037037,1.5939753850301106,3,
shuming_536_00000023,shuming_536_00000023.png,shuming_536_00000023.png,shuming_536_00000023.png,shuming_536_00000023.txt,1080x1920x3,uint8,1080x1920x3,uint8,1080x1920,uint16,0,19999,0.8454470486111111,0.1545529513888889,0.0,0.0,3.809799382716049e-05,1.8943810661633809,4,
shuming_542_00000221,shuming_542_00000221.png,shuming_542_00000221.png,shuming_542_00000221.png,shuming_542_00000221.txt,1080x1920x3,uint8,1080x1920x3,uint8,1080x1920,uint16,0,19999,0.26904272762345677,0.7309572723765432,0.0,0.0,3.472222222222222e-05,2.642638603846232,3,
shuming_550_00000268,shuming_550_00000268.png,shuming_550_00000268.png,shuming_550_00000268.png,shuming_550_00000268.txt,1080x1920x3,uint8,1080x1920x3,uint8,1080x1920,uint16,0,19999,0.5151461226851852,0.48485387731481483,0.0,0.0,5.4494598765432097e-05,2.075036962827047,3,
shuming_551_00000248,shuming_551_00000248.png,shuming_551_00000248.png,shuming_551_00000248.png,shuming_551_00000248.txt,1080x1920x3,uint8,1080x1920x3,uint8,1080x1920,uint16,0,19999,0.497505787037037,0.5024942129629629,0.0,0.0,3.3275462962962965e-05,1.9979787270228069,2,
shuming_554_00000328,shuming_554_00000328.png,shuming_554_00000328.png,shuming_554_00000328.png,shuming_554_00000328.txt,1080x1920x3,uint8,1080x1920x3,uint8,1080x1920,uint16,0,6101,0.09269145447530865,0.9073085455246913,0.0,0.0,0.0,1.5628748734792073,2,
shuming_560_00000331,shuming_560_00000331.png,shuming_560_00000331.png,shuming_560_00000331.png,shuming_560_00000331.txt,1080x1920x3,uint8,1080x1920x3,uint8,1080x1920,uint16,0,19999,0.13232783564814815,0.8676721643518519,0.0,0.0,1.9290123456790124e-06,1.784452199935913,2,
shuming_562_00000223,shuming_562_00000223.png,shuming_562_00000223.png,shuming_562_00000223.png,shuming_562_00000223.txt,1080x1920x3,uint8,1080x1920x3,uint8,1080x1920,uint16,0,19999,0.1099609375,0.8900390625,0.0,0.0,7.667824074074074e-05,1.7393016815185547,3,
shuming_568_00000249,shuming_568_00000249.png,shuming_568_00000249.png,shuming_568_00000249.png,shuming_568_00000249.txt,1080x1920x3,uint8,1080x1920x3,uint8,1080x1920,uint16,0,19999,0.054777681327160495,0.9452223186728395,0.0,0.0,6.26929012345679e-06,3.3297077814737954,2,
shuming_571_00000215,shuming_571_00000215.png,shuming_571_00000215.png,shuming_571_00000215.png,shuming_571_00000215.txt,1080x1920x3,uint8,1080x1920x3,uint8,1080x1920,uint16,0,19999,0.3434177276234568,0.6565822723765432,0.0,0.0,4.2920524691358025e-05,2.130081375439962,3,
shuming_573_00000262,shuming_573_00000262.png,shuming_573_00000262.png,shuming_573_00000262.png,shuming_573_00000262.txt,1080x1920x3,uint8,1080x1920x3,uint8,1080x1920,uint16,0,19999,0.2723220486111111,0.7276779513888889,0.0,0.0,0.0001996527777777778,1.309311032295227,6,
shuming_574_00000017,shuming_574_00000017.png,shuming_574_00000017.png,shuming_574_00000017.png,shuming_574_00000017.txt,1080x1920x3,uint8,1080x1920x3,uint8,1080x1920,uint16,0,19999,0.2814911265432099,0.7185088734567902,0.0,0.0,8.198302469135803e-05,1.2524289687474568,4,
shuming_577_00000093,shuming_577_00000093.png,shuming_577_00000093.png,shuming_577_00000093.png,shuming_577_00000093.txt,1080x1920x3,uint8,1080x1920x3,uint8,1080x1920,uint16,0,19999,0.4835744598765432,0.5164255401234568,0.0,0.0,0.0002252121913580247,2.2295358180999756,11,
shuming_578_00000372,shuming_578_00000372.png,shuming_578_00000372.png,shuming_578_00000372.png,shuming_578_00000372.txt,1080x1920x3,uint8,1080x1920x3,uint8,1080x1920,uint16,0,19999,0.43649305555555556,0.5633299575617284,0.0001769868827160494,0.0,1.0127314814814815e-05,2.240939736366272,3,
shuming_580_00000043,shuming_580_00000043.png,shuming_580_00000043.png,shuming_580_00000043.png,shuming_580_00000043.txt,1080x1920x3,uint8,1080x1920x3,uint8,1080x1920,uint16,0,19999,0.43202208719135804,0.567977912808642,0.0,0.0,0.0008979552469135803,1.9072386026382446,3,
shuming_589_00000038,shuming_589_00000038.png,shuming_589_00000038.png,shuming_589_00000038.png,shuming_589_00000038.txt,1080x1920x3,uint8,1080x1920x3,uint8,1080x1920,uint16,0,19999,0.28545476466049385,0.7145452353395062,0.0,0.0,0.0001818094135802469,2.2944634755452475,7,
shuming_601_00000007,shuming_601_00000007.png,shuming_601_00000007.png,shuming_601_00000007.png,shuming_601_00000007.txt,1080x1920x3,uint8,1080x1920x3,uint8,1080x1920,uint16,0,19999,0.2761429398148148,0.7238570601851851,0.0,0.0,8.921682098765432e-05,1.1143271327018738,5,
shuming_607_00000371,shuming_607_00000371.png,shuming_607_00000371.png,shuming_607_00000371.png,shuming_607_00000371.txt,1080x1920x3,uint8,1080x1920x3,uint8,1080x1920,uint16,0,19999,0.20880063657407408,0.7911993634259259,0.0,0.0,0.00024353780864197532,1.1426038543383281,8,
shuming_608_00000031,shuming_608_00000031.png,shuming_608_00000031.png,shuming_608_00000031.png,shuming_608_00000031.txt,1080x1920x3,uint8,1080x1920x3,uint8,1080x1920,uint16,0,19999,0.3168557098765432,0.6831442901234568,0.0,0.0,9.596836419753087e-05,0.9356802701950073,5,
shuming_610_00000148,shuming_610_00000148.png,shuming_610_00000148.png,shuming_610_00000148.png,shuming_610_00000148.txt,1080x1920x3,uint8,1080x1920x3,uint8,1080x1920,uint16,0,19998,0.2652830825617284,0.734714023919753,2.8935185185185184e-06,0.0,9.45216049382716e-05,1.6516865889231365,5,
shuming_611_00000254,shuming_611_00000254.png,shuming_611_00000254.png,shuming_611_00000254.png,shuming_611_00000254.txt,1080x1920x3,uint8,1080x1920x3,uint8,1080x1920,uint16,0,19999,0.24180314429012345,0.758193962191358,2.8935185185185184e-06,0.0,7.523148148148149e-05,1.6111966371536255,5,
shuming_612_00000323,shuming_612_00000323.png,shuming_612_00000323.png,shuming_612_00000323.png,shuming_612_00000323.txt,1080x1920x3,uint8,1080x1920x3,uint8,1080x1920,uint16,0,19998,0.2945027970679012,0.7054972029320987,0.0,0.0,1.4467592592592592e-06,1.5485156774520874,7,
shuming_614_00000279,shuming_614_00000279.png,shuming_614_00000279.png,shuming_614_00000279.png,shuming_614_00000279.txt,1080x1920x3,uint8,1080x1920x3,uint8,1080x1920,uint16,0,19999,0.2962008101851852,0.7037991898148148,0.0,0.0,9.45216049382716e-05,1.1868373552958171,10,
shuming_620_00000388,shuming_620_00000388.png,shuming_620_00000388.png,shuming_620_00000388.png,shuming_620_00000388.txt,1080x1920x3,uint8,1080x1920x3,uint8,1080x1920,uint16,0,19999,0.2118576388888889,0.7881423611111111,0.0,0.0,4.822530864197531e-07,1.068812072277069,18,
shuming_623_00000091,shuming_623_00000091.png,shuming_623_00000091.png,shuming_623_00000091.png,shuming_623_00000091.txt,1080x1920x3,uint8,1080x1920x3,uint8,1080x1920,uint16,0,19999,0.17268663194444445,0.8273133680555556,0.0,0.0,0.00011574074074074075,1.4147353967030842,11,
shuming_633_00000140,shuming_633_00000140.png,shuming_633_00000140.png,shuming_633_00000140.png,shuming_633_00000140.txt,1080x1920x3,uint8,1080x1920x3,uint8,1080x1920,uint16,0,19999,0.31785300925925924,0.6821469907407407,0.0,0.0,0.001687403549382716,1.6577764749526978,2,
shuming_636_00000001,shuming_636_00000001.png,shuming_636_00000001.png,shuming_636_00000001.png,shuming_636_00000001.txt,1080x1920x3,uint8,1080x1920x3,uint8,1080x1920,uint16,0,19999,0.28260850694444445,0.7173914930555556,0.0,0.0,0.00753858024691358,1.1032670934995015,2,
shuming_644_00000222,shuming_644_00000222.png,shuming_644_00000222.png,shuming_644_00000222.png,shuming_644_00000222.txt,1080x1920x3,uint8,1080x1920x3,uint8,1080x1920,uint16,0,19984,0.3539650848765432,0.6451523919753086,0.0008825231481481481,0.0,0.00020543981481481482,1.5775401989618938,1,
shuming_646_00000275,shuming_646_00000275.png,shuming_646_00000275.png,shuming_646_00000275.png,shuming_646_00000275.txt,1080x1920x3,uint8,1080x1920x3,uint8,1080x1920,uint16,0,19997,0.18643180941358026,0.8135681905864197,0.0,0.0,0.0008236882716049382,1.4660474459330242,1,
shuming_650_00000356,shuming_650_00000356.png,shuming_650_00000356.png,shuming_650_00000356.png,shuming_650_00000356.txt,1080x1920x3,uint8,1080x1920x3,uint8,1080x1920,uint16,0,14630,0.1800612461419753,0.8199387538580247,0.0,0.0,0.000232445987654321,1.4655732313791912,1,
shuming_653_00000015,shuming_653_00000015.png,shuming_653_00000015.png,shuming_653_00000015.png,shuming_653_00000015.txt,1080x1920x3,uint8,1080x1920x3,uint8,1080x1920,uint16,0,19999,0.10512249228395061,0.8948775077160493,0.0,0.0,0.0018725887345679012,0.9135934511820475,2,
shuming_655_00000135,shuming_655_00000135.png,shuming_655_00000135.png,shuming_655_00000135.png,shuming_655_00000135.txt,1080x1920x3,uint8,1080x1920x3,uint8,1080x1920,uint16,0,19999,0.08451147762345679,0.9154885223765432,0.0,0.0,0.012292631172839507,0.9950022498766581,6,
shuming_656_00000242,shuming_656_00000242.png,shuming_656_00000242.png,shuming_656_00000242.png,shuming_656_00000242.txt,1080x1920x3,uint8,1080x1920x3,uint8,1080x1920,uint16,0,19999,0.33154417438271605,0.668455825617284,0.0,0.0,0.015050154320987654,0.7670209606488546,2,
shuming_661_00000179,shuming_661_00000179.png,shuming_661_00000179.png,shuming_661_00000179.png,shuming_661_00000179.txt,1080x1920x3,uint8,1080x1920x3,uint8,1080x1920,uint16,0,19999,0.35855951003086417,0.6414404899691358,0.0,0.0,0.0005251736111111111,2.779686609903971,5,
shuming_663_00000328,shuming_663_00000328.png,shuming_663_00000328.png,shuming_663_00000328.png,shuming_663_00000328.txt,1080x1920x3,uint8,1080x1920x3,uint8,1080x1920,uint16,0,19999,0.37580439814814814,0.6241956018518519,0.0,0.0,1.2056327160493826e-05,2.8035902182261148,4,
shuming_666_00000215,shuming_666_00000215.png,shuming_666_00000215.png,shuming_666_00000215.png,shuming_666_00000215.txt,1080x1920x3,uint8,1080x1920x3,uint8,1080x1920,uint16,0,19999,0.19321421682098766,0.806752025462963,3.375771604938271e-05,0.0,0.00016493055555555556,1.9135676622390747,1,
shuming_669_00000191,shuming_669_00000191.png,shuming_669_00000191.png,shuming_669_00000191.png,shuming_669_00000191.txt,1080x1920x3,uint8,1080x1920x3,uint8,1080x1920,uint16,0,19999,0.5666825810185185,0.43331741898148146,0.0,0.0,0.0001470871913580247,2.786487897237142,14,
shuming_681_00000137,shuming_681_00000137.png,shuming_681_00000137.png,shuming_681_00000137.png,shuming_681_00000137.txt,1080x1920x3,uint8,1080x1920x3,uint8,1080x1920,uint16,0,19999,0.2925805362654321,0.7074194637345679,0.0,0.0,0.0004195601851851852,1.6481825510660808,7,
shuming_682_00000056,shuming_682_00000056.png,shuming_682_00000056.png,shuming_682_00000056.png,shuming_682_00000056.txt,1080x1920x3,uint8,1080x1920x3,uint8,1080x1920,uint16,0,19999,0.3195442708333333,0.6804557291666666,0.0,0.0,0.0,1.4737268686294556,6,
shuming_683_00000020,shuming_683_00000020.png,shuming_683_00000020.png,shuming_683_00000020.png,shuming_683_00000020.txt,1080x1920x3,uint8,1080x1920x3,uint8,1080x1920,uint16,0,19999,0.49486448688271606,0.505135513117284,0.0,0.0,0.0001171875,1.525366226832072,11,
shuming_684_00000195,shuming_684_00000195.png,shuming_684_00000195.png,shuming_684_00000195.png,shuming_684_00000195.txt,1080x1920x3,uint8,1080x1920x3,uint8,1080x1920,uint16,0,19998,0.0642361111111111,0.9357638888888888,0.0,0.0,0.00034673996913580247,1.4865316152572632,6,
shuming_688_00000175,shuming_688_00000175.png,shuming_688_00000175.png,shuming_688_00000175.png,shuming_688_00000175.txt,1080x1920x3,uint8,1080x1920x3,uint8,1080x1920,uint16,0,19999,0.23590181327160495,0.764098186728395,0.0,0.0,0.008984375,3.142492651939392,10,
shuming_689_00000027,shuming_689_00000027.png,shuming_689_00000027.png,shuming_689_00000027.png,shuming_689_00000027.txt,1080x1920x3,uint8,1080x1920x3,uint8,1080x1920,uint16,0,19999,0.48048996913580244,0.5195100308641976,0.0,0.0,0.00028115354938271605,2.2835506598154702,35,
shuming_690_00000082,shuming_690_00000082.png,shuming_690_00000082.png,shuming_690_00000082.png,shuming_690_00000082.txt,1080x1920x3,uint8,1080x1920x3,uint8,1080x1920,uint16,0,19999,0.4784177276234568,0.5215822723765432,0.0,0.0,0.000388695987654321,2.021709760030111,30,
shuming_694_00000171,shuming_694_00000171.png,shuming_694_00000171.png,shuming_694_00000171.png,shuming_694_00000171.txt,1080x1920x3,uint8,1080x1920x3,uint8,1080x1920,uint16,0,19999,0.4069960455246914,0.5930039544753086,0.0,0.0,6.558641975308642e-05,2.2618981997172036,41,
shuming_695_00000360,shuming_695_00000360.png,shuming_695_00000360.png,shuming_695_00000360.png,shuming_695_00000360.txt,1080x1920x3,uint8,1080x1920x3,uint8,1080x1920,uint16,0,19999,0.4013233024691358,0.5986766975308642,0.0,0.0,8.101851851851852e-05,2.318223714828491,33,
shuming_698_00000001,shuming_698_00000001.png,shuming_698_00000001.png,shuming_698_00000001.png,shuming_698_00000001.txt,1080x1920x3,uint8,1080x1920x3,uint8,1080x1920,uint16,0,19999,0.5283622685185185,0.47163773148148147,0.0,0.0,8.198302469135803e-06,2.2801710764567056,29,
shuming_706_00000375,shuming_706_00000375.png,shuming_706_00000375.png,shuming_706_00000375.png,shuming_706_00000375.txt,1080x1920x3,uint8,1080x1920x3,uint8,1080x1920,uint16,0,19999,0.5618065200617284,0.4381934799382716,0.0,0.0,1.9290123456790124e-06,0.7893303434054056,5,
shuming_726_00000312,shuming_726_00000312.png,shuming_726_00000312.png,shuming_726_00000312.png,shuming_726_00000312.txt,1080x1920x3,uint8,1080x1920x3,uint8,1080x1920,uint16,0,19999,0.11459153163580246,0.8854084683641975,0.0,0.0,4.822530864197531e-07,1.9325109720230103,5,
shuming_728_00000270,shuming_728_00000270.png,shuming_728_00000270.png,shuming_728_00000270.png,shuming_728_00000270.txt,1080x1920x3,uint8,1080x1920x3,uint8,1080x1920,uint16,0,14371,0.060887827932098765,0.9391121720679012,0.0,0.0,0.0,2.033563176790873,5,
shuming_729_00000290,shuming_729_00000290.png,shuming_729_00000290.png,shuming_729_00000290.png,shuming_729_00000290.txt,1080x1920x3,uint8,1080x1920x3,uint8,1080x1920,uint16,0,19999,0.22975887345679014,0.7702411265432099,0.0,0.0,0.0,1.1421511769294739,7,
shuming_731_00000492,shuming_731_00000492.png,shuming_731_00000492.png,shuming_731_00000492.png,shuming_731_00000492.txt,1080x1920x3,uint8,1080x1920x3,uint8,1080x1920,uint16,0,19999,0.35389660493827163,0.6461033950617284,0.0,0.0,2.0736882716049384e-05,0.9737191398938497,7,
shuming_736_00000331,shuming_736_00000331.png,shuming_736_00000331.png,shuming_736_00000331.png,shuming_736_00000331.txt,1080x1920x3,uint8,1080x1920x3,uint8,1080x1920,uint16,0,19999,0.3946455439814815,0.6053544560185186,0.0,0.0,6.26929012345679e-06,1.1467958688735962,13,
shuming_739_00000351,shuming_739_00000351.png,shuming_739_00000351.png,shuming_739_00000351.png,shuming_739_00000351.txt,1080x1920x3,uint8,1080x1920x3,uint8,1080x1920,uint16,0,19999,0.7472106481481482,0.25278935185185186,0.0,0.0,6.26929012345679e-06,0.7181593974431356,13,
shuming_740_00000276,shuming_740_00000276.png,shuming_740_00000276.png,shuming_740_00000276.png,shuming_740_00000276.txt,1080x1920x3,uint8,1080x1920x3,uint8,1080x1920,uint16,0,19999,0.6767597415123456,0.3232402584876543,0.0,0.0,1.9290123456790124e-06,0.8016113638877869,16,
shuming_746_00000017,shuming_746_00000017.png,shuming_746_00000017.png,shuming_746_00000017.png,shuming_746_00000017.txt,1080x1920x3,uint8,1080x1920x3,uint8,1080x1920,uint16,0,19999,0.6201234567901235,0.3798765432098765,0.0,0.0,8.198302469135803e-06,1.0298916498819988,16,
shuming_747_00000093,shuming_747_00000093.png,shuming_747_00000093.png,shuming_747_00000093.png,shuming_747_00000093.txt,1080x1920x3,uint8,1080x1920x3,uint8,1080x1920,uint16,0,19999,0.5533868634259259,0.4466131365740741,0.0,0.0,0.0,1.1016017198562622,14,
shuming_751_00000135,shuming_751_00000135.png,shuming_751_00000135.png,shuming_751_00000135.png,shuming_751_00000135.txt,1080x1920x3,uint8,1080x1920x3,uint8,1080x1920,uint16,0,19999,0.4579123263888889,0.5420876736111111,0.0,0.0,0.00013310185185185186,1.7634944121042888,6,
shuming_753_00000172,shuming_753_00000172.png,shuming_753_00000172.png,shuming_753_00000172.png,shuming_753_00000172.txt,1080x1920x3,uint8,1080x1920x3,uint8,1080x1920,uint16,0,19999,0.35021267361111114,0.6497873263888889,0.0,0.0,6.558641975308642e-05,2.1666541496912637,4,
shuming_755_00000284,shuming_755_00000284.png,shuming_755_00000284.png,shuming_755_00000284.png,shuming_755_00000284.txt,1080x1920x3,uint8,1080x1920x3,uint8,1080x1920,uint16,0,19999,0.3747738233024691,0.6252261766975309,0.0,0.0,2.845293209876543e-05,2.1761895418167114,5,
shuming_757_00000038,shuming_757_00000038.png,shuming_757_00000038.png,shuming_757_00000038.png,shuming_757_00000038.txt,1080x1920x3,uint8,1080x1920x3,uint8,1080x1920,uint16,0,19999,0.28150028935185184,0.7184997106481481,0.0,0.0,0.00010850694444444444,3.5570383071899414,1,
shuming_758_00000371,shuming_758_00000371.png,shuming_758_00000371.png,shuming_758_00000371.png,shuming_758_00000371.txt,1080x1920x3,uint8,1080x1920x3,uint8,1080x1920,uint16,0,19999,0.3312475887345679,0.6687524112654321,0.0,0.0,0.0004345100308641975,3.0808844566345215,1,
shuming_759_00000234,shuming_759_00000234.png,shuming_759_00000234.png,shuming_759_00000234.png,shuming_759_00000234.txt,1080x1920x3,uint8,1080x1920x3,uint8,1080x1920,uint16,0,19999,0.29898292824074074,0.7010170717592593,0.0,0.0,0.0003481867283950617,2.919611930847168,1,
shuming_763_00000009,shuming_763_00000009.png,shuming_763_00000009.png,shuming_763_00000009.png,shuming_763_00000009.txt,1080x1920x3,uint8,1080x1920x3,uint8,1080x1920,uint16,0,14645,0.42091917438271603,0.5790808256172839,0.0,0.0,0.00015287422839506173,1.6488640705744426,3,
shuming_765_00000301,shuming_765_00000301.png,shuming_765_00000301.png,shuming_765_00000301.png,shuming_765_00000301.txt,1080x1920x3,uint8,1080x1920x3,uint8,1080x1920,uint16,0,19999,0.4134548611111111,0.5865451388888889,0.0,0.0,4.822530864197531e-07,2.424822529157003,12,
shuming_767_00000426,shuming_767_00000426.png,shuming_767_00000426.png,shuming_767_00000426.png,shuming_767_00000426.txt,1080x1920x3,uint8,1080x1920x3,uint8,1080x1920,uint16,0,19999,0.3903231095679012,0.6096768904320987,0.0,0.0,0.00027295524691358026,2.6538917620976767,12,
shuming_769_00000187,shuming_769_00000187.png,shuming_769_00000187.png,shuming_769_00000187.png,shuming_769_00000187.txt,1080x1920x3,uint8,1080x1920x3,uint8,1080x1920,uint16,0,19999,0.3779542824074074,0.6220457175925926,0.0,0.0,0.0017944637345679011,1.789320985476176,7,
shuming_770_00000007,shuming_770_00000007.png,shuming_770_00000007.png,shuming_770_00000007.png,shuming_770_00000007.txt,1080x1920x3,uint8,1080x1920x3,uint8,1080x1920,uint16,0,19999,0.4336260609567901,0.5663739390432099,0.0,0.0,8.198302469135803e-06,1.8327677647272747,7,
shuming_774_00000273,shuming_774_00000273.png,shuming_774_00000273.png,shuming_774_00000273.png,shuming_774_00000273.txt,1080x1920x3,uint8,1080x1920x3,uint8,1080x1920,uint16,0,19999,0.7563633294753086,0.24363667052469135,0.0,0.0,0.0013488618827160494,2.5651398499806723,6,
shuming_779_00000254,shuming_779_00000254.png,shuming_779_00000254.png,shuming_779_00000254.png,shuming_779_00000254.txt,1080x1920x3,uint8,1080x1920x3,uint8,1080x1920,uint16,0,19999,0.8471720679012346,0.15282793209876544,0.0,0.0,0.000665991512345679,3.5841734409332275,9,
shuming_780_00000323,shuming_780_00000323.png,shuming_780_00000323.png,shuming_780_00000323.png,shuming_780_00000323.txt,1080x1920x3,uint8,1080x1920x3,uint8,1080x1920,uint16,0,19999,0.8561183449074075,0.1438816550925926,0.0,0.0,0.0035947145061728395,3.003766973813375,8,
shuming_783_00000248,shuming_783_00000248.png,shuming_783_00000248.png,shuming_783_00000248.png,shuming_783_00000248.txt,1080x1920x3,uint8,1080x1920x3,uint8,1080x1920,uint16,0,19999,0.5088850308641976,0.4911149691358025,0.0,0.0,0.0005324074074074074,1.2957831621170044,3,
shuming_785_00000079,shuming_785_00000079.png,shuming_785_00000079.png,shuming_785_00000079.png,shuming_785_00000079.txt,1080x1920x3,uint8,1080x1920x3,uint8,1080x1920,uint16,0,19999,0.4015036651234568,0.5984963348765432,0.0,0.0,0.00019386574074074073,0.736092766125997,3,
shuming_790_00000023,shuming_790_00000023.png,shuming_790_00000023.png,shuming_790_00000023.png,shuming_790_00000023.txt,1080x1920x3,uint8,1080x1920x3,uint8,1080x1920,uint16,0,19999,0.09544801311728394,0.9045519868827161,0.0,0.0,2.7006172839506174e-05,1.5157308181126912,3,
shuming_793_00000117,shuming_793_00000117.png,shuming_793_00000117.png,shuming_793_00000117.png,shuming_793_00000117.txt,1080x1920x3,uint8,1080x1920x3,uint8,1080x1920,uint16,0,19999,0.8015552662037037,0.1984447337962963,0.0,0.0,0.010580632716049383,1.6682397723197937,6,
shuming_803_00000317,shuming_803_00000317.png,shuming_803_00000317.png,shuming_803_00000317.png,shuming_803_00000317.txt,1080x1920x3,uint8,1080x1920x3,uint8,1080x1920,uint16,0,19999,0.21555796682098766,0.7844420331790124,0.0,0.0,0.0,1.8930230935414631,9,
shuming_808_00000046,shuming_808_00000046.png,shuming_808_00000046.png,shuming_808_00000046.png,shuming_808_00000046.txt,1080x1920x3,uint8,1080x1920x3,uint8,1080x1920,uint16,0,19999,0.08140528549382715,0.9185947145061728,0.0,0.0,6.99266975308642e-05,1.3341994682947795,5,
shuming_810_00000222,shuming_810_00000222.png,shuming_810_00000222.png,shuming_810_00000222.png,shuming_810_00000222.txt,1080x1920x3,uint8,1080x1920x3,uint8,1080x1920,uint16,0,19999,0.22584104938271604,0.7741589506172839,0.0,0.0,0.0008786651234567901,2.316944440205892,4,
shuming_813_00000275,shuming_813_00000275.png,shuming_813_00000275.png,shuming_813_00000275.png,shuming_813_00000275.txt,1080x1920x3,uint8,1080x1920x3,uint8,1080x1920,uint16,0,19999,0.3993923611111111,0.6006076388888889,0.0,0.0,0.00012297453703703702,1.9234899679819744,2,
shuming_814_00000194,shuming_814_00000194.png,shuming_814_00000194.png,shuming_814_00000194.png,shuming_814_00000194.txt,1080x1920x3,uint8,1080x1920x3,uint8,1080x1920,uint16,0,19999,0.45131413966049383,0.5486858603395062,0.0,0.0,4.5814043209876546e-05,2.1795425017674765,1,
shuming_815_00000038,shuming_815_00000038.png,shuming_815_00000038.png,shuming_815_00000038.png,shuming_815_00000038.txt,1080x1920x3,uint8,1080x1920x3,uint8,1080x1920,uint16,0,19999,0.3164549575617284,0.6835450424382716,0.0,0.0,2.1219135802469135e-05,1.6607214609781902,2,
shuming_823_00000017,shuming_823_00000017.png,shuming_823_00000017.png,shuming_823_00000017.png,shuming_823_00000017.txt,1080x1920x3,uint8,1080x1920x3,uint8,1080x1920,uint16,0,19999,0.4669053819444444,0.5330946180555556,0.0,0.0,6.26929012345679e-06,1.6849498748779297,3,
shuming_825_00000172,shuming_825_00000172.png,shuming_825_00000172.png,shuming_825_00000172.png,shuming_825_00000172.txt,1080x1920x3,uint8,1080x1920x3,uint8,1080x1920,uint16,0,19996,0.22495032793209876,0.7750496720679012,0.0,0.0,0.00016203703703703703,1.4969720840454102,4,
shuming_826_00000213,shuming_826_00000213.png,shuming_826_00000213.png,shuming_826_00000213.png,shuming_826_00000213.txt,1080x1920x3,uint8,1080x1920x3,uint8,1080x1920,uint16,0,19999,0.2788864776234568,0.7211135223765432,0.0,0.0,0.00018518518518518518,1.726155201594035,5,
shuming_829_00000328,shuming_829_00000328.png,shuming_829_00000328.png,shuming_829_00000328.png,shuming_829_00000328.txt,1080x1920x3,uint8,1080x1920x3,uint8,1080x1920,uint16,0,19996,0.0323461612654321,0.9676538387345679,0.0,0.0,1.8325617283950617e-05,3.826500495274862,1,
shuming_830_00000326,shuming_830_00000326.png,shuming_830_00000326.png,shuming_830_00000326.png,shuming_830_00000326.txt,1080x1920x3,uint8,1080x1920x3,uint8,1080x1920,uint16,0,11698,0.024365354938271605,0.9756346450617284,0.0,0.0,4.822530864197531e-07,3.681985855102539,1,
shuming_831_00000084,shuming_831_00000084.png,shuming_831_00000084.png,shuming_831_00000084.png,shuming_831_00000084.txt,1080x1920x3,uint8,1080x1920x3,uint8,1080x1920,uint16,0,19999,0.036097608024691356,0.9639023919753087,0.0,0.0,0.0,2.8060497442881265,1,
shuming_837_00000121,shuming_837_00000121.png,shuming_837_00000121.png,shuming_837_00000121.png,shuming_837_00000121.txt,1080x1920x3,uint8,1080x1920x3,uint8,1080x1920,uint16,0,19999,0.3783632330246914,0.6216367669753087,0.0,0.0,5.497685185185185e-05,2.4658638636271157,4,
shuming_838_00000381,shuming_838_00000381.png,shuming_838_00000381.png,shuming_838_00000381.png,shuming_838_00000381.txt,1080x1920x3,uint8,1080x1920x3,uint8,1080x1920,uint16,0,19999,0.42951581790123455,0.5704841820987654,0.0,0.0,0.000193383487654321,2.129584630330404,5,
shuming_839_00000041,shuming_839_00000041.png,shuming_839_00000041.png,shuming_839_00000041.png,shuming_839_00000041.txt,1080x1920x3,uint8,1080x1920x3,uint8,1080x1920,uint16,0,19999,0.33871913580246915,0.6612808641975308,0.0,0.0,0.00033661265432098766,2.1413557529449463,5,
shuming_842_00000030,shuming_842_00000030.png,shuming_842_00000030.png,shuming_842_00000030.png,shuming_842_00000030.txt,1080x1920x3,uint8,1080x1920x3,uint8,1080x1920,uint16,0,19999,0.1613016010802469,0.8386983989197531,0.0,0.0,1.398533950617284e-05,1.7841197649637859,5,
shuming_843_00000266,shuming_843_00000266.png,shuming_843_00000266.png,shuming_843_00000266.png,shuming_843_00000266.txt,1080x1920x3,uint8,1080x1920x3,uint8,1080x1920,uint16,0,19999,0.16967930169753087,0.8303206983024691,0.0,0.0,0.005137924382716049,1.7331095536549885,5,
shuming_862_00000056,shuming_862_00000056.png,shuming_862_00000056.png,shuming_862_00000056.png,shuming_862_00000056.txt,1080x1920x3,uint8,1080x1920x3,uint8,1080x1920,uint16,0,19999,0.04796923225308642,0.9520307677469135,0.0,0.0,0.008915895061728395,3.4597109953562417,2,
shuming_864_00000195,shuming_864_00000195.png,shuming_864_00000195.png,shuming_864_00000195.png,shuming_864_00000195.txt,1080x1920x3,uint8,1080x1920x3,uint8,1080x1920,uint16,0,18401,0.041164158950617286,0.9588358410493827,0.0,0.0,0.007386188271604938,2.952504515647888,1,
shuming_888_00000023,shuming_888_00000023.png,shuming_888_00000023.png,shuming_888_00000023.png,shuming_888_00000023.txt,1080x1920x3,uint8,1080x1920x3,uint8,1080x1920,uint16,0,14013,0.2857060185185185,0.7142809606481482,1.3020833333333334e-05,0.0,0.01461033950617284,1.1547122399012248,6,bbox_cross_image_boundary_line_2
shuming_890_00000342,shuming_890_00000342.png,shuming_890_00000342.png,shuming_890_00000342.png,shuming_890_00000342.txt,1080x1920x3,uint8,1080x1920x3,uint8,1080x1920,uint16,0,16016,0.28110918209876545,0.7188908179012345,0.0,0.0,0.024604070216049382,1.1324681639671326,7,
shuming_891_00000073,shuming_891_00000073.png,shuming_891_00000073.png,shuming_891_00000073.png,shuming_891_00000073.txt,1080x1920x3,uint8,1080x1920x3,uint8,1080x1920,uint16,0,19840,0.2988377700617284,0.7010228587962963,0.00013937114197530863,0.0,0.022839023919753086,1.231862445672353,6,bbox_cross_image_boundary_line_2
shuming_892_00000065,shuming_892_00000065.png,shuming_892_00000065.png,shuming_892_00000065.png,shuming_892_00000065.txt,1080x1920x3,uint8,1080x1920x3,uint8,1080x1920,uint16,0,14711,0.31971161265432096,0.6802840470679012,4.340277777777778e-06,0.0,0.024443479938271603,1.0820048650105794,5,
shuming_894_00000011,shuming_894_00000011.png,shuming_894_00000011.png,shuming_894_00000011.png,shuming_894_00000011.txt,1080x1920x3,uint8,1080x1920x3,uint8,1080x1920,uint16,0,7626,0.2888585069444444,0.7110440779320988,9.741512345679012e-05,0.0,0.009776234567901235,1.1661638220151265,7,
shuming_900_00000241,shuming_900_00000241.png,shuming_900_00000241.png,shuming_900_00000241.png,shuming_900_00000241.txt,1080x1920x3,uint8,1080x1920x3,uint8,1080x1920,uint16,0,19984,0.2766454475308642,0.7233545524691358,0.0,0.0,0.014345582561728396,1.187780996163686,7,
shuming_901_00000019,shuming_901_00000019.png,shuming_901_00000019.png,shuming_901_00000019.png,shuming_901_00000019.txt,1080x1920x3,uint8,1080x1920x3,uint8,1080x1920,uint16,0,17887,0.28436342592592595,0.7155647183641975,7.18557098765432e-05,0.0,0.01763599537037037,1.1683272123336792,6,
shuming_909_00000270,shuming_909_00000270.png,shuming_909_00000270.png,shuming_909_00000270.png,shuming_909_00000270.txt,1080x1920x3,uint8,1080x1920x3,uint8,1080x1920,uint16,0,11441,0.30233072916666665,0.6976456404320988,2.36304012345679e-05,0.0,0.057372685185185186,1.0358699758847554,6,
shuming_910_00000290,shuming_910_00000290.png,shuming_910_00000290.png,shuming_910_00000290.png,shuming_910_00000290.txt,1080x1920x3,uint8,1080x1920x3,uint8,1080x1920,uint16,0,10365,0.28064332561728395,0.7193152006172839,4.147376543209877e-05,0.0,0.017771026234567902,1.1763615608215332,7,
shuming_911_00000162,shuming_911_00000162.png,shuming_911_00000162.png,shuming_911_00000162.png,shuming_911_00000162.txt,1080x1920x3,uint8,1080x1920x3,uint8,1080x1920,uint16,0,15763,0.2841777584876543,0.7157947530864197,2.7488425925925926e-05,0.0,0.016145351080246912,1.1056706706682842,7,
shuming_917_00000223,shuming_917_00000223.png,shuming_917_00000223.png,shuming_917_00000223.png,shuming_917_00000223.txt,1080x1920x3,uint8,1080x1920x3,uint8,1080x1920,uint16,0,19998,0.2647583912037037,0.7352372685185186,4.340277777777778e-06,0.0,0.023582175925925927,1.2980963587760925,7,
shuming_921_00000342,shuming_921_00000342.png,shuming_921_00000342.png,shuming_921_00000342.png,shuming_921_00000342.txt,1080x1920x3,uint8,1080x1920x3,uint8,1080x1920,uint16,0,6314,0.10548273533950617,0.8945172646604939,0.0,0.0,0.00011332947530864197,3.5536019007364907,2,
shuming_924_00000267,shuming_924_00000267.png,shuming_924_00000267.png,shuming_924_00000267.png,shuming_924_00000267.txt,1080x1920x3,uint8,1080x1920x3,uint8,1080x1920,uint16,0,5557,0.11017023533950618,0.8898297646604938,0.0,0.0,0.00445167824074074,3.6264583667119346,2,
shuming_969_00000275,shuming_969_00000275.png,shuming_969_00000275.png,shuming_969_00000275.png,shuming_969_00000275.txt,1080x1920x3,uint8,1080x1920x3,uint8,1080x1920,uint16,0,19999,0.34687355324074076,0.6531264467592592,0.0,0.0,0.0013903356481481481,3.4603030681610107,17,
shuming_980_00000394,shuming_980_00000394.png,shuming_980_00000394.png,shuming_980_00000394.png,shuming_980_00000394.txt,1080x1920x3,uint8,1080x1920x3,uint8,1080x1920,uint16,0,19999,0.11654562114197531,0.8834543788580247,0.0,0.0,8.777006172839507e-05,1.9127716620763142,1,
shuming_985_00000020,shuming_985_00000020.png,shuming_985_00000020.png,shuming_985_00000020.png,shuming_985_00000020.txt,1080x1920x3,uint8,1080x1920x3,uint8,1080x1920,uint16,0,19999,0.5024811921296296,0.4975188078703704,0.0,0.0,0.00017119984567901236,1.6860866943995159,12,
shuming_987_00000275,shuming_987_00000275.png,shuming_987_00000275.png,shuming_987_00000275.png,shuming_987_00000275.txt,1080x1920x3,uint8,1080x1920x3,uint8,1080x1920,uint16,0,19999,0.6047940779320987,0.3952059220679012,0.0,0.0,9.645061728395062e-07,1.8736236890157063,12,
shuming_988_00000288,shuming_988_00000288.png,shuming_988_00000288.png,shuming_988_00000288.png,shuming_988_00000288.txt,1080x1920x3,uint8,1080x1920x3,uint8,1080x1920,uint16,0,19999,0.6263710455246914,0.37362895447530864,0.0,0.0,0.0,1.7972820202509563,10,
shuming_989_00000171,shuming_989_00000171.png,shuming_989_00000171.png,shuming_989_00000171.png,shuming_989_00000171.txt,1080x1920x3,uint8,1080x1920x3,uint8,1080x1920,uint16,0,19999,0.7062249228395062,0.29377507716049384,0.0,0.0,2.170138888888889e-05,2.1081883907318115,10,
shuming_1001_00000447,shuming_1001_00000447.png,shuming_1001_00000447.png,shuming_1001_00000447.png,shuming_1001_00000447.txt,1080x1920x3,uint8,1080x1920x3,uint8,1080x1920,uint16,0,19999,0.16122685185185184,0.8387731481481482,0.0,0.0,0.0001953125,2.8026791413625083,16,
shuming_1005_00000004,shuming_1005_00000004.png,shuming_1005_00000004.png,shuming_1005_00000004.png,shuming_1005_00000004.txt,1080x1920x3,uint8,1080x1920x3,uint8,1080x1920,uint16,0,19999,0.17697145061728395,0.8230285493827161,0.0,0.0,1.3503086419753087e-05,2.447392304738363,28,
shuming_1007_00000230,shuming_1007_00000230.png,shuming_1007_00000230.png,shuming_1007_00000230.png,shuming_1007_00000230.txt,1080x1920x3,uint8,1080x1920x3,uint8,1080x1920,uint16,0,19999,0.1523360339506173,0.8476639660493828,0.0,0.0,0.0,2.7381176153818765,29,
shuming_1013_00000065,shuming_1013_00000065.png,shuming_1013_00000065.png,shuming_1013_00000065.png,shuming_1013_00000065.txt,1080x1920x3,uint8,1080x1920x3,uint8,1080x1920,uint16,0,19999,0.12622347608024692,0.8737765239197531,0.0,0.0,4.822530864197531e-07,2.5356809298197427,7,
shuming_1018_00000294,shuming_1018_00000294.png,shuming_1018_00000294.png,shuming_1018_00000294.png,shuming_1018_00000294.txt,1080x1920x3,uint8,1080x1920x3,uint8,1080x1920,uint16,0,19999,0.1536892361111111,0.8463107638888889,0.0,0.0,3.375771604938272e-06,1.6370608011881511,12,
shuming_1022_00000429,shuming_1022_00000429.png,shuming_1022_00000429.png,shuming_1022_00000429.png,shuming_1022_00000429.txt,1080x1920x3,uint8,1080x1920x3,uint8,1080x1920,uint16,0,19999,0.2821436149691358,0.7178563850308642,0.0,0.0,0.0,2.162696123123169,4,
shuming_1027_00000268,shuming_1027_00000268.png,shuming_1027_00000268.png,shuming_1027_00000268.png,shuming_1027_00000268.txt,1080x1920x3,uint8,1080x1920x3,uint8,1080x1920,uint16,0,19999,0.08258005401234568,0.9174199459876543,0.0,0.0,3.375771604938271e-05,2.354856292406718,1,
shuming_1028_00000411,shuming_1028_00000411.png,shuming_1028_00000411.png,shuming_1028_00000411.png,shuming_1028_00000411.txt,1080x1920x3,uint8,1080x1920x3,uint8,1080x1920,uint16,0,19999,0.18522810570987655,0.8147718942901234,0.0,0.0,5.787037037037037e-06,2.0726687908172607,6,
shuming_1029_00000248,shuming_1029_00000248.png,shuming_1029_00000248.png,shuming_1029_00000248.png,shuming_1029_00000248.txt,1080x1920x3,uint8,1080x1920x3,uint8,1080x1920,uint16,0,19999,0.061869212962962966,0.938130787037037,0.0,0.0,1.3020833333333334e-05,2.608151992162069,3,
shuming_1031_00000312,shuming_1031_00000312.png,shuming_1031_00000312.png,shuming_1031_00000312.png,shuming_1031_00000312.txt,1080x1920x3,uint8,1080x1920x3,uint8,1080x1920,uint16,0,19999,0.0580811149691358,0.9419188850308642,0.0,0.0,0.0,3.057940443356832,2,
shuming_1037_00000263,shuming_1037_00000263.png,shuming_1037_00000263.png,shuming_1037_00000263.png,shuming_1037_00000263.txt,1080x1920x3,uint8,1080x1920x3,uint8,1080x1920,uint16,0,19999,0.1871170910493827,0.8128829089506173,0.0,0.0,0.0,2.5448253949483237,6,
shuming_1038_00000223,shuming_1038_00000223.png,shuming_1038_00000223.png,shuming_1038_00000223.png,shuming_1038_00000223.txt,1080x1920x3,uint8,1080x1920x3,uint8,1080x1920,uint16,0,19999,0.12444540895061729,0.8755545910493827,0.0,0.0,2.4112654320987654e-06,1.8778053919474285,1,
shuming_1040_00000267,shuming_1040_00000267.png,shuming_1040_00000267.png,shuming_1040_00000267.png,shuming_1040_00000267.txt,1080x1920x3,uint8,1080x1920x3,uint8,1080x1920,uint16,0,19999,0.1500704089506173,0.8499295910493827,0.0,0.0,1.9772376543209878e-05,2.2803295453389487,4,
shuming_1041_00000343,shuming_1041_00000343.png,shuming_1041_00000343.png,shuming_1041_00000343.png,shuming_1041_00000343.txt,1080x1920x3,uint8,1080x1920x3,uint8,1080x1920,uint16,0,19999,0.0976832561728395,0.9023167438271605,0.0,0.0,8.198302469135803e-06,2.154506802558899,2,
shuming_1042_00000215,shuming_1042_00000215.png,shuming_1042_00000215.png,shuming_1042_00000215.png,shuming_1042_00000215.txt,1080x1920x3,uint8,1080x1920x3,uint8,1080x1920,uint16,0,19999,0.14478009259259259,0.8552199074074074,0.0,0.0,2.4112654320987653e-05,2.4288734594980874,2,
shuming_1045_00000017,shuming_1045_00000017.png,shuming_1045_00000017.png,shuming_1045_00000017.png,shuming_1045_00000017.txt,1080x1920x3,uint8,1080x1920x3,uint8,1080x1920,uint16,0,19999,0.19287905092592592,0.8071209490740741,0.0,0.0,0.0006196952160493827,0.9909564852714539,13,
shuming_1049_00000372,shuming_1049_00000372.png,shuming_1049_00000372.png,shuming_1049_00000372.png,shuming_1049_00000372.txt,1080x1920x3,uint8,1080x1920x3,uint8,1080x1920,uint16,0,19999,0.12222463348765432,0.8777753665123457,0.0,0.0,0.00021219135802469136,1.0807069738705952,5,
shuming_1062_00000100,shuming_1062_00000100.png,shuming_1062_00000100.png,shuming_1062_00000100.png,shuming_1062_00000100.txt,1080x1920x3,uint8,1080x1920x3,uint8,1080x1920,uint16,0,19999,0.6078346836419753,0.3921653163580247,0.0,0.0,9.645061728395062e-07,2.864638328552246,6,
shuming_1063_00000147,shuming_1063_00000147.png,shuming_1063_00000147.png,shuming_1063_00000147.png,shuming_1063_00000147.txt,1080x1920x3,uint8,1080x1920x3,uint8,1080x1920,uint16,0,19999,0.5919540895061728,0.40804591049382716,0.0,0.0,2.2665895061728396e-05,2.9212812582651773,10,
shuming_1064_00000087,shuming_1064_00000087.png,shuming_1064_00000087.png,shuming_1064_00000087.png,shuming_1064_00000087.txt,1080x1920x3,uint8,1080x1920x3,uint8,1080x1920,uint16,0,19999,0.7060951967592592,0.29390480324074075,0.0,0.0,1.9772376543209878e-05,2.7627201875050864,9,
shuming_1069_00000322,shuming_1069_00000322.png,shuming_1069_00000322.png,shuming_1069_00000322.png,shuming_1069_00000322.txt,1080x1920x3,uint8,1080x1920x3,uint8,1080x1920,uint16,0,19999,0.5957793209876543,0.40422067901234565,0.0,0.0,1.0609567901234568e-05,3.0057674249013266,11,
shuming_1071_00000007,shuming_1071_00000007.png,shuming_1071_00000007.png,shuming_1071_00000007.png,shuming_1071_00000007.txt,1080x1920x3,uint8,1080x1920x3,uint8,1080x1920,uint16,0,19999,0.5015702160493827,0.49842978395061727,0.0,0.0,2.8935185185185184e-06,3.423398017883301,8,
shuming_1074_00000208,shuming_1074_00000208.png,shuming_1074_00000208.png,shuming_1074_00000208.png,shuming_1074_00000208.txt,1080x1920x3,uint8,1080x1920x3,uint8,1080x1920,uint16,0,19999,0.2503409529320988,0.7496590470679012,0.0,0.0,0.00478443287037037,1.4300501942634583,7,
shuming_1075_00000273,shuming_1075_00000273.png,shuming_1075_00000273.png,shuming_1075_00000273.png,shuming_1075_00000273.txt,1080x1920x3,uint8,1080x1920x3,uint8,1080x1920,uint16,0,19999,0.2837393904320988,0.7162606095679013,0.0,0.0,6.124614197530864e-05,1.5152221123377483,4,
shuming_1076_00000257,shuming_1076_00000257.png,shuming_1076_00000257.png,shuming_1076_00000257.png,shuming_1076_00000257.txt,1080x1920x3,uint8,1080x1920x3,uint8,1080x1920,uint16,0,19999,0.4122366898148148,0.5877633101851852,0.0,0.0,4.340277777777778e-06,1.6619782050450642,6,
shuming_1078_00000211,shuming_1078_00000211.png,shuming_1078_00000211.png,shuming_1078_00000211.png,shuming_1078_00000211.txt,1080x1920x3,uint8,1080x1920x3,uint8,1080x1920,uint16,0,19999,0.2584529320987654,0.7415470679012346,0.0,0.0,2.4112654320987653e-05,1.8927002747853596,4,
shuming_1079_00000233,shuming_1079_00000233.png,shuming_1079_00000233.png,shuming_1079_00000233.png,shuming_1079_00000233.txt,1080x1920x3,uint8,1080x1920x3,uint8,1080x1920,uint16,0,19999,0.24608555169753085,0.7539144483024691,0.0,0.0,0.0,1.9951977332433064,7,
shuming_1080_00000016,shuming_1080_00000016.png,shuming_1080_00000016.png,shuming_1080_00000016.png,shuming_1080_00000016.txt,1080x1920x3,uint8,1080x1920x3,uint8,1080x1920,uint16,0,19999,0.2633256172839506,0.7366743827160493,0.0,0.0,0.0004287229938271605,2.0338316758473716,5,
shuming_1083_00000254,shuming_1083_00000254.png,shuming_1083_00000254.png,shuming_1083_00000254.png,shuming_1083_00000254.txt,1080x1920x3,uint8,1080x1920x3,uint8,1080x1920,uint16,0,19999,0.2842915702160494,0.7157084297839507,0.0,0.0,9.645061728395062e-06,2.4012368520100913,7,
shuming_1085_00000369,shuming_1085_00000369.png,shuming_1085_00000369.png,shuming_1085_00000369.png,shuming_1085_00000369.txt,1080x1920x3,uint8,1080x1920x3,uint8,1080x1920,uint16,0,19999,0.45991849922839506,0.5400815007716049,0.0,0.0,4.822530864197531e-06,2.5109883149464927,6,
shuming_1087_00000279,shuming_1087_00000279.png,shuming_1087_00000279.png,shuming_1087_00000279.png,shuming_1087_00000279.txt,1080x1920x3,uint8,1080x1920x3,uint8,1080x1920,uint16,0,19999,0.5129065393518518,0.4870934606481481,0.0,0.0,0.0009919945987654321,2.635946830113729,6,
shuming_1093_00000194,shuming_1093_00000194.png,shuming_1093_00000194.png,shuming_1093_00000194.png,shuming_1093_00000194.txt,1080x1920x3,uint8,1080x1920x3,uint8,1080x1920,uint16,0,19999,0.4465721450617284,0.5534278549382716,0.0,0.0,0.0,1.2761419614156086,4,
shuming_1094_00000385,shuming_1094_00000385.png,shuming_1094_00000385.png,shuming_1094_00000385.png,shuming_1094_00000385.txt,1080x1920x3,uint8,1080x1920x3,uint8,1080x1920,uint16,0,19999,0.6157711226851852,0.3842288773148148,0.0,0.0,0.00013020833333333333,1.4678343335787456,1,
shuming_1095_00000237,shuming_1095_00000237.png,shuming_1095_00000237.png,shuming_1095_00000237.png,shuming_1095_00000237.txt,1080x1920x3,uint8,1080x1920x3,uint8,1080x1920,uint16,0,19999,0.4314347029320988,0.5685652970679013,0.0,0.0,0.0001181520061728395,1.2301186323165894,1,
shuming_1096_00000023,shuming_1096_00000023.png,shuming_1096_00000023.png,shuming_1096_00000023.png,shuming_1096_00000023.txt,1080x1920x3,uint8,1080x1920x3,uint8,1080x1920,uint16,0,19999,0.5454962384259259,0.45450376157407407,0.0,0.0,0.00021460262345679012,1.292608956495921,1,
shuming_1101_00000011,shuming_1101_00000011.png,shuming_1101_00000011.png,shuming_1101_00000011.png,shuming_1101_00000011.txt,1080x1920x3,uint8,1080x1920x3,uint8,1080x1920,uint16,0,19999,0.2480787037037037,0.7519212962962963,0.0,0.0,0.0001644483024691358,1.3526556094487507,5,
shuming_1102_00000132,shuming_1102_00000132.png,shuming_1102_00000132.png,shuming_1102_00000132.png,shuming_1102_00000132.txt,1080x1920x3,uint8,1080x1920x3,uint8,1080x1920,uint16,0,19999,0.35172019675925925,0.6482798032407407,0.0,0.0,6.462191358024691e-05,1.7876388629277546,8,
shuming_1114_00000182,shuming_1114_00000182.png,shuming_1114_00000182.png,shuming_1114_00000182.png,shuming_1114_00000182.txt,1080x1920x3,uint8,1080x1920x3,uint8,1080x1920,uint16,0,19999,0.442914737654321,0.557079475308642,5.787037037037037e-06,0.0,3.568672839506173e-05,2.1096919775009155,3,
shuming_1115_00000363,shuming_1115_00000363.png,shuming_1115_00000363.png,shuming_1115_00000363.png,shuming_1115_00000363.txt,1080x1920x3,uint8,1080x1920x3,uint8,1080x1920,uint16,0,19999,0.43730565200617283,0.5626943479938271,0.0,0.0,3.858024691358025e-06,1.8611976305643718,3,
shuming_1116_00000046,shuming_1116_00000046.png,shuming_1116_00000046.png,shuming_1116_00000046.png,shuming_1116_00000046.txt,1080x1920x3,uint8,1080x1920x3,uint8,1080x1920,uint16,0,19999,0.439975887345679,0.560024112654321,0.0,0.0,2.3148148148148147e-05,2.054935415585836,3,
shuming_1117_00000043,shuming_1117_00000043.png,shuming_1117_00000043.png,shuming_1117_00000043.png,shuming_1117_00000043.txt,1080x1920x3,uint8,1080x1920x3,uint8,1080x1920,uint16,0,19999,0.08780237268518519,0.9121976273148148,0.0,0.0,0.00012876157407407408,1.0979157288869221,2,
shuming_1118_00000222,shuming_1118_00000222.png,shuming_1118_00000222.png,shuming_1118_00000222.png,shuming_1118_00000222.txt,1080x1920x3,uint8,1080x1920x3,uint8,1080x1920,uint16,0,19999,0.2859254436728395,0.7140745563271605,0.0,0.0,4.822530864197531e-06,1.5206578175226848,1,
shuming_1119_00000005,shuming_1119_00000005.png,shuming_1119_00000005.png,shuming_1119_00000005.png,shuming_1119_00000005.txt,1080x1920x3,uint8,1080x1920x3,uint8,1080x1920,uint16,0,19999,0.13241898148148148,0.8675810185185185,0.0,0.0,9.548611111111112e-05,1.3987317085266113,2,
shuming_1132_00000385,shuming_1132_00000385.png,shuming_1132_00000385.png,shuming_1132_00000385.png,shuming_1132_00000385.txt,1080x1920x3,uint8,1080x1920x3,uint8,1080x1920,uint16,0,19999,0.20193769290123456,0.7980623070987655,0.0,0.0,1.398533950617284e-05,2.1763380765914917,6,
shuming_1133_00000288,shuming_1133_00000288.png,shuming_1133_00000288.png,shuming_1133_00000288.png,shuming_1133_00000288.txt,1080x1920x3,uint8,1080x1920x3,uint8,1080x1920,uint16,0,19999,0.5305164930555556,0.46948350694444446,0.0,0.0,4.1956018518518515e-05,2.7414191563924155,1,
shuming_1135_00000213,shuming_1135_00000213.png,shuming_1135_00000213.png,shuming_1135_00000213.png,shuming_1135_00000213.txt,1080x1920x3,uint8,1080x1920x3,uint8,1080x1920,uint16,0,19999,0.4467259837962963,0.5532740162037038,0.0,0.0,8.680555555555556e-06,2.2671287059783936,1,
shuming_1140_00000084,shuming_1140_00000084.png,shuming_1140_00000084.png,shuming_1140_00000084.png,shuming_1140_00000084.txt,1080x1920x3,uint8,1080x1920x3,uint8,1080x1920,uint16,0,19999,0.7426900077160494,0.25730999228395063,0.0,0.0,2.797067901234568e-05,1.9793412685394287,1,
shuming_1143_00000368,shuming_1143_00000368.png,shuming_1143_00000368.png,shuming_1143_00000368.png,shuming_1143_00000368.txt,1080x1920x3,uint8,1080x1920x3,uint8,1080x1920,uint16,0,19999,0.07990258487654321,0.9200974151234568,0.0,0.0,3.375771604938272e-06,0.9925935665766398,6,
shuming_1145_00000074,shuming_1145_00000074.png,shuming_1145_00000074.png,shuming_1145_00000074.png,shuming_1145_00000074.txt,1080x1920x3,uint8,1080x1920x3,uint8,1080x1920,uint16,0,19999,0.019575135030864197,0.9804248649691358,0.0,0.0,1.2056327160493826e-05,1.0116033554077148,1,
shuming_1148_00000041,shuming_1148_00000041.png,shuming_1148_00000041.png,shuming_1148_00000041.png,shuming_1148_00000041.txt,1080x1920x3,uint8,1080x1920x3,uint8,1080x1920,uint16,0,19996,0.0185132137345679,0.9814867862654321,0.0,0.0,0.0,1.1283297936121623,1,
shuming_1152_00000389,shuming_1152_00000389.png,shuming_1152_00000389.png,shuming_1152_00000389.png,shuming_1152_00000389.txt,1080x1920x3,uint8,1080x1920x3,uint8,1080x1920,uint16,0,14413,0.03959876543209877,0.9604012345679013,0.0,0.0,0.00010416666666666667,2.0548903544743857,3,
shuming_1157_00000010,shuming_1157_00000010.png,shuming_1157_00000010.png,shuming_1157_00000010.png,shuming_1157_00000010.txt,1080x1920x3,uint8,1080x1920x3,uint8,1080x1920,uint16,0,16070,0.012013888888888888,0.9879861111111111,0.0,0.0,0.0,1.0075523853302002,3,
shuming_1159_00000050,shuming_1159_00000050.png,shuming_1159_00000050.png,shuming_1159_00000050.png,shuming_1159_00000050.txt,1080x1920x3,uint8,1080x1920x3,uint8,1080x1920,uint16,0,17178,0.013049286265432098,0.9869507137345679,0.0,0.0,1.9290123456790124e-06,1.036540945370992,5,
shuming_1160_00000019,shuming_1160_00000019.png,shuming_1160_00000019.png,shuming_1160_00000019.png,shuming_1160_00000019.txt,1080x1920x3,uint8,1080x1920x3,uint8,1080x1920,uint16,0,15263,0.012126253858024691,0.9878737461419753,0.0,0.0,4.822530864197531e-07,1.038033664226532,6,
shuming_1161_00000200,shuming_1161_00000200.png,shuming_1161_00000200.png,shuming_1161_00000200.png,shuming_1161_00000200.txt,1080x1920x3,uint8,1080x1920x3,uint8,1080x1920,uint16,0,15896,0.19180217978395062,0.807535686728395,0.000662133487654321,0.0,0.000232445987654321,1.9724871118863423,1,
shuming_1169_00000086,shuming_1169_00000086.png,shuming_1169_00000086.png,shuming_1169_00000086.png,shuming_1169_00000086.txt,1080x1920x3,uint8,1080x1920x3,uint8,1080x1920,uint16,0,19999,0.3682952353395062,0.6317047646604939,0.0,0.0,0.0004402970679012346,1.0887204209963481,1,
shuming_1171_00000198,shuming_1171_00000198.png,shuming_1171_00000198.png,shuming_1171_00000198.png,shuming_1171_00000198.txt,1080x1920x3,uint8,1080x1920x3,uint8,1080x1920,uint16,0,19999,0.34403356481481484,0.6559664351851852,0.0,0.0,0.0001615547839506173,1.2144662936528523,1,
shuming_1173_00000032,shuming_1173_00000032.png,shuming_1173_00000032.png,shuming_1173_00000032.png,shuming_1173_00000032.txt,1080x1920x3,uint8,1080x1920x3,uint8,1080x1920,uint16,0,19999,0.2989202353395062,0.7010797646604938,0.0,0.0,0.00044560185185185187,0.9431497653325399,1,
shuming_1177_00000343,shuming_1177_00000343.png,shuming_1177_00000343.png,shuming_1177_00000343.png,shuming_1177_00000343.txt,1080x1920x3,uint8,1080x1920x3,uint8,1080x1920,uint16,0,19999,0.12358024691358024,0.8764197530864197,0.0,0.0,0.010006751543209876,0.7641930182774862,4,
shuming_1178_00000011,shuming_1178_00000011.png,shuming_1178_00000011.png,shuming_1178_00000011.png,shuming_1178_00000011.txt,1080x1920x3,uint8,1080x1920x3,uint8,1080x1920,uint16,0,19999,0.11022569444444444,0.8897743055555556,0.0,0.0,0.03224537037037037,0.8412850300470988,3,
shuming_1180_00000231,shuming_1180_00000231.png,shuming_1180_00000231.png,shuming_1180_00000231.png,shuming_1180_00000231.txt,1080x1920x3,uint8,1080x1920x3,uint8,1080x1920,uint16,0,19999,0.14217881944444444,0.8578211805555556,0.0,0.0,0.04345582561728395,0.7222881317138672,4,
shuming_1186_00000156,shuming_1186_00000156.png,shuming_1186_00000156.png,shuming_1186_00000156.png,shuming_1186_00000156.txt,1080x1920x3,uint8,1080x1920x3,uint8,1080x1920,uint16,0,19999,0.08095437885802469,0.9190456211419753,0.0,0.0,0.020146122685185185,0.8643158276875814,4,
shuming_1189_00000082,shuming_1189_00000082.png,shuming_1189_00000082.png,shuming_1189_00000082.png,shuming_1189_00000082.txt,1080x1920x3,uint8,1080x1920x3,uint8,1080x1920,uint16,0,19999,0.13428819444444445,0.8657118055555556,0.0,0.0,0.003951581790123457,0.8425813317298889,3,
shuming_1190_00000268,shuming_1190_00000268.png,shuming_1190_00000268.png,shuming_1190_00000268.png,shuming_1190_00000268.txt,1080x1920x3,uint8,1080x1920x3,uint8,1080x1920,uint16,0,19999,0.12353684413580247,0.8764631558641975,0.0,0.0,0.03515190972222222,0.8133169213930765,4,
shuming_1198_00000108,shuming_1198_00000108.png,shuming_1198_00000108.png,shuming_1198_00000108.png,shuming_1198_00000108.txt,1080x1920x3,uint8,1080x1920x3,uint8,1080x1920,uint16,0,9927,0.06864438657407407,0.9313556134259259,0.0,0.0,0.0001297260802469136,0.7308632334073385,14,
shuming_1199_00000559,shuming_1199_00000559.png,shuming_1199_00000559.png,shuming_1199_00000559.png,shuming_1199_00000559.txt,1080x1920x3,uint8,1080x1920x3,uint8,1080x1920,uint16,0,9639,0.08976032021604938,0.9102396797839506,0.0,0.0,1.4467592592592592e-06,0.7429980039596558,15,
shuming_1201_00000116,shuming_1201_00000116.png,shuming_1201_00000116.png,shuming_1201_00000116.png,shuming_1201_00000116.txt,1080x1920x3,uint8,1080x1920x3,uint8,1080x1920,uint16,0,12144,0.0631201774691358,0.9368798225308642,0.0,0.0,0.00012201003086419753,0.7350199321905772,14,
shuming_1205_00000024,shuming_1205_00000024.png,shuming_1205_00000024.png,shuming_1205_00000024.png,shuming_1205_00000024.txt,1080x1920x3,uint8,1080x1920x3,uint8,1080x1920,uint16,0,10559,0.048390721450617284,0.9516092785493827,0.0,0.0,0.0002498070987654321,0.6927465895811716,13,
shuming_1222_00000138,shuming_1222_00000138.png,shuming_1222_00000138.png,shuming_1222_00000138.png,shuming_1222_00000138.txt,1080x1920x3,uint8,1080x1920x3,uint8,1080x1920,uint16,0,10007,0.07139853395061728,0.9286014660493828,0.0,0.0,0.0002724729938271605,0.6983262598514557,13,
shuming_1225_00000044,shuming_1225_00000044.png,shuming_1225_00000044.png,shuming_1225_00000044.png,shuming_1225_00000044.txt,1080x1920x3,uint8,1080x1920x3,uint8,1080x1920,uint16,0,10883,0.07656635802469136,0.9234336419753086,0.0,0.0,0.0003771219135802469,0.75173353155454,12,
shuming_1239_00000375,shuming_1239_00000375.png,shuming_1239_00000375.png,shuming_1239_00000375.png,shuming_1239_00000375.txt,1080x1920x3,uint8,1080x1920x3,uint8,1080x1920,uint16,0,10126,0.0714477237654321,0.9285522762345679,0.0,0.0,0.000269579475308642,0.7568608721097311,12,
shuming_1242_00000015,shuming_1242_00000015.png,shuming_1242_00000015.png,shuming_1242_00000015.png,shuming_1242_00000015.txt,1080x1920x3,uint8,1080x1920x3,uint8,1080x1920,uint16,0,10045,0.08004002700617284,0.9199599729938271,0.0,0.0,0.0001552854938271605,0.7740296920140585,11,
shuming_1243_00000132,shuming_1243_00000132.png,shuming_1243_00000132.png,shuming_1243_00000132.png,shuming_1243_00000132.txt,1080x1920x3,uint8,1080x1920x3,uint8,1080x1920,uint16,0,11449,0.08231963734567901,0.917680362654321,0.0,0.0,0.0001716820987654321,0.7667277654012045,11,
shuming_1249_00000249,shuming_1249_00000249.png,shuming_1249_00000249.png,shuming_1249_00000249.png,shuming_1249_00000249.txt,1080x1920x3,uint8,1080x1920x3,uint8,1080x1920,uint16,0,11354,0.09281346450617284,0.9071865354938271,0.0,0.0,0.00015817901234567902,0.818572203318278,12,
shuming_1251_00000203,shuming_1251_00000203.png,shuming_1251_00000203.png,shuming_1251_00000203.png,shuming_1251_00000203.txt,1080x1920x3,uint8,1080x1920x3,uint8,1080x1920,uint16,0,10246,0.09637972608024692,0.9036202739197531,0.0,0.0,0.00018132716049382717,0.7923054695129395,10,
shuming_1252_00000115,shuming_1252_00000115.png,shuming_1252_00000115.png,shuming_1252_00000115.png,shuming_1252_00000115.txt,1080x1920x3,uint8,1080x1920x3,uint8,1080x1920,uint16,0,11078,0.0928785686728395,0.9071214313271605,0.0,0.0,0.00016830632716049383,0.8336339195569357,11,
shuming_1253_00000257,shuming_1253_00000257.png,shuming_1253_00000257.png,shuming_1253_00000257.png,shuming_1253_00000257.txt,1080x1920x3,uint8,1080x1920x3,uint8,1080x1920,uint16,0,11457,0.09132474922839506,0.9086752507716049,0.0,0.0,0.0002300347222222222,0.7865908145904541,13,
shuming_1254_00000065,shuming_1254_00000065.png,shuming_1254_00000065.png,shuming_1254_00000065.png,shuming_1254_00000065.txt,1080x1920x3,uint8,1080x1920x3,uint8,1080x1920,uint16,0,13480,0.09899450231481481,0.9010054976851852,0.0,0.0,0.0002671682098765432,0.7760976155598959,13,
shuming_1256_00000326,shuming_1256_00000326.png,shuming_1256_00000326.png,shuming_1256_00000326.png,shuming_1256_00000326.txt,1080x1920x3,uint8,1080x1920x3,uint8,1080x1920,uint16,0,9833,0.10212962962962963,0.8978703703703703,0.0,0.0,0.00020929783950617283,0.7825122276941935,13,
shuming_1258_00000407,shuming_1258_00000407.png,shuming_1258_00000407.png,shuming_1258_00000407.png,shuming_1258_00000407.txt,1080x1920x3,uint8,1080x1920x3,uint8,1080x1920,uint16,0,14743,0.07135561342592593,0.9286443865740741,0.0,0.0,5.401234567901235e-05,0.8741297125816345,13,
shuming_1259_00000405,shuming_1259_00000405.png,shuming_1259_00000405.png,shuming_1259_00000405.png,shuming_1259_00000405.txt,1080x1920x3,uint8,1080x1920x3,uint8,1080x1920,uint16,0,15672,0.06613908179012346,0.9338609182098765,0.0,0.0,3.3275462962962965e-05,0.8927517135938009,13,
shuming_1265_00000063,shuming_1265_00000063.png,shuming_1265_00000063.png,shuming_1265_00000063.png,shuming_1265_00000063.txt,1080x1920x3,uint8,1080x1920x3,uint8,1080x1920,uint16,0,18897,0.07016927083333334,0.9298307291666666,0.0,0.0,5.111882716049383e-05,0.8754086295763651,13,
shuming_1268_00000236,shuming_1268_00000236.png,shuming_1268_00000236.png,shuming_1268_00000236.png,shuming_1268_00000236.txt,1080x1920x3,uint8,1080x1920x3,uint8,1080x1920,uint16,0,12590,0.08062548225308643,0.9193745177469136,0.0,0.0,6.26929012345679e-05,0.8605941534042358,13,
shuming_1279_00000416,shuming_1279_00000416.png,shuming_1279_00000416.png,shuming_1279_00000416.png,shuming_1279_00000416.txt,1080x1920x3,uint8,1080x1920x3,uint8,1080x1920,uint16,0,19998,0.07468846450617284,0.9253115354938272,0.0,0.0,0.00010079089506172839,0.9867438077926636,13,
shuming_1282_00000093,shuming_1282_00000093.png,shuming_1282_00000093.png,shuming_1282_00000093.png,shuming_1282_00000093.txt,1080x1920x3,uint8,1080x1920x3,uint8,1080x1920,uint16,0,15310,0.08418836805555556,0.9158116319444445,0.0,0.0,0.00011429398148148148,0.9991174538930258,13,
shuming_1285_00000032,shuming_1285_00000032.png,shuming_1285_00000032.png,shuming_1285_00000032.png,shuming_1285_00000032.txt,1080x1920x3,uint8,1080x1920x3,uint8,1080x1920,uint16,0,16269,0.06212770061728395,0.9378722993827161,0.0,0.0,2.845293209876543e-05,0.9426192839940389,11,
shuming_1290_00000136,shuming_1290_00000136.png,shuming_1290_00000136.png,shuming_1290_00000136.png,shuming_1290_00000136.txt,1080x1920x3,uint8,1080x1920x3,uint8,1080x1920,uint16,0,16442,0.061869212962962966,0.938130787037037,0.0,0.0,7.474922839506173e-05,0.8958818912506104,15,
shuming_1291_00000090,shuming_1291_00000090.png,shuming_1291_00000090.png,shuming_1291_00000090.png,shuming_1291_00000090.txt,1080x1920x3,uint8,1080x1920x3,uint8,1080x1920,uint16,0,15062,0.07048032407407408,0.9295196759259259,0.0,0.0,1.9290123456790124e-06,0.9217058817545573,13,
shuming_1293_00000193,shuming_1293_00000193.png,shuming_1293_00000193.png,shuming_1293_00000193.png,shuming_1293_00000193.txt,1080x1920x3,uint8,1080x1920x3,uint8,1080x1920,uint16,0,19892,0.058745659722222225,0.9412543402777778,0.0,0.0,0.00014274691358024693,1.0567615032196045,13,
shuming_1294_00000189,shuming_1294_00000189.png,shuming_1294_00000189.png,shuming_1294_00000189.png,shuming_1294_00000189.txt,1080x1920x3,uint8,1080x1920x3,uint8,1080x1920,uint16,0,11573,0.06386332947530864,0.9361366705246914,0.0,0.0,8.969907407407407e-05,1.061056117216746,13,
shuming_1297_00000063,shuming_1297_00000063.png,shuming_1297_00000063.png,shuming_1297_00000063.png,shuming_1297_00000063.txt,1080x1920x3,uint8,1080x1920x3,uint8,1080x1920,uint16,0,4730,0.04495225694444444,0.9550477430555555,0.0,0.0,0.0,1.4441265265146892,1,
shuming_1299_00000258,shuming_1299_00000258.png,shuming_1299_00000258.png,shuming_1299_00000258.png,shuming_1299_00000258.txt,1080x1920x3,uint8,1080x1920x3,uint8,1080x1920,uint16,0,4759,0.03616512345679012,0.9638348765432099,0.0,0.0,0.0,1.4150575200716655,1,
shuming_1301_00000165,shuming_1301_00000165.png,shuming_1301_00000165.png,shuming_1301_00000165.png,shuming_1301_00000165.txt,1080x1920x3,uint8,1080x1920x3,uint8,1080x1920,uint16,0,4708,0.043900945216049383,0.9560990547839506,0.0,0.0,0.0,1.5794418454170227,2,
shuming_1302_00000029,shuming_1302_00000029.png,shuming_1302_00000029.png,shuming_1302_00000029.png,shuming_1302_00000029.txt,1080x1920x3,uint8,1080x1920x3,uint8,1080x1920,uint16,0,4839,0.042159529320987654,0.9578404706790123,0.0,0.0,0.0,1.5504330396652222,2,
shuming_1306_00000306,shuming_1306_00000306.png,shuming_1306_00000306.png,shuming_1306_00000306.png,shuming_1306_00000306.txt,1080x1920x3,uint8,1080x1920x3,uint8,1080x1920,uint16,0,4773,0.04267071759259259,0.9573292824074074,0.0,0.0,0.00018036265432098766,1.5688255429267883,2,
shuming_1311_00000362,shuming_1311_00000362.png,shuming_1311_00000362.png,shuming_1311_00000362.png,shuming_1311_00000362.txt,1080x1920x3,uint8,1080x1920x3,uint8,1080x1920,uint16,0,5952,0.03419560185185185,0.9658043981481481,0.0,0.0,5.690586419753086e-05,1.6378037929534912,2,
shuming_1317_00000431,shuming_1317_00000431.png,shuming_1317_00000431.png,shuming_1317_00000431.png,shuming_1317_00000431.txt,1080x1920x3,uint8,1080x1920x3,uint8,1080x1920,uint16,0,13265,0.05607590663580247,0.9439240933641976,0.0,0.0,8.198302469135803e-06,0.7200382550557455,12,
shuming_1318_00000225,shuming_1318_00000225.png,shuming_1318_00000225.png,shuming_1318_00000225.png,shuming_1318_00000225.txt,1080x1920x3,uint8,1080x1920x3,uint8,1080x1920,uint16,0,12531,0.05208670910493827,0.9479132908950617,0.0,0.0,8.680555555555556e-06,0.7126562396685282,12,
shuming_1320_00000293,shuming_1320_00000293.png,shuming_1320_00000293.png,shuming_1320_00000293.png,shuming_1320_00000293.txt,1080x1920x3,uint8,1080x1920x3,uint8,1080x1920,uint16,0,12396,0.05525559413580247,0.9447444058641975,0.0,0.0,9.645061728395062e-07,0.7517589628696442,12,
shuming_1327_00000141,shuming_1327_00000141.png,shuming_1327_00000141.png,shuming_1327_00000141.png,shuming_1327_00000141.txt,1080x1920x3,uint8,1080x1920x3,uint8,1080x1920,uint16,0,12351,0.05119405864197531,0.9488059413580247,0.0,0.0,9.645061728395062e-07,0.7505780458450317,12,
shuming_1333_00000220,shuming_1333_00000220.png,shuming_1333_00000220.png,shuming_1333_00000220.png,shuming_1333_00000220.txt,1080x1920x3,uint8,1080x1920x3,uint8,1080x1920,uint16,0,12452,0.06409143518518519,0.9359085648148148,0.0,0.0,7.2337962962962966e-06,0.7828719615936279,11,
shuming_1335_00000255,shuming_1335_00000255.png,shuming_1335_00000255.png,shuming_1335_00000255.png,shuming_1335_00000255.txt,1080x1920x3,uint8,1080x1920x3,uint8,1080x1920,uint16,0,11477,0.0803004436728395,0.9196995563271605,0.0,0.0,5.787037037037037e-06,0.7801041603088379,12,
shuming_1337_00000068,shuming_1337_00000068.png,shuming_1337_00000068.png,shuming_1337_00000068.png,shuming_1337_00000068.txt,1080x1920x3,uint8,1080x1920x3,uint8,1080x1920,uint16,0,10605,0.0801292438271605,0.9198707561728395,0.0,0.0,2.4594907407407408e-05,0.7822704513867696,10,
shuming_1338_00000245,shuming_1338_00000245.png,shuming_1338_00000245.png,shuming_1338_00000245.png,shuming_1338_00000245.txt,1080x1920x3,uint8,1080x1920x3,uint8,1080x1920,uint16,0,10195,0.0941285686728395,0.9058714313271605,0.0,0.0,2.652391975308642e-05,0.8063310186068217,10,
shuming_1339_00000274,shuming_1339_00000274.png,shuming_1339_00000274.png,shuming_1339_00000274.png,shuming_1339_00000274.txt,1080x1920x3,uint8,1080x1920x3,uint8,1080x1920,uint16,0,10260,0.08370032793209876,0.9162996720679012,0.0,0.0,2.797067901234568e-05,0.8014940023422241,10,
shuming_1340_00000022,shuming_1340_00000022.png,shuming_1340_00000022.png,shuming_1340_00000022.png,shuming_1340_00000022.txt,1080x1920x3,uint8,1080x1920x3,uint8,1080x1920,uint16,0,10298,0.08292582947530865,0.9170741705246913,0.0,0.0,2.0736882716049384e-05,0.8008992572625478,9,
shuming_1341_00000241,shuming_1341_00000241.png,shuming_1341_00000241.png,shuming_1341_00000241.png,shuming_1341_00000241.txt,1080x1920x3,uint8,1080x1920x3,uint8,1080x1920,uint16,0,10268,0.07406780478395061,0.9259321952160494,0.0,0.0,2.4112654320987653e-05,0.8283024728298187,11,
shuming_1342_00000278,shuming_1342_00000278.png,shuming_1342_00000278.png,shuming_1342_00000278.png,shuming_1342_00000278.txt,1080x1920x3,uint8,1080x1920x3,uint8,1080x1920,uint16,0,10378,0.08765335648148148,0.9123466435185185,0.0,0.0,2.0736882716049384e-05,0.8268553912639618,11,
shuming_1344_00000167,shuming_1344_00000167.png,shuming_1344_00000167.png,shuming_1344_00000167.png,shuming_1344_00000167.txt,1080x1920x3,uint8,1080x1920x3,uint8,1080x1920,uint16,0,10256,0.07618103780864198,0.9238189621913581,0.0,0.0,2.507716049382716e-05,0.827251801888148,11,
